redistricting_cycle,office,city_town,ward,precinct,districts
2021,State Representative,Brookline,-,1,10th Suffolk; 15th Norfolk
2021,State Representative,Charlton,-,1,6th Worcester; 7th Worcester
2021,State Representative,East Bridgewater,-,1,7th Plymouth; 9th Plymouth
2021,State Representative,Framingham,-,1,19th Worcester; 6th Middlesex
2021,State Representative,Granby,-,1,2nd Hampshire; 3rd Hampshire
2021,State Representative,Halifax,-,1,12th Plymouth; 6th Plymouth
2021,State Representative,Leicester,-,1,5th Worcester; 7th Worcester
2021,State Representative,Lexington,-,1,15th Middlesex; 21st Middlesex
2021,State Representative,Lincoln,-,1,13th Middlesex; 14th Norfolk
2021,State Representative,Middleton,-,1,13th Essex; 20th Middlesex
2021,State Representative,Northborough,-,1,12th Worcester; 19th Worcester
2021,State Representative,Norwell,-,1,4th Plymouth; 5th Plymouth
2021,State Representative,Pembroke,-,1,12th Plymouth; 6th Plymouth
2021,State Representative,Topsfield,-,1,13th Essex; 2nd Essex
2021,State Representative,Walpole,-,1,11th Norfolk; 12th Norfolk; 9th Norfolk
2021,State Representative,Wenham,-,1,13th Essex; 6th Essex
2021,State Representative,Westborough,-,1,11th Worcester; 19th Worcester
2021,State Representative,Winchester,-,1,15th Middlesex; 31st Middlesex
2011,State Senate,Adams,-,1,"Berkshire, Hampshire and Franklin; Berkshire, Hampshire, Franklin & Hampden"
2011,State Senate,Adams,-,2,"Berkshire, Hampshire and Franklin; Berkshire, Hampshire, Franklin & Hampden"
2011,State Senate,Adams,-,3,"Berkshire, Hampshire and Franklin; Berkshire, Hampshire, Franklin & Hampden"
2011,State Senate,Adams,-,4,"Berkshire, Hampshire and Franklin; Berkshire, Hampshire, Franklin & Hampden"
2011,State Senate,Adams,-,5,"Berkshire, Hampshire and Franklin; Berkshire, Hampshire, Franklin & Hampden"
2011,State Senate,Alford,-,1,"Berkshire, Hampshire and Franklin; Berkshire, Hampshire, Franklin & Hampden"
2011,State Senate,Ashfield,-,1,"Berkshire, Hampshire and Franklin; Berkshire, Hampshire, Franklin & Hampden"
2011,State Senate,Becket,-,1,"Berkshire, Hampshire and Franklin; Berkshire, Hampshire, Franklin & Hampden"
2011,State Senate,Blandford,-,1,"Berkshire, Hampshire and Franklin; Berkshire, Hampshire, Franklin & Hampden"
2011,State Senate,Buckland,-,1,"Berkshire, Hampshire and Franklin; Berkshire, Hampshire, Franklin & Hampden"
2011,State Senate,Cambridge,10,1,2nd Middlesex; 2nd Suffolk and Middlesex
2011,State Senate,Cambridge,10,3,2nd Middlesex; 2nd Suffolk and Middlesex
2011,State Senate,Cambridge,11,1,2nd Middlesex; 2nd Suffolk and Middlesex
2011,State Senate,Cambridge,11,2,2nd Middlesex; 2nd Suffolk and Middlesex
2011,State Senate,Cambridge,11,3,2nd Middlesex; 2nd Suffolk and Middlesex
2011,State Senate,Cambridge,9,2,2nd Middlesex; 2nd Suffolk and Middlesex
2011,State Senate,Cambridge,9,3,2nd Middlesex; 2nd Suffolk and Middlesex
2011,State Senate,Charlemont,-,1,"Berkshire, Hampshire and Franklin; Berkshire, Hampshire, Franklin & Hampden"
2011,State Senate,Cheshire,-,1,"Berkshire, Hampshire and Franklin; Berkshire, Hampshire, Franklin & Hampden"
2011,State Senate,Chester,-,1,"Berkshire, Hampshire and Franklin; Berkshire, Hampshire, Franklin & Hampden"
2011,State Senate,Chesterfield,-,1,"Berkshire, Hampshire and Franklin; Berkshire, Hampshire, Franklin & Hampden"
2011,State Senate,Clarksburg,-,1,"Berkshire, Hampshire and Franklin; Berkshire, Hampshire, Franklin & Hampden"
2011,State Senate,Conway,-,1,"Berkshire, Hampshire and Franklin; Berkshire, Hampshire, Franklin & Hampden"
2011,State Senate,Cummington,-,1,"Berkshire, Hampshire and Franklin; Berkshire, Hampshire, Franklin & Hampden"
2011,State Senate,Dalton,-,1,"Berkshire, Hampshire and Franklin; Berkshire, Hampshire, Franklin & Hampden"
2011,State Senate,Dalton,-,2,"Berkshire, Hampshire and Franklin; Berkshire, Hampshire, Franklin & Hampden"
2011,State Senate,Egremont,-,1,"Berkshire, Hampshire and Franklin; Berkshire, Hampshire, Franklin & Hampden"
2011,State Senate,Florida,-,1,"Berkshire, Hampshire and Franklin; Berkshire, Hampshire, Franklin & Hampden"
2011,State Senate,Goshen,-,1,"Berkshire, Hampshire and Franklin; Berkshire, Hampshire, Franklin & Hampden"
2011,State Senate,Great Barrington,-,A,"Berkshire, Hampshire and Franklin; Berkshire, Hampshire, Franklin & Hampden"
2011,State Senate,Great Barrington,-,B,"Berkshire, Hampshire and Franklin; Berkshire, Hampshire, Franklin & Hampden"
2011,State Senate,Great Barrington,-,C,"Berkshire, Hampshire and Franklin; Berkshire, Hampshire, Franklin & Hampden"
2011,State Senate,Great Barrington,-,D,"Berkshire, Hampshire and Franklin; Berkshire, Hampshire, Franklin & Hampden"
2011,State Senate,Hancock,-,1,"Berkshire, Hampshire and Franklin; Berkshire, Hampshire, Franklin & Hampden"
2011,State Senate,Hawley,-,1,"Berkshire, Hampshire and Franklin; Berkshire, Hampshire, Franklin & Hampden"
2011,State Senate,Heath,-,1,"Berkshire, Hampshire and Franklin; Berkshire, Hampshire, Franklin & Hampden"
2011,State Senate,Hinsdale,-,1,"Berkshire, Hampshire and Franklin; Berkshire, Hampshire, Franklin & Hampden"
2011,State Senate,Huntington,-,1,"Berkshire, Hampshire and Franklin; Berkshire, Hampshire, Franklin & Hampden"
2011,State Senate,Lanesborough,-,1,"Berkshire, Hampshire and Franklin; Berkshire, Hampshire, Franklin & Hampden"
2011,State Senate,Lee,-,1,"Berkshire, Hampshire and Franklin; Berkshire, Hampshire, Franklin & Hampden"
2011,State Senate,Lenox,-,1,"Berkshire, Hampshire and Franklin; Berkshire, Hampshire, Franklin & Hampden"
2011,State Senate,Middlefield,-,1,"Berkshire, Hampshire and Franklin; Berkshire, Hampshire, Franklin & Hampden"
2011,State Senate,Monroe,-,1,"Berkshire, Hampshire and Franklin; Berkshire, Hampshire, Franklin & Hampden"
2011,State Senate,Monterey,-,1,"Berkshire, Hampshire and Franklin; Berkshire, Hampshire, Franklin & Hampden"
2011,State Senate,Mount Washington,-,1,"Berkshire, Hampshire and Franklin; Berkshire, Hampshire, Franklin & Hampden"
2011,State Senate,New Ashford,-,1,"Berkshire, Hampshire and Franklin; Berkshire, Hampshire, Franklin & Hampden"
2011,State Senate,New Marlborough,-,1,"Berkshire, Hampshire and Franklin; Berkshire, Hampshire, Franklin & Hampden"
2011,State Senate,North Adams,1,1,"Berkshire, Hampshire and Franklin; Berkshire, Hampshire, Franklin & Hampden"
2011,State Senate,North Adams,2,2,"Berkshire, Hampshire and Franklin; Berkshire, Hampshire, Franklin & Hampden"
2011,State Senate,North Adams,3,3,"Berkshire, Hampshire and Franklin; Berkshire, Hampshire, Franklin & Hampden"
2011,State Senate,North Adams,4,4,"Berkshire, Hampshire and Franklin; Berkshire, Hampshire, Franklin & Hampden"
2011,State Senate,North Adams,5,5,"Berkshire, Hampshire and Franklin; Berkshire, Hampshire, Franklin & Hampden"
2011,State Senate,Otis,-,1,"Berkshire, Hampshire and Franklin; Berkshire, Hampshire, Franklin & Hampden"
2011,State Senate,Peru,-,1,"Berkshire, Hampshire and Franklin; Berkshire, Hampshire, Franklin & Hampden"
2011,State Senate,Pittsfield,1,A,"Berkshire, Hampshire and Franklin; Berkshire, Hampshire, Franklin & Hampden"
2011,State Senate,Pittsfield,1,B,"Berkshire, Hampshire and Franklin; Berkshire, Hampshire, Franklin & Hampden"
2011,State Senate,Pittsfield,2,A,"Berkshire, Hampshire and Franklin; Berkshire, Hampshire, Franklin & Hampden"
2011,State Senate,Pittsfield,2,B,"Berkshire, Hampshire and Franklin; Berkshire, Hampshire, Franklin & Hampden"
2011,State Senate,Pittsfield,3,A,"Berkshire, Hampshire and Franklin; Berkshire, Hampshire, Franklin & Hampden"
2011,State Senate,Pittsfield,3,B,"Berkshire, Hampshire and Franklin; Berkshire, Hampshire, Franklin & Hampden"
2011,State Senate,Pittsfield,4,A,"Berkshire, Hampshire and Franklin; Berkshire, Hampshire, Franklin & Hampden"
2011,State Senate,Pittsfield,4,B,"Berkshire, Hampshire and Franklin; Berkshire, Hampshire, Franklin & Hampden"
2011,State Senate,Pittsfield,5,A,"Berkshire, Hampshire and Franklin; Berkshire, Hampshire, Franklin & Hampden"
2011,State Senate,Pittsfield,5,B,"Berkshire, Hampshire and Franklin; Berkshire, Hampshire, Franklin & Hampden"
2011,State Senate,Pittsfield,6,A,"Berkshire, Hampshire and Franklin; Berkshire, Hampshire, Franklin & Hampden"
2011,State Senate,Pittsfield,6,B,"Berkshire, Hampshire and Franklin; Berkshire, Hampshire, Franklin & Hampden"
2011,State Senate,Pittsfield,7,A,"Berkshire, Hampshire and Franklin; Berkshire, Hampshire, Franklin & Hampden"
2011,State Senate,Pittsfield,7,B,"Berkshire, Hampshire and Franklin; Berkshire, Hampshire, Franklin & Hampden"
2011,State Senate,Plainfield,-,1,"Berkshire, Hampshire and Franklin; Berkshire, Hampshire, Franklin & Hampden"
2011,State Senate,Richmond,-,1,"Berkshire, Hampshire and Franklin; Berkshire, Hampshire, Franklin & Hampden"
2011,State Senate,Rowe,-,1,"Berkshire, Hampshire and Franklin; Berkshire, Hampshire, Franklin & Hampden"
2011,State Senate,Sandisfield,-,1,"Berkshire, Hampshire and Franklin; Berkshire, Hampshire, Franklin & Hampden"
2011,State Senate,Savoy,-,1,"Berkshire, Hampshire and Franklin; Berkshire, Hampshire, Franklin & Hampden"
2011,State Senate,Sheffield,-,1,"Berkshire, Hampshire and Franklin; Berkshire, Hampshire, Franklin & Hampden"
2011,State Senate,Shelburne,-,1,"Berkshire, Hampshire and Franklin; Berkshire, Hampshire, Franklin & Hampden"
2011,State Senate,Stockbridge,-,1,"Berkshire, Hampshire and Franklin; Berkshire, Hampshire, Franklin & Hampden"
2011,State Senate,Tyringham,-,1,"Berkshire, Hampshire and Franklin; Berkshire, Hampshire, Franklin & Hampden"
2011,State Senate,Washington,-,1,"Berkshire, Hampshire and Franklin; Berkshire, Hampshire, Franklin & Hampden"
2011,State Senate,West Stockbridge,-,1,"Berkshire, Hampshire and Franklin; Berkshire, Hampshire, Franklin & Hampden"
2011,State Senate,Westhampton,-,1,"Berkshire, Hampshire and Franklin; Berkshire, Hampshire, Franklin & Hampden"
2011,State Senate,Williamsburg,-,1,"Berkshire, Hampshire and Franklin; Berkshire, Hampshire, Franklin & Hampden"
2011,State Senate,Williamstown,-,1,"Berkshire, Hampshire and Franklin; Berkshire, Hampshire, Franklin & Hampden"
2011,State Senate,Williamstown,-,2,"Berkshire, Hampshire and Franklin; Berkshire, Hampshire, Franklin & Hampden"
2011,State Senate,Williamstown,-,3,"Berkshire, Hampshire and Franklin; Berkshire, Hampshire, Franklin & Hampden"
2011,State Senate,Windsor,-,1,"Berkshire, Hampshire and Franklin; Berkshire, Hampshire, Franklin & Hampden"
2011,State Senate,Worthington,-,1,"Berkshire, Hampshire and Franklin; Berkshire, Hampshire, Franklin & Hampden"
2021,State Senate,Boston,1,1,1st Suffolk and Middlesex; 3rd Suffolk
2021,State Senate,Boston,1,10,1st Suffolk and Middlesex; 3rd Suffolk
2021,State Senate,Boston,1,11,1st Suffolk and Middlesex; 3rd Suffolk
2021,State Senate,Boston,1,12,1st Suffolk and Middlesex; 3rd Suffolk
2021,State Senate,Boston,1,13,1st Suffolk and Middlesex; 3rd Suffolk
2021,State Senate,Boston,1,14,1st Suffolk and Middlesex; 3rd Suffolk
2021,State Senate,Boston,1,2,1st Suffolk and Middlesex; 3rd Suffolk
2021,State Senate,Boston,1,3,1st Suffolk and Middlesex; 3rd Suffolk
2021,State Senate,Boston,1,4,1st Suffolk and Middlesex; 3rd Suffolk
2021,State Senate,Boston,1,5,1st Suffolk and Middlesex; 3rd Suffolk
2021,State Senate,Boston,1,6,1st Suffolk and Middlesex; 3rd Suffolk
2021,State Senate,Boston,1,7,1st Suffolk and Middlesex; 3rd Suffolk
2021,State Senate,Boston,1,8,1st Suffolk and Middlesex; 3rd Suffolk
2021,State Senate,Boston,1,9,1st Suffolk and Middlesex; 3rd Suffolk
2021,State Senate,Boston,3,1,1st Suffolk and Middlesex; 3rd Suffolk
2021,State Senate,Boston,3,2,1st Suffolk and Middlesex; 3rd Suffolk
2021,State Senate,Boston,3,3,1st Suffolk and Middlesex; 3rd Suffolk
2021,State Senate,Boston,3,4,1st Suffolk and Middlesex; 3rd Suffolk
2021,State Senate,Boston,3,6,1st Suffolk and Middlesex; 3rd Suffolk
2021,State Senate,Boston,3,8,1st Suffolk; 1st Suffolk and Middlesex
2021,State Senate,Boston,5,1,1st Suffolk; 1st Suffolk and Middlesex
2021,State Senate,Boston,5,11,1st Suffolk and Middlesex; 3rd Suffolk
2021,State Senate,Boston,5,3,1st Suffolk and Middlesex; 3rd Suffolk
2021,State Senate,Boston,5,4,1st Suffolk and Middlesex; 3rd Suffolk
2021,State Senate,Boston,5,5,1st Suffolk and Middlesex; 3rd Suffolk
2021,State Senate,Cambridge,2,2,1st Suffolk and Middlesex; Middlesex and Suffolk
2021,State Senate,Cambridge,2,3,1st Suffolk and Middlesex; Middlesex and Suffolk
2021,State Senate,Cambridge,4,1,1st Suffolk and Middlesex; Middlesex and Suffolk
2021,State Senate,Cambridge,4,3,1st Suffolk and Middlesex; Middlesex and Suffolk
2021,State Senate,Cambridge,5,1,1st Suffolk and Middlesex; Middlesex and Suffolk
2021,State Senate,Cambridge,5,2,1st Suffolk and Middlesex; Middlesex and Suffolk
2021,State Senate,Cambridge,5,3,1st Suffolk and Middlesex; Middlesex and Suffolk
2021,State Senate,Revere,1,1,1st Suffolk and Middlesex; 3rd Suffolk
2021,State Senate,Revere,1,2,1st Suffolk and Middlesex; 3rd Suffolk
2021,State Senate,Revere,1,3,1st Suffolk and Middlesex; 3rd Suffolk
2021,State Senate,Revere,2,1,1st Suffolk and Middlesex; 3rd Suffolk
2021,State Senate,Revere,2,2,1st Suffolk and Middlesex; 3rd Suffolk
2021,State Senate,Revere,2,3,1st Suffolk and Middlesex; 3rd Suffolk
2021,State Senate,Revere,2,3A,1st Suffolk and Middlesex; 3rd Suffolk
2021,State Senate,Revere,3,1,1st Suffolk and Middlesex; 3rd Suffolk
2021,State Senate,Revere,3,2,1st Suffolk and Middlesex; 3rd Suffolk
2021,State Senate,Revere,3,3,1st Suffolk and Middlesex; 3rd Suffolk
2021,State Senate,Revere,4,1,1st Suffolk and Middlesex; 3rd Suffolk
2021,State Senate,Revere,4,2,1st Suffolk and Middlesex; 3rd Suffolk
2021,State Senate,Revere,4,3,1st Suffolk and Middlesex; 3rd Suffolk
2021,State Senate,Revere,5,1,1st Suffolk and Middlesex; 3rd Suffolk
2021,State Senate,Revere,5,1A,1st Suffolk and Middlesex; 3rd Suffolk
2021,State Senate,Revere,5,2,1st Suffolk and Middlesex; 3rd Suffolk
2021,State Senate,Revere,5,3,1st Suffolk and Middlesex; 3rd Suffolk
2021,State Senate,Revere,6,1,1st Suffolk and Middlesex; 3rd Suffolk
2021,State Senate,Revere,6,2,1st Suffolk and Middlesex; 3rd Suffolk
2021,State Senate,Revere,6,3,1st Suffolk and Middlesex; 3rd Suffolk
2021,State Senate,Winthrop,-,1,1st Suffolk and Middlesex; 3rd Suffolk
2021,State Senate,Winthrop,-,2,1st Suffolk and Middlesex; 3rd Suffolk
2021,State Senate,Winthrop,-,3,1st Suffolk and Middlesex; 3rd Suffolk
2021,State Senate,Winthrop,-,4,1st Suffolk and Middlesex; 3rd Suffolk
2021,State Senate,Winthrop,-,5,1st Suffolk and Middlesex; 3rd Suffolk
2021,State Senate,Winthrop,-,6,1st Suffolk and Middlesex; 3rd Suffolk
