election_id,election_year,office,district_display,dem_margin,dem_margin_two_party,response_shift
126287,2014,State Representative,16th Essex,5.717215741571591,60.13100436681222,54.41378862524063
112857,2012,State Representative,26th Middlesex,43.24188586854165,82.86769024247,39.625804373928354
112755,2012,State Representative,24th Middlesex,35.19268392556532,47.91874012060184,12.72605619503652
124862,2014,State Representative,9th Norfolk,-43.08865586272641,-54.5016077170418,-11.412951854315388
145846,2021,State Representative,19th Suffolk,49.607982893799,60.03430531732419,10.426322423525193
112909,2012,State Representative,5th Hampden,40.35680152914941,49.655064283474445,9.298262754325037
165444,2024,State Representative,9th Plymouth,24.23434194794445,28.72247656420318,4.48813461625873
105741,2010,State Representative,2nd Norfolk,20.016963528413918,23.873459628471583,3.856496100057665
165551,2024,State Representative,9th Middlesex,52.04991087344028,55.718746386029835,3.6688355125895526
105693,2010,State Representative,1st Worcester,-26.6206313416009,-29.85617196143512,-3.235540619834218
112737,2012,State Senate,1st Essex,12.298359125707869,15.463296278088773,3.1649371523809045
112957,2012,State Representative,14th Worcester,31.18478730629129,34.181498274345266,2.996710968053975
105599,2010,State Representative,22nd Middlesex,-16.519275943070333,-19.252757871004107,-2.7334819279337736
165401,2024,State Representative,6th Essex,47.29903261707046,49.89614377314188,2.5971111560714206
105558,2010,State Representative,2nd Berkshire,19.993351063829788,22.519284056017376,2.525932992187588
105533,2010,State Representative,3rd Hampshire,58.854515850972135,61.27231030012963,2.4177944491574976
105749,2010,State Representative,31st Middlesex,17.004780226186313,19.416894095719897,2.4121138695335844
160911,2024,State Representative,6th Worcester,-96.00772698003864,-98.32930314354803,-2.321576163509391
131716,2018,State Representative,4th Plymouth,23.16008316008316,25.455745696440356,2.295662536357195
105598,2010,State Senate,2nd Essex,30.03600404838147,32.30313520458236,2.2671311562008896
105497,2010,State Senate,Norfolk and Plymouth,21.222726934246776,23.474178403755868,2.2514514695090924
105754,2010,State Representative,4th Norfolk,30.583783026140583,32.66467065868264,2.080887632542055
105735,2010,State Representative,13th Worcester,20.3551912568306,22.434424280846343,2.0792330240157426
105665,2010,State Representative,36th Middlesex,17.885965487828887,19.947314503146497,2.06134901531761
105700,2010,State Representative,16th Essex,67.59275237273512,69.53665897390378,1.9439066011686634
140904,2020,State Representative,13th Essex,9.117466174661748,10.978431917060076,1.860965742398328
105666,2010,State Senate,1st Middlesex,18.23631277474358,20.09098914000587,1.8546763652622893
140937,2020,State Representative,4th Norfolk,34.3667913714877,36.16148079902843,1.7946894275407317
130252,2016,State Senate,Middlesex and Worcester,33.29599519608296,34.92242287707569,1.6264276809927267
105723,2010,State Representative,15th Essex,14.282539447366476,15.87092525518604,1.588385807819563
130299,2016,State Representative,7th Middlesex,28.678038379530918,30.165405102326886,1.4873667227959686
165550,2024,State Representative,19th Middlesex,13.741673300096357,15.018315018315018,1.2766417182186611
140989,2020,State Representative,4th Hampden,-8.073852295409184,-9.334256374754817,-1.2604040793456335
131706,2018,State Representative,9th Essex,-28.128000000000004,-29.267480577136517,-1.1394805771365135
126178,2014,State Representative,8th Worcester,-25.15955903684364,-26.294246949139694,-1.1346879122960551
124796,2013,State Senate,1st Suffolk,67.06996317727511,68.17452678857876,1.1045636113036466
127018,2016,State Representative,12th Essex,20.181259103414796,21.16788321167883,0.986624108264035
126218,2014,State Senate,Plymouth and Barnstable,-25.88413903316021,-26.85936023083429,-0.975221197674081
105649,2010,State Representative,4th Barnstable,28.815494952263492,29.729474974078613,0.9139800218151208
130250,2016,State Representative,14th Middlesex,23.90164600690916,24.72982633194567,0.8281803250365094
140841,2020,State Representative,12th Worcester,16.670054062842972,17.45032126292498,0.7802672000820081
105660,2010,State Representative,9th Bristol,12.881554917818944,13.623508312064564,0.7419533942456198
131740,2018,State Representative,31st Middlesex,21.953671128980673,22.67044114177872,0.7167700127980474
131514,2018,State Senate,Middlesex and Worcester,32.41572961676048,33.10288841752429,0.687158800763811
154413,2022,State Senate,Bristol and Norfolk,20.558028570597305,21.227506233664794,0.6694776630674895
105538,2010,State Senate,2nd Essex and Middlesex,11.379259909316952,12.015709116582826,0.6364492072658745
124793,2013,State Representative,12th Essex,-1.3675533907830661,-1.982079826228618,-0.6145264354455517
105553,2010,State Representative,2nd Worcester,-3.081168084617153,-3.6873968079251513,-0.6062287233079982
105657,2010,State Representative,3rd Plymouth,23.578611487139824,24.183071354192492,0.6044598670526682
165317,2024,State Representative,8th Bristol,1.1790215476351784,1.77153329260843,0.5925117449732515
126304,2014,State Representative,4th Middlesex,7.26051994691233,7.84545301164164,0.5849330647293094
165352,2024,State Senate,Cape and Islands,24.280809643281582,24.865496624134302,0.5846869808527195
105564,2010,State Representative,2nd Franklin,10.188362693510255,10.736097717775635,0.5477350242653802
130509,2017,State Senate,Worcester and Middlesex,-4.317006194520722,-4.8619102416570765,-0.5449040471363542
126355,2015,State Senate,2nd Plymouth and Bristol,16.416907200189794,16.84928171414658,0.4323745139567876
131741,2018,State Representative,19th Middlesex,4.776213822552583,5.206896551724138,0.43068272917155515
131598,2018,State Representative,22nd Middlesex,-23.009708737864077,-23.436681984759467,-0.42697324689538974
154526,2022,State Representative,12th Plymouth,9.077425096410563,9.478575116159009,0.4011500197484459
130503,2017,State Senate,Bristol and Norfolk,3.9264885392648887,4.323799566873273,0.3973110276083842
131658,2018,State Senate,Plymouth and Norfolk,-6.656959603374202,-7.038347031731088,-0.3813874283568861
105566,2010,State Representative,2nd Bristol,-4.351204351204352,-4.685756786909632,-0.33455243570528026
140830,2020,State Representative,2nd Barnstable,8.26148823972545,8.587088915956151,0.3256006762307013
131558,2018,State Representative,2nd Worcester,10.493950939108348,10.799284633374604,0.3053336942662561
126177,2014,State Senate,1st Hampden and Hampshire,5.7128014044641855,6.003727620159271,0.2909262156950856
126238,2014,State Representative,2nd Middlesex,8.421652421652425,8.66963866729235,0.24798624563992533
154474,2022,State Representative,1st Barnstable,8.86646629454702,9.039968480497308,0.1735021859502872
105522,2010,State Representative,3rd Hampden,-0.6403554626241481,-0.8117958913187541,-0.17144042869460596
105765,2011,State Representative,6th Worcester,-0.7052896725440794,-0.8492569002123143,-0.1439672276682349
112772,2012,State Representative,2nd Franklin,1.0758560428157926,1.2015858493443121,0.1257298065285195
126137,2014,State Senate,Cape and Islands,25.33567307436654,25.45750848227405,0.12183540790751124
126228,2014,State Representative,10th Plymouth,4.023552502453382,4.131171567280388,0.10761906482700656
165398,2024,State Senate,Third Bristol & Plymouth,-1.7326811127193587,-1.8239651222279065,-0.09128400950854787
126122,2014,State Representative,1st Essex,-0.06025548324897767,-0.07170514842965725,-0.01144966518067958
154401,2022,State Representative,1st Middlesex,0.03520064366890896,0.03721226941683058,0.0020116257479216235
112920,2012,State Representative,10th Essex,65.98145285935084,65.98145285935085,1.4210854715202004e-14
139531,2020,State Representative,32nd Middlesex,62.93622141997592,62.936221419975936,1.4210854715202004e-14
140929,2020,State Representative,10th Norfolk,92.47354366531499,92.473543665315,1.4210854715202004e-14
105623,2010,State Senate,"Middlesex, Suffolk and Essex",55.25470157509351,55.2547015750935,-1.4210854715202004e-14
112862,2012,State Representative,17th Middlesex,53.59016639184531,53.590166391845294,-1.4210854715202004e-14
112756,2012,State Representative,23rd Middlesex,62.69668670845594,62.69668670845593,-1.4210854715202004e-14
112931,2012,State Representative,34th Middlesex,68.42489505384195,68.42489505384194,-1.4210854715202004e-14
130342,2016,State Representative,5th Suffolk,68.69997668816536,68.69997668816535,-1.4210854715202004e-14
165530,2024,State Representative,11th Middlesex,62.54131829671399,62.541318296713975,-1.4210854715202004e-14
126215,2014,State Senate,2nd Suffolk,80.07738492328218,80.0773849232822,1.4210854715202004e-14
105621,2010,State Senate,1st Suffolk and Middlesex,50.20198683909651,50.20198683909653,1.4210854715202004e-14
105563,2010,State Senate,2nd Middlesex and Norfolk,18.541043878637936,18.541043878637943,7.105427357601002e-15
131537,2018,State Senate,1st Essex,32.6273308814059,32.627330881405896,-7.105427357601002e-15
130307,2016,State Representative,7th Worcester,-32.651874818331564,-32.65187481833156,7.105427357601002e-15
130327,2016,State Senate,1st Plymouth and Bristol,30.696272877713838,30.69627287771383,-7.105427357601002e-15
131629,2018,State Senate,Plymouth and Barnstable,-17.64002341145634,-17.640023411456347,-7.105427357601002e-15
130277,2016,State Senate,"Hampshire, Franklin and Worcester",63.49318844003464,63.49318844003465,7.105427357601002e-15
131713,2018,State Senate,5th Middlesex,34.06150463680695,34.061504636806944,-7.105427357601002e-15
112776,2012,State Representative,2nd Bristol,16.413628212791398,16.41362821279139,-7.105427357601002e-15
154370,2022,State Senate,Hampden and Hampshire,31.391768993948826,31.391768993948833,7.105427357601002e-15
140938,2020,State Representative,3rd Norfolk,36.903094973685484,36.90309497368548,-7.105427357601002e-15
165402,2024,State Senate,2nd Essex,33.70378040081912,33.70378040081913,7.105427357601002e-15
130294,2016,State Representative,1st Middlesex,-30.369339191717053,-30.36933919171706,-7.105427357601002e-15
105710,2010,State Senate,3rd Essex and Middlesex,35.065095329178746,35.06509532917875,7.105427357601002e-15
112948,2012,State Representative,19th Suffolk,55.25887774464624,55.25887774464625,7.105427357601002e-15
105672,2010,State Representative,12th Hampden,29.561051404894467,29.561051404894474,7.105427357601002e-15
140761,2020,State Representative,37th Middlesex,29.104953017996493,29.1049530179965,7.105427357601002e-15
124865,2014,State Representative,16th Suffolk,35.845824411134906,35.8458244111349,-7.105427357601002e-15
126336,2014,State Representative,13th Worcester,37.15688056716961,37.1568805671696,-7.105427357601002e-15
112929,2012,State Representative,4th Plymouth,36.80549664941894,36.80549664941895,7.105427357601002e-15
126229,2014,State Senate,2nd Plymouth and Bristol,32.96700821979506,32.96700821979507,7.105427357601002e-15
165388,2024,State Senate,Worcester & Hampshire,-16.834240794557466,-16.83424079455746,7.105427357601002e-15
112932,2012,State Representative,5th Middlesex,29.296278521879504,29.296278521879497,-7.105427357601002e-15
124833,2013,State Representative,16th Worcester,27.79097387173397,27.790973871733964,-7.105427357601002e-15
126268,2014,State Senate,1st Bristol and Plymouth,30.734256072747375,30.734256072747367,-7.105427357601002e-15
105511,2010,State Representative,11th Bristol,33.276547416240774,33.27654741624077,-7.105427357601002e-15
130448,2016,State Representative,4th Middlesex,19.294434098903366,19.294434098903373,7.105427357601002e-15
112769,2012,State Representative,7th Middlesex,42.236683879182294,42.23668387918229,-7.105427357601002e-15
140744,2020,State Representative,37th Middlesex,48.46153846153847,48.46153846153846,-7.105427357601002e-15
112757,2012,State Senate,4th Middlesex,36.313935123314295,36.3139351233143,7.105427357601002e-15
112878,2012,State Senate,1st Middlesex,42.36638146339891,42.366381463398916,7.105427357601002e-15
105730,2010,State Representative,10th Middlesex,47.53201055615286,47.53201055615287,7.105427357601002e-15
140817,2020,State Senate,"Norfolk, Bristol and Middlesex",19.49595328347506,19.495953283475053,-7.105427357601002e-15
140777,2020,State Senate,2nd Hampden and Hampshire,28.169050116401028,28.169050116401035,7.105427357601002e-15
126319,2014,State Representative,1st Plymouth,-20.42547637692509,-20.425476376925083,7.105427357601002e-15
105556,2010,State Senate,Worcester and Middlesex,17.848731709200422,17.848731709200415,-7.105427357601002e-15
105554,2010,State Senate,"Worcester, Hampden, Hampshire and Franklin",32.48864776611847,32.488647766118476,7.105427357601002e-15
130405,2016,State Representative,3rd Bristol,-17.299436918102252,-17.299436918102245,7.105427357601002e-15
131733,2018,State Representative,30th Middlesex,39.80716253443526,39.807162534435264,7.105427357601002e-15
126282,2014,State Representative,3rd Norfolk,32.2090549984807,32.20905499848071,7.105427357601002e-15
105575,2010,State Senate,"Norfolk, Bristol and Plymouth",25.848675458621422,25.84867545862143,7.105427357601002e-15
131690,2018,State Representative,14th Essex,28.919722497522304,28.919722497522297,-7.105427357601002e-15
112938,2012,State Representative,10th Middlesex,51.99071723837842,51.990717238378416,-7.105427357601002e-15
126305,2014,State Representative,4th Plymouth,17.307265052210624,17.307265052210617,-7.105427357601002e-15
126147,2014,State Representative,1st Middlesex,-28.58987603305785,-28.589876033057855,-7.105427357601002e-15
131697,2018,State Representative,10th Worcester,12.222286675561222,12.222286675561229,7.105427357601002e-15
105605,2010,State Representative,8th Suffolk,54.49850049983338,54.49850049983339,7.105427357601002e-15
131636,2018,State Representative,1st Hampden,-34.58804335159072,-34.58804335159073,-7.105427357601002e-15
105523,2010,State Senate,Hampden,21.878443672120035,21.878443672120028,-7.105427357601002e-15
126330,2014,State Representative,19th Middlesex,40.615625407590976,40.61562540759097,-7.105427357601002e-15
112800,2012,State Senate,2nd Suffolk and Middlesex,52.73308683921256,52.733086839212554,-7.105427357601002e-15
126090,2014,State Senate,Norfolk and Plymouth,32.12978873951278,32.12978873951279,7.105427357601002e-15
105721,2010,State Senate,2nd Middlesex,34.17148911891759,34.1714891189176,7.105427357601002e-15
154492,2022,State Representative,11th Suffolk,45.34248987497799,45.342489874977986,-7.105427357601002e-15
112708,2012,State Representative,14th Middlesex,30.802727072795257,30.80272707279525,-7.105427357601002e-15
154440,2022,State Senate,2nd Essex,35.43473273686626,35.43473273686625,-7.105427357601002e-15
126184,2014,State Senate,Worcester and Middlesex,20.86626423548448,20.866264235484472,-7.105427357601002e-15
105562,2010,State Representative,7th Middlesex,27.561661976493962,27.561661976493955,-7.105427357601002e-15
131693,2018,State Representative,3rd Norfolk,37.66283770775845,37.662837707758456,7.105427357601002e-15
154398,2022,State Representative,2nd Worcester,6.998813760379602,6.998813760379596,-6.217248937900877e-15
154357,2022,State Representative,8th Bristol,7.048150732728536,7.048150732728542,6.217248937900877e-15
131589,2018,State Senate,Worcester and Norfolk,-15.94547814798788,-15.945478147987885,-5.329070518200751e-15
131543,2018,State Representative,18th Essex,9.769411764705888,9.769411764705882,-5.329070518200751e-15
126278,2014,State Representative,15th Essex,14.736059479553898,14.736059479553903,5.329070518200751e-15
130361,2016,State Representative,3rd Barnstable,-5.911207183239103,-5.911207183239108,-5.329070518200751e-15
130420,2016,State Representative,5th Plymouth,-2.0886102229788595,-2.088610222978865,-5.329070518200751e-15
130284,2016,State Senate,Cape and Islands,13.885855890926013,13.885855890926008,-5.329070518200751e-15
131687,2018,State Representative,5th Plymouth,-3.474828208002334,-3.4748282080023394,-5.329070518200751e-15
126256,2014,State Representative,6th Plymouth,7.636406957350483,7.636406957350489,5.329070518200751e-15
127017,2016,State Representative,3rd Worcester,1.3734754422590978,1.3734754422590925,-5.329070518200751e-15
131639,2018,State Representative,10th Plymouth,12.881787330316746,12.88178733031674,-5.329070518200751e-15
140913,2020,State Representative,12th Plymouth,9.500534595998172,9.500534595998166,-5.329070518200751e-15
126244,2014,State Representative,6th Hampden,13.761980087466274,13.761980087466268,-5.329070518200751e-15
126279,2014,State Representative,14th Essex,9.8026423095743,9.802642309574294,-5.329070518200751e-15
130432,2016,State Representative,17th Worcester,-9.126821958861186,-9.126821958861191,-5.329070518200751e-15
112881,2012,State Representative,2nd Hampden,14.217129398976407,14.217129398976402,-5.329070518200751e-15
112913,2012,State Representative,4th Worcester,14.389960749626841,14.389960749626846,5.329070518200751e-15
165505,2024,State Representative,4th Worcester,15.004038772213251,15.004038772213246,-5.329070518200751e-15
140804,2020,State Senate,"Worcester, Hampden, Hampshire and Middlesex",5.668591931390571,5.668591931390566,-5.329070518200751e-15
154508,2022,State Representative,6th Plymouth,12.277300840025852,12.277300840025847,-5.329070518200751e-15
105595,2010,State Representative,4th Middlesex,-0.6763154335181876,-0.6763154335181929,-5.329070518200751e-15
154569,2022,State Representative,1st Plymouth,-15.511092584873332,-15.511092584873326,5.329070518200751e-15
105676,2010,State Representative,10th Bristol,14.49232056415466,14.492320564154666,5.329070518200751e-15
105634,2010,State Representative,8th Plymouth,-5.719640664383125,-5.719640664383119,5.329070518200751e-15
105656,2010,State Representative,6th Hampden,9.207033842070334,9.20703384207034,5.329070518200751e-15
105504,2010,State Representative,37th Middlesex,9.591412742382266,9.591412742382271,5.329070518200751e-15
112801,2012,State Representative,12th Bristol,-15.289883596693477,-15.289883596693471,5.329070518200751e-15
140829,2020,State Representative,1st Barnstable,-9.951439228657888,-9.951439228657893,-5.329070518200751e-15
112847,2012,State Representative,8th Plymouth,-4.642253521126766,-4.642253521126761,5.329070518200751e-15
112879,2012,State Representative,6th Plymouth,10.138636665633172,10.138636665633166,-5.329070518200751e-15
140846,2020,State Representative,22nd Middlesex,-10.630826470465276,-10.630826470465282,-5.329070518200751e-15
105640,2010,State Representative,10th Plymouth,12.292748283369615,12.29274828336962,5.329070518200751e-15
140803,2020,State Representative,2nd Worcester,14.260485651214132,14.260485651214127,-5.329070518200751e-15
126288,2014,State Representative,17th Worcester,-0.4607307403835803,-0.4607307403835852,-4.884981308350689e-15
154527,2022,State Representative,5th Plymouth,-3.4841768889805227,-3.484176888980518,4.884981308350689e-15
165493,2024,State Representative,12th Plymouth,6.27572016460905,6.275720164609054,4.440892098500626e-15
105582,2010,State Senate,Plymouth and Barnstable,4.872189381056491,4.872189381056495,4.440892098500626e-15
105590,2010,State Representative,18th Worcester,-5.13096113593936,-5.130961135939356,4.440892098500626e-15
124838,2013,State Senate,2nd Hampden and Hampshire,-5.266825387608148,-5.2668253876081526,-4.440892098500626e-15
112842,2012,State Representative,2nd Essex,-4.454342984409804,-4.4543429844097995,4.440892098500626e-15
105708,2010,State Representative,9th Essex,-2.188196309204132,-2.1881963092041365,-4.440892098500626e-15
131730,2018,State Representative,1st Plymouth,-4.602187846368855,-4.60218784636885,4.440892098500626e-15
124866,2014,State Senate,5th Middlesex,6.472004816375682,6.472004816375677,-4.440892098500626e-15
140875,2020,State Representative,2nd Essex,-2.573554508840198,-2.5735545088401937,4.440892098500626e-15
130483,2016,State Senate,Plymouth and Norfolk,-5.473622850480914,-5.4736228504809095,4.440892098500626e-15
154556,2022,State Representative,9th Norfolk,-1.7384585667374886,-1.7384585667374928,-4.218847493575595e-15
105722,2010,State Representative,32nd Middlesex,2.977349880349495,2.977349880349491,-3.9968028886505635e-15
140932,2020,State Representative,5th Plymouth,-1.3936084914665303,-1.3936084914665343,-3.9968028886505635e-15
105668,2010,State Representative,6th Plymouth,-2.761210514689644,-2.76121051468964,3.9968028886505635e-15
154427,2022,State Senate,Worcester & Hampshire,8.711603702623455,8.711603702623458,3.552713678800501e-15
154419,2022,State Senate,Second Plymouth & Norfolk,27.405957816916725,27.40595781691672,-3.552713678800501e-15
130322,2016,State Senate,1st Hampden and Hampshire,11.798470986339144,11.79847098633914,-3.552713678800501e-15
130267,2016,State Senate,2nd Hampden and Hampshire,-19.08209223287558,-19.082092232875578,3.552713678800501e-15
154433,2022,State Senate,"Norfolk, Worcester & Middlesex",9.7465452878381,9.746545287838103,3.552713678800501e-15
154342,2022,State Senate,Norfolk and Plymouth,27.320870624371125,27.32087062437113,3.552713678800501e-15
130439,2016,State Representative,9th Essex,-9.87183334047752,-9.871833340477517,3.552713678800501e-15
154431,2022,State Senate,"Hampden, Hampshire & Worcester",12.617968902870391,12.617968902870388,-3.552713678800501e-15
154402,2022,State Senate,Worcester and Middlesex,20.559798105601264,20.55979810560126,-3.552713678800501e-15
165435,2024,State Representative,3rd Barnstable,-12.069506961164029,-12.069506961164032,-3.552713678800501e-15
160410,2023,State Senate,Worcester & Hampshire,-9.05484649879269,-9.054846498792687,3.552713678800501e-15
130400,2016,State Representative,6th Plymouth,28.09986595174263,28.099865951742625,-3.552713678800501e-15
130279,2016,State Representative,18th Essex,-19.313556832962696,-19.3135568329627,-3.552713678800501e-15
165405,2024,State Senate,Worcester & Hampden,-31.733585642532887,-31.73358564253289,-3.552713678800501e-15
165395,2024,State Senate,"Norfolk, Worcester & Middlesex",17.808247337910622,17.80824733791062,-3.552713678800501e-15
165473,2024,State Senate,1st Middlesex,27.157940568194185,27.15794056819419,3.552713678800501e-15
130319,2016,State Representative,21st Middlesex,17.17241978958351,17.172419789583515,3.552713678800501e-15
130333,2016,State Representative,22nd Middlesex,-18.405947115837023,-18.40594711583702,3.552713678800501e-15
165522,2024,State Representative,9th Norfolk,-14.819417768237114,-14.81941776823711,3.552713678800501e-15
165454,2024,State Representative,6th Worcester,-23.861203763628215,-23.861203763628218,-3.552713678800501e-15
130380,2016,State Representative,2nd Plymouth,-15.554260176819202,-15.554260176819199,3.552713678800501e-15
165474,2024,State Representative,6th Plymouth,-5.948404519934614,-5.948404519934617,-3.552713678800501e-15
165385,2024,State Representative,5th Barnstable,-22.77717411667728,-22.777174116677283,-3.552713678800501e-15
130391,2016,State Senate,Plymouth and Norfolk,-13.220990359806978,-13.220990359806981,-3.552713678800501e-15
165386,2024,State Representative,2nd Barnstable,18.717744304116145,18.71774430411614,-3.552713678800501e-15
130459,2016,State Representative,4th Bristol,-24.540713245313157,-24.54071324531316,-3.552713678800501e-15
165440,2024,State Representative,1st Barnstable,13.081911386443501,13.081911386443505,3.552713678800501e-15
130306,2016,State Senate,"Norfolk, Bristol and Middlesex",-20.14627258354554,-20.146272583545542,-3.552713678800501e-15
140788,2020,State Representative,18th Essex,24.734764818771044,24.734764818771048,3.552713678800501e-15
154498,2022,State Senate,First Plymouth & Norfolk,-21.250171281936293,-21.250171281936296,-3.552713678800501e-15
140962,2020,State Representative,9th Norfolk,-17.041136321711864,-17.04113632171186,3.552713678800501e-15
154437,2022,State Representative,12th Worcester,20.758843146902844,20.758843146902848,3.552713678800501e-15
131583,2018,State Representative,5th Worcester,-18.97676548014193,-18.976765480141925,3.552713678800501e-15
154576,2022,State Representative,11th Worcester,-17.195666029318033,-17.195666029318037,-3.552713678800501e-15
131503,2018,State Representative,7th Plymouth,-11.596803131626165,-11.596803131626162,3.552713678800501e-15
140837,2020,State Senate,Worcester and Norfolk,-20.968743072489467,-20.96874307248947,-3.552713678800501e-15
140903,2020,State Senate,Plymouth and Norfolk,-10.008302161360438,-10.008302161360435,3.552713678800501e-15
131717,2018,State Representative,9th Norfolk,-17.551060295123616,-17.55106029512362,-3.552713678800501e-15
131571,2018,State Senate,Bristol and Norfolk,21.12773902220164,21.127739022201638,-3.552713678800501e-15
154378,2022,State Senate,2nd Essex and Middlesex,14.70250340644954,14.702503406449544,3.552713678800501e-15
140912,2020,State Representative,6th Plymouth,18.37973933649289,18.379739336492893,3.552713678800501e-15
140828,2020,State Representative,5th Barnstable,-4.288506495995098,-4.288506495995095,3.552713678800501e-15
140961,2020,State Representative,4th Plymouth,31.98345308077509,31.983453080775092,3.552713678800501e-15
140776,2020,State Representative,3rd Hampden,-24.87901949256026,-24.879019492560264,-3.552713678800501e-15
140805,2020,State Representative,1st Middlesex,-3.108160874658333,-3.1081608746583367,-3.552713678800501e-15
140742,2020,State Senate,2nd Hampden and Hampshire,28.44866000381947,28.448660003819466,-3.552713678800501e-15
140743,2020,State Representative,3rd Bristol,14.29315282478521,14.293152824785214,3.552713678800501e-15
154537,2022,State Representative,17th Worcester,18.402994385527133,18.402994385527137,3.552713678800501e-15
131580,2018,State Representative,5th Barnstable,-14.399403133548866,-14.39940313354887,-3.552713678800501e-15
154385,2022,State Representative,18th Essex,20.8388746803069,20.838874680306905,3.552713678800501e-15
154583,2022,State Representative,19th Middlesex,12.596824699225406,12.596824699225403,-3.552713678800501e-15
130517,2018,State Representative,2nd Bristol,4.0146943059564455,4.014694305956442,-3.552713678800501e-15
154478,2022,State Representative,9th Plymouth,21.291075247909784,21.29107524790978,-3.552713678800501e-15
154533,2022,State Representative,8th Middlesex,30.050848310929872,30.05084831092987,-3.552713678800501e-15
131699,2018,State Representative,17th Worcester,18.709677419354836,18.70967741935484,3.552713678800501e-15
140986,2020,State Representative,19th Middlesex,12.850187564849547,12.85018756484955,3.552713678800501e-15
131581,2018,State Representative,1st Barnstable,-17.040745856353595,-17.040745856353592,3.552713678800501e-15
154586,2022,State Representative,4th Norfolk,27.92365745649598,27.923657456495977,-3.552713678800501e-15
154369,2022,State Representative,3rd Hampden,-19.98918334234721,-19.989183342347214,-3.552713678800501e-15
131649,2018,State Representative,2nd Middlesex,28.837837837837842,28.83783783783784,-3.552713678800501e-15
154512,2022,State Representative,3rd Bristol,14.059941624546163,14.059941624546166,3.552713678800501e-15
131647,2018,State Representative,2nd Plymouth,-13.45820326049254,-13.458203260492544,-3.552713678800501e-15
154469,2022,State Representative,3rd Barnstable,-10.844738906808477,-10.844738906808473,3.552713678800501e-15
154412,2022,State Representative,2nd Bristol,21.10983981693364,21.109839816933636,-3.552713678800501e-15
131672,2018,State Representative,3rd Bristol,-23.020149088493614,-23.020149088493618,-3.552713678800501e-15
154376,2022,State Representative,1st Essex,19.27076047932112,19.270760479321115,-3.552713678800501e-15
154503,2022,State Representative,5th Bristol,8.727604008502881,8.727604008502885,3.552713678800501e-15
165362,2024,State Senate,Worcester and Middlesex,18.208344118408355,18.20834411840836,3.552713678800501e-15
130401,2016,State Representative,12th Plymouth,19.870717517776338,19.87071751777634,3.552713678800501e-15
112849,2012,State Representative,11th Plymouth,26.54553512076224,26.545535120762242,3.552713678800501e-15
105584,2010,State Representative,5th Worcester,30.782562325023328,30.78256232502333,3.552713678800501e-15
105597,2010,State Representative,6th Essex,20.61958032700073,20.619580327000726,-3.552713678800501e-15
105706,2010,State Representative,8th Essex,23.88623486279302,23.886234862793025,3.552713678800501e-15
112795,2012,State Senate,3rd Middlesex,21.190405831363275,21.19040583136328,3.552713678800501e-15
126189,2014,State Representative,3rd Middlesex,20.511565291885937,20.51156529188594,3.552713678800501e-15
126261,2014,State Representative,3rd Bristol,-22.689679971233367,-22.68967997123337,-3.552713678800501e-15
105530,2010,State Senate,1st Essex,17.95056026002908,17.950560260029082,3.552713678800501e-15
126329,2014,State Representative,31st Middlesex,2.8343224804481704,2.834322480448167,-3.552713678800501e-15
105596,2010,State Senate,1st Worcester,24.457548078775964,24.457548078775968,3.552713678800501e-15
105586,2010,State Senate,3rd Middlesex,14.020465292824497,14.020465292824493,-3.552713678800501e-15
105543,2010,State Senate,Cape and Islands,14.896394609192015,14.896394609192019,3.552713678800501e-15
105505,2010,State Senate,Middlesex and Worcester,14.248266402499432,14.248266402499429,-3.552713678800501e-15
112941,2012,State Representative,12th Norfolk,21.448225923244024,21.448225923244028,3.552713678800501e-15
105732,2010,State Representative,4th Bristol,-8.958306441203051,-8.958306441203048,3.552713678800501e-15
112861,2012,State Representative,2nd Middlesex,30.197334256534532,30.197334256534536,3.552713678800501e-15
112954,2012,State Representative,31st Middlesex,19.68173846088035,19.681738460880354,3.552713678800501e-15
112877,2012,State Representative,36th Middlesex,17.134681604345502,17.134681604345506,3.552713678800501e-15
126183,2014,State Representative,12th Worcester,10.934134081859126,10.93413408185913,3.552713678800501e-15
126316,2014,State Representative,12th Norfolk,16.246242321265193,16.246242321265196,3.552713678800501e-15
112728,2012,State Representative,3rd Hampden,-22.388216176547672,-22.388216176547676,-3.552713678800501e-15
112810,2012,State Representative,3rd Middlesex,28.301198778431107,28.301198778431104,-3.552713678800501e-15
112940,2012,State Representative,4th Bristol,-22.82809611829944,-22.828096118299445,-3.552713678800501e-15
126286,2014,State Representative,10th Worcester,17.8459866902078,17.845986690207795,-3.552713678800501e-15
112900,2012,State Representative,5th Plymouth,15.743427219568806,15.74342721956881,3.552713678800501e-15
112860,2012,State Representative,6th Worcester,-10.98239376039456,-10.982393760394563,-3.552713678800501e-15
112701,2012,State Representative,7th Plymouth,-8.476256567859618,-8.476256567859622,-3.552713678800501e-15
126237,2014,State Representative,6th Worcester,-25.87290502793296,-25.872905027932962,-3.552713678800501e-15
126333,2014,State Representative,4th Hampden,17.816369191188297,17.816369191188294,-3.552713678800501e-15
112710,2012,State Senate,Middlesex and Worcester,29.521898212166086,29.521898212166082,-3.552713678800501e-15
105580,2010,State Representative,2nd Barnstable,17.993652545881055,17.99365254588105,-3.552713678800501e-15
130430,2016,State Representative,10th Worcester,10.015294063122765,10.015294063122768,3.552713678800501e-15
105632,2010,State Representative,1st Barnstable,13.665102998164391,13.665102998164388,-3.552713678800501e-15
126179,2014,State Senate,Worcester and Norfolk,-11.437981884871618,-11.437981884871622,-3.552713678800501e-15
105669,2010,State Representative,12th Plymouth,9.099740932642492,9.099740932642488,-3.552713678800501e-15
126274,2014,State Representative,9th Worcester,-24.77421147700431,-24.774211477004307,3.552713678800501e-15
126159,2014,State Senate,"Norfolk, Bristol and Middlesex",-22.16920952830354,-22.169209528303536,3.552713678800501e-15
105630,2010,State Representative,12th Worcester,21.738098064822513,21.73809806482251,-3.552713678800501e-15
105529,2010,State Representative,1st Essex,30.237655745269954,30.237655745269958,3.552713678800501e-15
105751,2010,State Representative,19th Middlesex,27.260990252404625,27.26099025240462,-3.552713678800501e-15
105664,2010,State Representative,13th Norfolk,10.717623844635993,10.717623844635996,3.552713678800501e-15
165469,2024,State Representative,5th Bristol,-3.88194852016433,-3.881948520164333,-3.1086244689504383e-15
130463,2016,State Representative,1st Plymouth,-1.722069910897872,-1.7220699108978752,-3.1086244689504383e-15
112761,2012,State Representative,2nd Worcester,1.9973687357971504,1.9973687357971535,3.1086244689504383e-15
112745,2012,State Representative,18th Essex,-2.202414434684785,-2.202414434684782,3.1086244689504383e-15
140842,2020,State Senate,Worcester and Middlesex,1.9698837406037784,1.9698837406037755,-2.886579864025407e-15
105699,2010,State Representative,14th Essex,5.298182748912206,5.298182748912208,2.6645352591003757e-15
105712,2010,State Senate,Middlesex and Essex,4.636079750180161,4.6360797501801585,-2.6645352591003757e-15
126174,2014,State Representative,21st Middlesex,4.539609053497945,4.5396090534979425,-2.6645352591003757e-15
126248,2014,State Representative,13th Essex,4.872303496156705,4.872303496156707,2.6645352591003757e-15
126317,2014,State Representative,12th Essex,-3.086200780418591,-3.0862007804185883,2.6645352591003757e-15
131536,2018,State Representative,1st Essex,-5.392769522751473,-5.39276952275147,2.6645352591003757e-15
131572,2018,State Senate,"Norfolk, Bristol and Middlesex",2.678934940151456,2.6789349401514535,-2.6645352591003757e-15
154430,2022,State Representative,7th Hampden,5.531680440771347,5.53168044077135,2.6645352591003757e-15
126224,2014,State Representative,8th Plymouth,-7.296406715832421,-7.296406715832418,2.6645352591003757e-15
131668,2018,State Representative,12th Plymouth,5.069261704979894,5.069261704979891,-2.6645352591003757e-15
126276,2014,State Representative,5th Plymouth,-0.29491423412579265,-0.29491423412579,2.6645352591003757e-15
131591,2018,State Representative,12th Bristol,-4.210788588513764,-4.210788588513767,-2.6645352591003757e-15
165359,2024,State Representative,2nd Worcester,4.494056248187883,4.4940562481878805,-2.6645352591003757e-15
105495,2010,State Representative,7th Plymouth,-2.5232244531015855,-2.523224453101588,-2.6645352591003757e-15
126171,2014,State Representative,1st Barnstable,-3.993046679278084,-3.993046679278082,2.220446049250313e-15
126346,2015,State Representative,11th Worcester,-3.6274762027270366,-3.627476202727039,-2.220446049250313e-15
126123,2014,State Senate,1st Essex,7.646101864597671,7.646101864597672,1.7763568394002505e-15
140925,2020,State Representative,3rd Worcester,11.199635784202139,11.19963578420214,1.7763568394002505e-15
154470,2022,State Senate,Plymouth and Barnstable,12.693498452012381,12.693498452012383,1.7763568394002505e-15
154436,2022,State Senate,Third Bristol & Plymouth,8.579542851907835,8.579542851907837,1.7763568394002505e-15
126173,2014,State Representative,5th Worcester,-12.764375971349413,-12.764375971349414,-1.7763568394002505e-15
105579,2010,State Representative,5th Barnstable,-6.07770090473656,-6.077700904736562,-1.7763568394002505e-15
105685,2010,State Representative,2nd Essex,3.67627611742925,3.6762761174292518,1.7763568394002505e-15
165361,2024,State Representative,1st Middlesex,2.6992190461748446,2.699219046174843,-1.7763568394002505e-15
112884,2012,State Representative,3rd Bristol,-12.927938711994253,-12.927938711994255,-1.7763568394002505e-15
130272,2016,State Representative,1st Essex,-8.113391984359724,-8.113391984359726,-1.7763568394002505e-15
165318,2024,State Representative,10th Bristol,5.27005162185068,5.270051621850682,1.7763568394002505e-15
105581,2010,State Representative,3rd Barnstable,-7.896575821104124,-7.896575821104122,1.7763568394002505e-15
165436,2024,State Senate,Plymouth and Barnstable,2.4265622834972964,2.426562283497298,1.7763568394002505e-15
105638,2010,State Representative,11th Plymouth,14.955839057899901,14.955839057899903,1.7763568394002505e-15
126284,2014,State Representative,8th Middlesex,13.528821759395832,13.528821759395834,1.7763568394002505e-15
124832,2013,State Representative,6th Bristol,6.28654970760234,6.286549707602338,-1.7763568394002505e-15
131559,2018,State Senate,"Worcester, Hampden, Hampshire and Middlesex",9.799169486766468,9.799169486766466,-1.7763568394002505e-15
140782,2020,State Representative,1st Essex,-3.278746758552092,-3.278746758552094,-1.7763568394002505e-15
112798,2012,State Representative,8th Worcester,-2.497190050334752,-2.4971900503347504,1.7763568394002505e-15
140814,2020,State Representative,14th Bristol,8.891424558939697,8.891424558939699,1.7763568394002505e-15
140921,2020,State Representative,8th Bristol,14.065230052417006,14.065230052417007,1.7763568394002505e-15
126154,2014,State Representative,2nd Franklin,-9.253065774804908,-9.253065774804906,1.7763568394002505e-15
154517,2022,State Senate,1st Bristol and Plymouth,15.327322618580947,15.327322618580949,1.7763568394002505e-15
126116,2014,State Senate,2nd Hampden and Hampshire,-13.326000162959344,-13.326000162959343,1.7763568394002505e-15
112794,2012,State Representative,21st Middlesex,10.552198960236053,10.552198960236055,1.7763568394002505e-15
140874,2020,State Senate,Plymouth and Barnstable,12.614295740537546,12.614295740537548,1.7763568394002505e-15
105688,2010,State Representative,5th Plymouth,5.662084959556535,5.662084959556537,1.7763568394002505e-15
126254,2014,State Representative,36th Middlesex,7.478237027897733,7.478237027897731,-1.7763568394002505e-15
145905,2021,State Representative,4th Essex,10.77195310771953,10.771953107719531,1.7763568394002505e-15
130505,2017,State Representative,3rd Essex,6.69043049081437,6.690430490814368,-1.7763568394002505e-15
105536,2010,State Representative,18th Essex,-6.535471331389697,-6.535471331389699,-1.7763568394002505e-15
124782,2011,State Representative,12th Bristol,-9.589743589743588,-9.58974358974359,-1.7763568394002505e-15
126131,2014,State Senate,2nd Essex and Middlesex,6.574379448012496,6.574379448012498,1.7763568394002505e-15
105591,2010,State Senate,Worcester and Norfolk,7.094565972516392,7.094565972516394,1.7763568394002505e-15
131669,2018,State Representative,2nd Hampden,12.14380553569605,12.143805535696048,-1.7763568394002505e-15
126289,2014,State Representative,4th Worcester,10.082781456953644,10.082781456953642,-1.7763568394002505e-15
105648,2010,State Representative,6th Worcester,-0.007591285204583409,-0.007591285204585137,-1.7277845820728999e-15
126145,2014,State Representative,2nd Worcester,0.29099623416637965,0.2909962341663814,1.7208456881689926e-15
105750,2010,State Representative,3rd Bristol,-0.27147736229091723,-0.2714773622909187,-1.4432899320127035e-15
105659,2010,State Representative,13th Essex,2.8998294217987164,2.8998294217987177,1.3322676295501878e-15
140834,2020,State Representative,7th Hampden,0.7559830015656466,0.7559830015656452,-1.3322676295501878e-15
131588,2018,State Representative,8th Worcester,-3.0306444344299246,-3.0306444344299233,1.3322676295501878e-15
165441,2024,State Representative,8th Plymouth,1.0220994475138134,1.0220994475138123,-1.1102230246251565e-15
154524,2022,State Representative,2nd Essex,0.004250797024440978,0.004250797024442083,1.1050188541972261e-15
126146,2014,State Senate,"Worcester, Hampden, Hampshire and Middlesex",0.7197627314814825,0.7197627314814815,-9.992007221626409e-16
131630,2018,State Representative,2nd Essex,-1.4178190092770881,-1.4178190092770873,8.881784197001252e-16
165486,2024,State Representative,1st Bristol,-0.3873239436619713,-0.3873239436619718,-4.996003610813204e-16
131659,2018,State Representative,13th Essex,2.8851003732472513,2.885100373247251,-4.440892098500626e-16
112928,2012,State Representative,4th Middlesex,1.1852015950376604,1.1852015950376606,2.220446049250313e-16
126172,2014,State Representative,2nd Barnstable,1.3445924001299125,1.3445924001299123,-2.220446049250313e-16
112777,2012,State Senate,Bristol and Norfolk,25.07564046665874,25.07564046665874,0.0
126198,2014,State Representative,5th Suffolk,78.30719147676828,78.30719147676828,0.0
105593,2010,State Representative,6th Bristol,27.24810400866739,27.24810400866739,0.0
154350,2022,State Senate,Middlesex and Worcester,40.542013543525954,40.542013543525954,0.0
126308,2014,State Representative,5th Middlesex,25.13450292397661,25.13450292397661,0.0
154473,2022,State Senate,"Norfolk, Plymouth & Bristol",32.25610656342788,32.25610656342788,0.0
130504,2017,State Representative,1st Berkshire,54.175058094500386,54.175058094500386,0.0
130292,2016,State Senate,"Worcester, Hampden, Hampshire and Middlesex",8.822802333629982,8.822802333629982,0.0
105674,2010,State Representative,5th Essex,30.30973451327434,30.30973451327434,0.0
126267,2014,State Representative,6th Bristol,18.783185840707965,18.783185840707965,0.0
131684,2018,State Representative,10th Norfolk,17.052156520847223,17.052156520847223,0.0
105611,2010,State Representative,4th Suffolk,46.687427014402495,46.687427014402495,0.0
160299,2023,State Representative,9th Suffolk,99.70544918998527,99.70544918998527,0.0
126160,2014,State Representative,7th Worcester,-47.39533864250749,-47.39533864250749,0.0
130264,2016,State Senate,"Berkshire, Hampshire and Franklin",40.33755274261603,40.33755274261603,0.0
130446,2016,State Senate,5th Middlesex,38.293593794886526,38.293593794886526,0.0
165490,2024,State Representative,10th Norfolk,23.54059405940594,23.54059405940594,0.0
126262,2014,State Representative,5th Essex,18.039142124679547,18.039142124679547,0.0
154391,2022,State Senate,Cape and Islands,27.40482011875655,27.40482011875655,0.0
105742,2010,State Representative,30th Middlesex,26.916871273237458,26.916871273237458,0.0
154554,2022,State Representative,8th Norfolk,38.83445658945461,38.83445658945461,0.0
154513,2022,State Representative,5th Essex,38.27468366121733,38.27468366121733,0.0
105589,2010,State Senate,1st Hampden and Hampshire,16.375297003882782,16.375297003882782,0.0
126300,2014,State Representative,32nd Middlesex,31.933581999759355,31.933581999759355,0.0
126115,2014,State Representative,3rd Hampden,-35.76431511300455,-35.76431511300455,0.0
105679,2010,State Senate,1st Bristol and Plymouth,24.317155054503253,24.317155054503253,0.0
105686,2010,State Representative,9th Worcester,-34.83576539523354,-34.83576539523354,0.0
154475,2022,State Representative,8th Plymouth,-20.00254000508001,-20.00254000508001,0.0
105678,2010,State Representative,7th Bristol,50.49449784092492,50.49449784092492,0.0
105719,2010,State Representative,9th Norfolk,-35.10119483052914,-35.10119483052914,0.0
105663,2010,State Representative,8th Worcester,-14.448155781394355,-14.448155781394355,0.0
126281,2014,State Representative,4th Norfolk,16.985677954758398,16.985677954758398,0.0
131661,2018,State Representative,11th Norfolk,34.09069212410501,34.09069212410501,0.0
126170,2014,State Representative,5th Barnstable,-25.4746835443038,-25.4746835443038,0.0
154553,2022,State Senate,5th Middlesex,27.215629435033367,27.215629435033367,0.0
130308,2016,State Senate,2nd Worcester,48.21301265754678,48.21301265754678,0.0
165465,2024,State Representative,13th Middlesex,47.11668120885222,47.11668120885222,0.0
131582,2018,State Representative,2nd Barnstable,-4.081959340483432,-4.081959340483432,0.0
126235,2014,State Senate,2nd Middlesex,51.33143344647946,51.33143344647946,0.0
130390,2016,State Representative,3rd Plymouth,8.035204954771412,8.035204954771412,0.0
105727,2010,State Representative,14th Norfolk,22.437338891021774,22.437338891021774,0.0
130266,2016,State Representative,3rd Hampden,-20.00988875154512,-20.00988875154512,0.0
126175,2014,State Senate,3rd Middlesex,18.47735292613491,18.47735292613491,0.0
165421,2024,State Representative,9th Suffolk,64.91723341460285,64.91723341460285,0.0
126302,2014,State Senate,5th Middlesex,13.681939556844508,13.681939556844508,0.0
130473,2016,State Representative,31st Middlesex,17.678506338341908,17.678506338341908,0.0
165434,2024,State Senate,3rd Suffolk,40.438934833504575,40.438934833504575,0.0
165325,2024,State Senate,"Berkshire, Hampden, Franklin & Hampshire",41.88938148912164,41.88938148912164,0.0
130316,2016,State Representative,2nd Barnstable,-9.594981086816128,-9.594981086816128,0.0
105734,2010,State Representative,12th Norfolk,7.462686567164178,7.462686567164178,0.0
130414,2016,State Representative,1st Bristol,-20.07456266131345,-20.07456266131345,0.0
105736,2010,State Representative,12th Essex,19.24847579942765,19.24847579942765,0.0
105745,2010,State Representative,11th Worcester,-21.590482154038824,-21.590482154038824,0.0
130436,2016,State Representative,18th Middlesex,44.48404918909286,44.48404918909286,0.0
105537,2010,State Representative,17th Essex,-8.58786467607177,-8.58786467607177,0.0
130449,2016,State Representative,4th Plymouth,39.165232702389055,39.165232702389055,0.0
165374,2024,State Representative,14th Bristol,11.90529572664903,11.90529572664903,0.0
130433,2016,State Representative,4th Worcester,10.399829859634197,10.399829859634197,0.0
105627,2010,State Representative,2nd Plymouth,-32.21438107953462,-32.21438107953462,0.0
105671,2010,State Representative,2nd Hampden,2.7582540901305297,2.7582540901305297,0.0
130281,2016,State Senate,2nd Essex and Middlesex,27.032911463527693,27.032911463527693,0.0
126249,2014,State Representative,9th Bristol,33.543879797109774,33.543879797109774,0.0
165536,2024,State Representative,1st Plymouth,4.533169112867358,4.533169112867358,0.0
130371,2016,State Representative,9th Plymouth,71.13555537176413,71.13555537176413,0.0
165491,2024,State Representative,2nd Essex,8.442194092827005,8.442194092827005,0.0
165538,2024,State Representative,2nd Norfolk,39.14588830847111,39.14588830847111,0.0
165453,2024,State Representative,2nd Plymouth,-78.03383438956686,-78.03383438956686,0.0
130450,2016,State Representative,9th Norfolk,-21.77766523170423,-21.77766523170423,0.0
126295,2014,State Representative,9th Essex,-21.118863692997756,-21.118863692997756,0.0
165545,2024,State Representative,4th Hampden,-17.662088789524113,-17.662088789524113,0.0
105577,2010,State Representative,1st Middlesex,-25.03614457831325,-25.03614457831325,0.0
126182,2014,State Senate,1st Plymouth and Bristol,21.97555693069307,21.97555693069307,0.0
126221,2014,State Senate,1st Worcester,20.53764615888974,20.53764615888974,0.0
105594,2010,State Senate,1st Plymouth and Bristol,16.113445735576843,16.113445735576843,0.0
154518,2022,State Representative,3rd Worcester,25.418121668810876,25.418121668810876,0.0
140983,2020,State Representative,11th Hampden,67.42196165425447,67.42196165425447,0.0
130460,2016,State Representative,12th Norfolk,32.00726612170754,32.00726612170754,0.0
131550,2018,State Senate,Cape and Islands,24.22301912568306,24.22301912568306,0.0
126259,2014,State Representative,12th Hampden,30.475655956222813,30.475655956222813,0.0
131640,2018,State Senate,2nd Plymouth and Bristol,33.021127135330744,33.021127135330744,0.0
131545,2018,State Senate,2nd Essex and Middlesex,25.68003365114975,25.68003365114975,0.0
131666,2018,State Senate,1st Middlesex,27.76856794126756,27.76856794126756,0.0
131573,2018,State Representative,7th Worcester,-30.899335121894318,-30.899335121894318,0.0
140945,2020,State Representative,4th Worcester,17.067364913115927,17.067364913115927,0.0
126230,2014,State Representative,15th Norfolk,61.34163208852006,61.34163208852006,0.0
140878,2020,State Representative,5th Norfolk,29.124659253169487,29.124659253169487,0.0
131678,2018,State Representative,6th Bristol,24.445636623748214,24.445636623748214,0.0
140831,2020,State Representative,5th Worcester,-24.687406648743227,-24.687406648743227,0.0
112827,2012,State Representative,2nd Suffolk,64.05265257279618,64.05265257279618,0.0
126252,2014,State Representative,18th Worcester,-20.175438596491226,-20.175438596491226,0.0
126323,2014,State Representative,19th Suffolk,43.52849030742119,43.52849030742119,0.0
131700,2018,State Representative,4th Worcester,12.541473125414731,12.541473125414731,0.0
140917,2020,State Representative,3rd Bristol,16.065573770491802,16.065573770491802,0.0
112789,2012,State Representative,5th Barnstable,-12.307692307692308,-12.307692307692308,0.0
131570,2018,State Representative,2nd Bristol,16.69018058690745,16.69018058690745,0.0
126264,2014,State Representative,10th Bristol,31.08506616257089,31.08506616257089,0.0
112780,2012,State Senate,2nd Worcester,35.859023449509486,35.859023449509486,0.0
112747,2012,State Senate,2nd Essex and Middlesex,30.35971223021583,30.35971223021583,0.0
112807,2012,State Senate,2nd Essex,41.5059351860028,41.5059351860028,0.0
140928,2020,State Representative,13th Middlesex,37.98139206218349,37.98139206218349,0.0
140741,2020,State Senate,Plymouth and Barnstable,12.511530805457106,12.511530805457106,0.0
112835,2012,State Senate,1st Suffolk and Middlesex,63.19976907395046,63.19976907395046,0.0
112841,2012,State Senate,Plymouth and Barnstable,16.31247149089463,16.31247149089463,0.0
112908,2012,State Representative,8th Middlesex,22.730428745009547,22.730428745009547,0.0
140926,2020,State Representative,1st Bristol,-12.089041095890412,-12.089041095890412,0.0
112870,2012,State Senate,Plymouth and Norfolk,-36.677560516257685,-36.677560516257685,0.0
131594,2018,State Senate,Worcester and Middlesex,-8.610593123302907,-8.610593123302907,0.0
140975,2020,State Representative,1st Plymouth,-11.27620448694373,-11.27620448694373,0.0
140954,2020,State Representative,20th Middlesex,-27.892884357197286,-27.892884357197286,0.0
124867,2014,State Representative,4th Hampden,6.790734508018215,6.790734508018215,0.0
112792,2012,State Representative,5th Worcester,39.40325138778747,39.40325138778747,0.0
126150,2014,State Representative,1st Franklin,39.928792388956985,39.928792388956985,0.0
112955,2012,State Representative,19th Middlesex,47.03000326629649,47.03000326629649,0.0
131715,2018,State Representative,4th Middlesex,27.119062307217767,27.119062307217767,0.0
112875,2012,State Representative,18th Worcester,-40.11387974716607,-40.11387974716607,0.0
154521,2022,State Representative,19th Worcester,35.046728971962615,35.046728971962615,0.0
112897,2012,State Representative,10th Norfolk,8.581115132633894,8.581115132633894,0.0
154519,2022,State Representative,1st Bristol,-15.135295866785608,-15.135295866785608,0.0
131665,2018,State Representative,36th Middlesex,26.418851642880846,26.418851642880846,0.0
105766,2011,State Representative,10th Middlesex,35.29631010063362,35.29631010063362,0.0
126140,2014,State Representative,23rd Middlesex,55.23809523809524,55.23809523809524,0.0
154441,2022,State Representative,22nd Middlesex,-8.703081727653055,-8.703081727653055,0.0
154424,2022,State Representative,2nd Barnstable,24.33642468819955,24.33642468819955,0.0
105625,2010,State Senate,Suffolk and Norfolk,35.43024533138045,35.43024533138045,0.0
154490,2022,State Representative,2nd Middlesex,29.716574557623083,29.716574557623083,0.0
154571,2022,State Representative,2nd Norfolk,41.18654958235168,41.18654958235168,0.0
126157,2014,State Representative,2nd Bristol,22.248892171344163,22.248892171344163,0.0
154506,2022,State Representative,36th Middlesex,21.287278446554957,21.287278446554957,0.0
131732,2018,State Representative,2nd Norfolk,41.42469740062174,41.42469740062174,0.0
131671,2018,State Representative,2nd Hampshire,48.58880162148467,48.58880162148467,0.0
112937,2012,State Representative,11th Middlesex,48.76453488372093,48.76453488372093,0.0
126188,2014,State Representative,22nd Middlesex,-92.98995909259948,-92.98995909259948,0.0
112882,2012,State Representative,12th Hampden,40.53796462988457,40.53796462988457,0.0
154523,2022,State Representative,10th Norfolk,27.48055246864582,27.48055246864582,0.0
131686,2018,State Representative,4th Essex,-12.684466433506781,-12.684466433506781,0.0
131680,2018,State Representative,3rd Worcester,37.26437892701788,37.26437892701788,0.0
112912,2012,State Representative,17th Worcester,53.273056057866185,53.273056057866185,0.0
112959,2012,State Representative,15th Worcester,50.92181800256335,50.92181800256335,0.0
131657,2018,State Representative,3rd Plymouth,14.065492595879853,14.065492595879853,0.0
154358,2022,State Representative,10th Bristol,12.510566356720204,12.510566356720204,0.0
112903,2012,State Representative,14th Essex,25.840548746204878,25.840548746204878,0.0
154491,2022,State Representative,16th Middlesex,30.896651062297444,30.896651062297444,0.0
112871,2012,State Representative,13th Essex,25.601397661604626,25.601397661604626,0.0
112880,2012,State Representative,12th Plymouth,25.050025594490204,25.050025594490204,0.0
131529,2018,State Representative,3rd Hampden,-31.993462073975422,-31.993462073975422,0.0
154500,2022,State Representative,13th Essex,92.12087760452602,92.12087760452602,0.0
154377,2022,State Representative,14th Essex,8.572854291417165,8.572854291417165,0.0
154348,2022,State Representative,14th Middlesex,45.842944539163575,45.842944539163575,0.0
104718,2010,State Senate,"Norfolk, Bristol and Middlesex",-23.630709426627796,-23.630709426627796,0.0
