election_id,election_date,office,district_display,reason
105709,2010-11-02,State Representative,10th Essex,uncontested: fewer than two candidates
105748,2010-11-02,State Representative,10th Hampden,uncontested: fewer than two candidates
105683,2010-11-02,State Representative,10th Norfolk,uncontested: fewer than two candidates
105617,2010-11-02,State Representative,10th Suffolk,uncontested: fewer than two candidates
105696,2010-11-02,State Representative,10th Worcester,uncontested: fewer than two candidates
105707,2010-11-02,State Representative,11th Essex,uncontested: fewer than two candidates
105747,2010-11-02,State Representative,11th Hampden,uncontested: fewer than two candidates
105729,2010-11-02,State Representative,11th Middlesex,uncontested: fewer than two candidates
105661,2010-11-02,State Representative,11th Norfolk,uncontested: fewer than two candidates
105606,2010-11-02,State Representative,11th Suffolk,uncontested: fewer than two candidates
105684,2010-11-02,State Representative,12th Bristol,uncontested: fewer than two candidates
105731,2010-11-02,State Representative,12th Middlesex,uncontested: fewer than two candidates
105620,2010-11-02,State Representative,12th Suffolk,uncontested: fewer than two candidates
105728,2010-11-02,State Representative,13th Bristol,uncontested: fewer than two candidates
105704,2010-11-02,State Representative,13th Middlesex,uncontested: fewer than two candidates
105619,2010-11-02,State Representative,13th Suffolk,uncontested: fewer than two candidates
105565,2010-11-02,State Representative,14th Bristol,uncontested: fewer than two candidates
105610,2010-11-02,State Representative,14th Suffolk,uncontested: fewer than two candidates
105752,2010-11-02,State Representative,14th Worcester,uncontested: fewer than two candidates
105547,2010-11-02,State Representative,15th Middlesex,uncontested: fewer than two candidates
105642,2010-11-02,State Representative,15th Norfolk,uncontested: fewer than two candidates
105607,2010-11-02,State Representative,15th Suffolk,uncontested: fewer than two candidates
105755,2010-11-02,State Representative,15th Worcester,uncontested: fewer than two candidates
105652,2010-11-02,State Representative,16th Middlesex,uncontested: fewer than two candidates
105653,2010-11-02,State Representative,16th Suffolk,uncontested: fewer than two candidates
105756,2010-11-02,State Representative,16th Worcester,uncontested: fewer than two candidates
105651,2010-11-02,State Representative,17th Middlesex,uncontested: fewer than two candidates
105614,2010-11-02,State Representative,17th Suffolk,uncontested: fewer than two candidates
105701,2010-11-02,State Representative,17th Worcester,uncontested: fewer than two candidates
105705,2010-11-02,State Representative,18th Middlesex,uncontested: fewer than two candidates
105604,2010-11-02,State Representative,18th Suffolk,uncontested: fewer than two candidates
105743,2010-11-02,State Representative,19th Suffolk,uncontested: fewer than two candidates
105517,2010-11-02,State Representative,1st Berkshire,uncontested: fewer than two candidates
105681,2010-11-02,State Representative,1st Bristol,uncontested: fewer than two candidates
105587,2010-11-02,State Representative,1st Franklin,uncontested: fewer than two candidates
105635,2010-11-02,State Representative,1st Hampden,uncontested: fewer than two candidates
105689,2010-11-02,State Representative,1st Hampshire,uncontested: fewer than two candidates
105740,2010-11-02,State Representative,1st Norfolk,uncontested: fewer than two candidates
105739,2010-11-02,State Representative,1st Plymouth,uncontested: fewer than two candidates
105609,2010-11-02,State Representative,1st Suffolk,uncontested: fewer than two candidates
105711,2010-11-02,State Representative,20th Middlesex,uncontested: fewer than two candidates
105585,2010-11-02,State Representative,21st Middlesex,uncontested: fewer than two candidates
105549,2010-11-02,State Representative,23rd Middlesex,uncontested: fewer than two candidates
105644,2010-11-02,State Representative,25th Middlesex,uncontested: fewer than two candidates
105646,2010-11-02,State Representative,26th Middlesex,uncontested: fewer than two candidates
105746,2010-11-02,State Representative,27th Middlesex,uncontested: fewer than two candidates
105645,2010-11-02,State Representative,29th Middlesex,uncontested: fewer than two candidates
105673,2010-11-02,State Representative,2nd Hampshire,uncontested: fewer than two candidates
105650,2010-11-02,State Representative,2nd Middlesex,uncontested: fewer than two candidates
105613,2010-11-02,State Representative,2nd Suffolk,uncontested: fewer than two candidates
105714,2010-11-02,State Representative,33rd Middlesex,uncontested: fewer than two candidates
105690,2010-11-02,State Representative,3rd Essex,uncontested: fewer than two candidates
105618,2010-11-02,State Representative,3rd Suffolk,uncontested: fewer than two candidates
105680,2010-11-02,State Representative,3rd Worcester,uncontested: fewer than two candidates
105628,2010-11-02,State Representative,4th Essex,uncontested: fewer than two candidates
105753,2010-11-02,State Representative,4th Hampden,uncontested: fewer than two candidates
105718,2010-11-02,State Representative,4th Plymouth,uncontested: fewer than two candidates
105702,2010-11-02,State Representative,4th Worcester,uncontested: fewer than two candidates
105662,2010-11-02,State Representative,5th Bristol,uncontested: fewer than two candidates
105695,2010-11-02,State Representative,5th Hampden,uncontested: fewer than two candidates
105724,2010-11-02,State Representative,5th Middlesex,uncontested: fewer than two candidates
105608,2010-11-02,State Representative,5th Suffolk,uncontested: fewer than two candidates
105574,2010-11-02,State Representative,6th Norfolk,uncontested: fewer than two candidates
105616,2010-11-02,State Representative,6th Suffolk,uncontested: fewer than two candidates
105744,2010-11-02,State Representative,7th Essex,uncontested: fewer than two candidates
105588,2010-11-02,State Representative,7th Hampden,uncontested: fewer than two candidates
105725,2010-11-02,State Representative,7th Norfolk,uncontested: fewer than two candidates
105615,2010-11-02,State Representative,7th Suffolk,uncontested: fewer than two candidates
105569,2010-11-02,State Representative,7th Worcester,uncontested: fewer than two candidates
105654,2010-11-02,State Representative,8th Hampden,uncontested: fewer than two candidates
105715,2010-11-02,State Representative,8th Norfolk,uncontested: fewer than two candidates
105703,2010-11-02,State Representative,9th Middlesex,uncontested: fewer than two candidates
105639,2010-11-02,State Representative,9th Plymouth,uncontested: fewer than two candidates
105612,2010-11-02,State Representative,9th Suffolk,uncontested: fewer than two candidates
105542,2010-11-02,State Representative,"Barnstable, Dukes and Nantucket",uncontested: fewer than two candidates
105629,2010-11-02,State Senate,1st Essex and Middlesex,uncontested: fewer than two candidates
105643,2010-11-02,State Senate,1st Middlesex and Norfolk,uncontested: fewer than two candidates
105622,2010-11-02,State Senate,1st Suffolk,uncontested: fewer than two candidates
105512,2010-11-02,State Senate,2nd Bristol and Plymouth,uncontested: fewer than two candidates
105600,2010-11-02,State Senate,2nd Hampden and Hampshire,uncontested: fewer than two candidates
105641,2010-11-02,State Senate,2nd Plymouth and Bristol,uncontested: fewer than two candidates
105624,2010-11-02,State Senate,2nd Suffolk,uncontested: fewer than two candidates
105592,2010-11-02,State Senate,2nd Suffolk and Middlesex,uncontested: fewer than two candidates
105570,2010-11-02,State Senate,2nd Worcester,uncontested: fewer than two candidates
105550,2010-11-02,State Senate,4th Middlesex,uncontested: fewer than two candidates
105518,2010-11-02,State Senate,"Berkshire, Hampshire and Franklin",uncontested: fewer than two candidates
105567,2010-11-02,State Senate,Bristol and Norfolk,uncontested: fewer than two candidates
105534,2010-11-02,State Senate,Hampshire and Franklin,uncontested: fewer than two candidates
105568,2010-11-02,State Senate,"Norfolk, Bristol and Middlesex",uncontested: fewer than two candidates
124820,2012-01-10,State Senate,2nd Suffolk and Middlesex,uncontested: fewer than two candidates
112887,2012-11-06,State Representative,10th Bristol,uncontested: fewer than two candidates
112953,2012-11-06,State Representative,10th Hampden,uncontested: fewer than two candidates
112851,2012-11-06,State Representative,10th Plymouth,uncontested: fewer than two candidates
112831,2012-11-06,State Representative,10th Suffolk,uncontested: fewer than two candidates
112910,2012-11-06,State Representative,10th Worcester,uncontested: fewer than two candidates
112718,2012-11-06,State Representative,11th Bristol,uncontested: fewer than two candidates
112918,2012-11-06,State Representative,11th Essex,uncontested: fewer than two candidates
112873,2012-11-06,State Representative,11th Norfolk,uncontested: fewer than two candidates
112820,2012-11-06,State Representative,11th Suffolk,uncontested: fewer than two candidates
112950,2012-11-06,State Representative,11th Worcester,uncontested: fewer than two candidates
112942,2012-11-06,State Representative,12th Essex,uncontested: fewer than two candidates
112939,2012-11-06,State Representative,12th Middlesex,uncontested: fewer than two candidates
112834,2012-11-06,State Representative,12th Suffolk,uncontested: fewer than two candidates
112803,2012-11-06,State Representative,12th Worcester,uncontested: fewer than two candidates
112936,2012-11-06,State Representative,13th Bristol,uncontested: fewer than two candidates
112896,2012-11-06,State Representative,13th Middlesex,uncontested: fewer than two candidates
112876,2012-11-06,State Representative,13th Norfolk,uncontested: fewer than two candidates
112833,2012-11-06,State Representative,13th Suffolk,uncontested: fewer than two candidates
112961,2012-11-06,State Representative,13th Worcester,uncontested: fewer than two candidates
112775,2012-11-06,State Representative,14th Bristol,uncontested: fewer than two candidates
112956,2012-11-06,State Representative,14th Norfolk,uncontested: fewer than two candidates
112824,2012-11-06,State Representative,14th Suffolk,uncontested: fewer than two candidates
112902,2012-11-06,State Representative,15th Essex,uncontested: fewer than two candidates
112914,2012-11-06,State Representative,15th Middlesex,uncontested: fewer than two candidates
112853,2012-11-06,State Representative,15th Norfolk,uncontested: fewer than two candidates
112821,2012-11-06,State Representative,15th Suffolk,uncontested: fewer than two candidates
112863,2012-11-06,State Representative,16th Middlesex,uncontested: fewer than two candidates
112864,2012-11-06,State Representative,16th Suffolk,uncontested: fewer than two candidates
112960,2012-11-06,State Representative,16th Worcester,uncontested: fewer than two candidates
112828,2012-11-06,State Representative,17th Suffolk,uncontested: fewer than two candidates
112916,2012-11-06,State Representative,18th Middlesex,uncontested: fewer than two candidates
112818,2012-11-06,State Representative,18th Suffolk,uncontested: fewer than two candidates
112790,2012-11-06,State Representative,1st Barnstable,uncontested: fewer than two candidates
112724,2012-11-06,State Representative,1st Berkshire,uncontested: fewer than two candidates
112894,2012-11-06,State Representative,1st Bristol,uncontested: fewer than two candidates
112736,2012-11-06,State Representative,1st Essex,uncontested: fewer than two candidates
112767,2012-11-06,State Representative,1st Franklin,uncontested: fewer than two candidates
112848,2012-11-06,State Representative,1st Hampden,uncontested: fewer than two candidates
112901,2012-11-06,State Representative,1st Hampshire,uncontested: fewer than two candidates
112763,2012-11-06,State Representative,1st Middlesex,uncontested: fewer than two candidates
112945,2012-11-06,State Representative,1st Norfolk,uncontested: fewer than two candidates
112944,2012-11-06,State Representative,1st Plymouth,uncontested: fewer than two candidates
112823,2012-11-06,State Representative,1st Suffolk,uncontested: fewer than two candidates
112907,2012-11-06,State Representative,1st Worcester,uncontested: fewer than two candidates
112922,2012-11-06,State Representative,20th Middlesex,uncontested: fewer than two candidates
112855,2012-11-06,State Representative,25th Middlesex,uncontested: fewer than two candidates
112951,2012-11-06,State Representative,27th Middlesex,uncontested: fewer than two candidates
112886,2012-11-06,State Representative,28th Middlesex,uncontested: fewer than two candidates
112856,2012-11-06,State Representative,29th Middlesex,uncontested: fewer than two candidates
112791,2012-11-06,State Representative,2nd Barnstable,uncontested: fewer than two candidates
112805,2012-11-06,State Representative,2nd Berkshire,uncontested: fewer than two candidates
112883,2012-11-06,State Representative,2nd Hampshire,uncontested: fewer than two candidates
112946,2012-11-06,State Representative,2nd Norfolk,uncontested: fewer than two candidates
112859,2012-11-06,State Representative,2nd Plymouth,uncontested: fewer than two candidates
112947,2012-11-06,State Representative,30th Middlesex,uncontested: fewer than two candidates
112924,2012-11-06,State Representative,32nd Middlesex,uncontested: fewer than two candidates
112925,2012-11-06,State Representative,33rd Middlesex,uncontested: fewer than two candidates
112923,2012-11-06,State Representative,35th Middlesex,uncontested: fewer than two candidates
112709,2012-11-06,State Representative,37th Middlesex,uncontested: fewer than two candidates
112840,2012-11-06,State Representative,3rd Barnstable,uncontested: fewer than two candidates
112943,2012-11-06,State Representative,3rd Berkshire,uncontested: fewer than two candidates
112904,2012-11-06,State Representative,3rd Essex,uncontested: fewer than two candidates
112742,2012-11-06,State Representative,3rd Hampshire,uncontested: fewer than two candidates
112906,2012-11-06,State Representative,3rd Norfolk,uncontested: fewer than two candidates
112869,2012-11-06,State Representative,3rd Plymouth,uncontested: fewer than two candidates
112832,2012-11-06,State Representative,3rd Suffolk,uncontested: fewer than two candidates
112893,2012-11-06,State Representative,3rd Worcester,uncontested: fewer than two candidates
112846,2012-11-06,State Representative,4th Barnstable,uncontested: fewer than two candidates
112899,2012-11-06,State Representative,4th Essex,uncontested: fewer than two candidates
112958,2012-11-06,State Representative,4th Hampden,uncontested: fewer than two candidates
112825,2012-11-06,State Representative,4th Suffolk,uncontested: fewer than two candidates
112874,2012-11-06,State Representative,5th Bristol,uncontested: fewer than two candidates
112885,2012-11-06,State Representative,5th Essex,uncontested: fewer than two candidates
112845,2012-11-06,State Representative,5th Norfolk,uncontested: fewer than two candidates
112891,2012-11-06,State Representative,6th Bristol,uncontested: fewer than two candidates
112806,2012-11-06,State Representative,6th Essex,uncontested: fewer than two candidates
112895,2012-11-06,State Representative,6th Middlesex,uncontested: fewer than two candidates
112784,2012-11-06,State Representative,6th Norfolk,uncontested: fewer than two candidates
112830,2012-11-06,State Representative,6th Suffolk,uncontested: fewer than two candidates
112890,2012-11-06,State Representative,7th Bristol,uncontested: fewer than two candidates
112949,2012-11-06,State Representative,7th Essex,uncontested: fewer than two candidates
112796,2012-11-06,State Representative,7th Hampden,uncontested: fewer than two candidates
112933,2012-11-06,State Representative,7th Norfolk,uncontested: fewer than two candidates
112829,2012-11-06,State Representative,7th Suffolk,uncontested: fewer than two candidates
112779,2012-11-06,State Representative,7th Worcester,uncontested: fewer than two candidates
112889,2012-11-06,State Representative,8th Bristol,uncontested: fewer than two candidates
112917,2012-11-06,State Representative,8th Essex,uncontested: fewer than two candidates
112865,2012-11-06,State Representative,8th Hampden,uncontested: fewer than two candidates
112927,2012-11-06,State Representative,8th Norfolk,uncontested: fewer than two candidates
112819,2012-11-06,State Representative,8th Suffolk,uncontested: fewer than two candidates
112872,2012-11-06,State Representative,9th Bristol,uncontested: fewer than two candidates
112919,2012-11-06,State Representative,9th Essex,uncontested: fewer than two candidates
112915,2012-11-06,State Representative,9th Middlesex,uncontested: fewer than two candidates
112930,2012-11-06,State Representative,9th Norfolk,uncontested: fewer than two candidates
112850,2012-11-06,State Representative,9th Plymouth,uncontested: fewer than two candidates
112826,2012-11-06,State Representative,9th Suffolk,uncontested: fewer than two candidates
112898,2012-11-06,State Representative,9th Worcester,uncontested: fewer than two candidates
112752,2012-11-06,State Representative,"Barnstable, Dukes and Nantucket",uncontested: fewer than two candidates
112892,2012-11-06,State Senate,1st Bristol and Plymouth,uncontested: fewer than two candidates
112843,2012-11-06,State Senate,1st Essex and Middlesex,uncontested: fewer than two candidates
112797,2012-11-06,State Senate,1st Hampden and Hampshire,uncontested: fewer than two candidates
112854,2012-11-06,State Senate,1st Middlesex and Norfolk,uncontested: fewer than two candidates
112802,2012-11-06,State Senate,1st Plymouth and Bristol,uncontested: fewer than two candidates
112836,2012-11-06,State Senate,1st Suffolk,uncontested: fewer than two candidates
112844,2012-11-06,State Senate,1st Worcester,uncontested: fewer than two candidates
112719,2012-11-06,State Senate,2nd Bristol and Plymouth,uncontested: fewer than two candidates
112729,2012-11-06,State Senate,2nd Hampden and Hampshire,uncontested: fewer than two candidates
112858,2012-11-06,State Senate,2nd Middlesex,uncontested: fewer than two candidates
112770,2012-11-06,State Senate,2nd Middlesex and Norfolk,uncontested: fewer than two candidates
112852,2012-11-06,State Senate,2nd Plymouth and Bristol,uncontested: fewer than two candidates
112839,2012-11-06,State Senate,2nd Suffolk,uncontested: fewer than two candidates
112921,2012-11-06,State Senate,3rd Essex,uncontested: fewer than two candidates
112926,2012-11-06,State Senate,5th Middlesex,uncontested: fewer than two candidates
112725,2012-11-06,State Senate,"Berkshire, Hampshire and Franklin",uncontested: fewer than two candidates
112753,2012-11-06,State Senate,Cape and Islands,uncontested: fewer than two candidates
112868,2012-11-06,State Senate,Hampden,uncontested: fewer than two candidates
112743,2012-11-06,State Senate,"Hampshire, Franklin and Worcester",uncontested: fewer than two candidates
112837,2012-11-06,State Senate,Middlesex and Suffolk,uncontested: fewer than two candidates
112703,2012-11-06,State Senate,Norfolk and Plymouth,uncontested: fewer than two candidates
112838,2012-11-06,State Senate,Norfolk and Suffolk,uncontested: fewer than two candidates
112778,2012-11-06,State Senate,"Norfolk, Bristol and Middlesex",uncontested: fewer than two candidates
112785,2012-11-06,State Senate,"Norfolk, Bristol and Plymouth",uncontested: fewer than two candidates
112804,2012-11-06,State Senate,Worcester and Middlesex,uncontested: fewer than two candidates
112799,2012-11-06,State Senate,Worcester and Norfolk,uncontested: fewer than two candidates
112762,2012-11-06,State Senate,"Worcester, Hampden, Hampshire and Middlesex",uncontested: fewer than two candidates
124798,2013-06-25,State Representative,8th Suffolk,uncontested: fewer than two candidates
124864,2014-04-01,State Representative,13th Suffolk,uncontested: fewer than two candidates
124863,2014-04-01,State Representative,2nd Suffolk,uncontested: fewer than two candidates
124870,2014-04-29,State Representative,5th Suffolk,uncontested: fewer than two candidates
126296,2014-11-04,State Representative,10th Essex,uncontested: fewer than two candidates
126328,2014-11-04,State Representative,10th Hampden,uncontested: fewer than two candidates
126313,2014-11-04,State Representative,10th Middlesex,uncontested: fewer than two candidates
126273,2014-11-04,State Representative,10th Norfolk,uncontested: fewer than two candidates
126207,2014-11-04,State Representative,10th Suffolk,uncontested: fewer than two candidates
126105,2014-11-04,State Representative,11th Bristol,uncontested: fewer than two candidates
126294,2014-11-04,State Representative,11th Essex,uncontested: fewer than two candidates
126327,2014-11-04,State Representative,11th Hampden,uncontested: fewer than two candidates
126312,2014-11-04,State Representative,11th Middlesex,uncontested: fewer than two candidates
126250,2014-11-04,State Representative,11th Norfolk,uncontested: fewer than two candidates
126226,2014-11-04,State Representative,11th Plymouth,uncontested: fewer than two candidates
126196,2014-11-04,State Representative,11th Suffolk,uncontested: fewer than two candidates
126325,2014-11-04,State Representative,11th Worcester,uncontested: fewer than two candidates
126181,2014-11-04,State Representative,12th Bristol,uncontested: fewer than two candidates
126314,2014-11-04,State Representative,12th Middlesex,uncontested: fewer than two candidates
126257,2014-11-04,State Representative,12th Plymouth,uncontested: fewer than two candidates
126210,2014-11-04,State Representative,12th Suffolk,uncontested: fewer than two candidates
126311,2014-11-04,State Representative,13th Bristol,uncontested: fewer than two candidates
126272,2014-11-04,State Representative,13th Middlesex,uncontested: fewer than two candidates
126253,2014-11-04,State Representative,13th Norfolk,uncontested: fewer than two candidates
126209,2014-11-04,State Representative,13th Suffolk,uncontested: fewer than two candidates
126156,2014-11-04,State Representative,14th Bristol,uncontested: fewer than two candidates
126331,2014-11-04,State Representative,14th Norfolk,uncontested: fewer than two candidates
126200,2014-11-04,State Representative,14th Suffolk,uncontested: fewer than two candidates
126332,2014-11-04,State Representative,14th Worcester,uncontested: fewer than two candidates
126290,2014-11-04,State Representative,15th Middlesex,uncontested: fewer than two candidates
126197,2014-11-04,State Representative,15th Suffolk,uncontested: fewer than two candidates
126334,2014-11-04,State Representative,15th Worcester,uncontested: fewer than two candidates
126240,2014-11-04,State Representative,16th Middlesex,uncontested: fewer than two candidates
126241,2014-11-04,State Representative,16th Suffolk,uncontested: fewer than two candidates
126335,2014-11-04,State Representative,16th Worcester,uncontested: fewer than two candidates
126130,2014-11-04,State Representative,17th Essex,uncontested: fewer than two candidates
126239,2014-11-04,State Representative,17th Middlesex,uncontested: fewer than two candidates
126204,2014-11-04,State Representative,17th Suffolk,uncontested: fewer than two candidates
126129,2014-11-04,State Representative,18th Essex,uncontested: fewer than two candidates
126194,2014-11-04,State Representative,18th Suffolk,uncontested: fewer than two candidates
126111,2014-11-04,State Representative,1st Berkshire,uncontested: fewer than two candidates
126270,2014-11-04,State Representative,1st Bristol,uncontested: fewer than two candidates
126225,2014-11-04,State Representative,1st Hampden,uncontested: fewer than two candidates
126277,2014-11-04,State Representative,1st Hampshire,uncontested: fewer than two candidates
126320,2014-11-04,State Representative,1st Norfolk,uncontested: fewer than two candidates
126283,2014-11-04,State Representative,1st Worcester,uncontested: fewer than two candidates
126298,2014-11-04,State Representative,20th Middlesex,uncontested: fewer than two candidates
126188,2014-11-04,State Representative,22nd Middlesex,uncontested: fewer than two candidates
126139,2014-11-04,State Representative,24th Middlesex,uncontested: fewer than two candidates
126232,2014-11-04,State Representative,25th Middlesex,uncontested: fewer than two candidates
126263,2014-11-04,State Representative,28th Middlesex,uncontested: fewer than two candidates
126233,2014-11-04,State Representative,29th Middlesex,uncontested: fewer than two candidates
126185,2014-11-04,State Representative,2nd Berkshire,uncontested: fewer than two candidates
126219,2014-11-04,State Representative,2nd Essex,uncontested: fewer than two candidates
126258,2014-11-04,State Representative,2nd Hampden,uncontested: fewer than two candidates
126260,2014-11-04,State Representative,2nd Hampshire,uncontested: fewer than two candidates
126321,2014-11-04,State Representative,2nd Norfolk,uncontested: fewer than two candidates
126236,2014-11-04,State Representative,2nd Plymouth,uncontested: fewer than two candidates
126203,2014-11-04,State Representative,2nd Suffolk,uncontested: fewer than two candidates
126322,2014-11-04,State Representative,30th Middlesex,uncontested: fewer than two candidates
126299,2014-11-04,State Representative,35th Middlesex,uncontested: fewer than two candidates
126097,2014-11-04,State Representative,37th Middlesex,uncontested: fewer than two candidates
126217,2014-11-04,State Representative,3rd Barnstable,uncontested: fewer than two candidates
126318,2014-11-04,State Representative,3rd Berkshire,uncontested: fewer than two candidates
126280,2014-11-04,State Representative,3rd Essex,uncontested: fewer than two candidates
126246,2014-11-04,State Representative,3rd Plymouth,uncontested: fewer than two candidates
126208,2014-11-04,State Representative,3rd Suffolk,uncontested: fewer than two candidates
126269,2014-11-04,State Representative,3rd Worcester,uncontested: fewer than two candidates
126223,2014-11-04,State Representative,4th Barnstable,uncontested: fewer than two candidates
126117,2014-11-04,State Representative,4th Berkshire,uncontested: fewer than two candidates
126315,2014-11-04,State Representative,4th Bristol,uncontested: fewer than two candidates
126275,2014-11-04,State Representative,4th Essex,uncontested: fewer than two candidates
126201,2014-11-04,State Representative,4th Suffolk,uncontested: fewer than two candidates
126251,2014-11-04,State Representative,5th Bristol,uncontested: fewer than two candidates
126285,2014-11-04,State Representative,5th Hampden,uncontested: fewer than two candidates
126222,2014-11-04,State Representative,5th Norfolk,uncontested: fewer than two candidates
126166,2014-11-04,State Representative,6th Norfolk,uncontested: fewer than two candidates
126206,2014-11-04,State Representative,6th Suffolk,uncontested: fewer than two candidates
126266,2014-11-04,State Representative,7th Bristol,uncontested: fewer than two candidates
126176,2014-11-04,State Representative,7th Hampden,uncontested: fewer than two candidates
126152,2014-11-04,State Representative,7th Middlesex,uncontested: fewer than two candidates
126309,2014-11-04,State Representative,7th Norfolk,uncontested: fewer than two candidates
126087,2014-11-04,State Representative,7th Plymouth,uncontested: fewer than two candidates
126205,2014-11-04,State Representative,7th Suffolk,uncontested: fewer than two candidates
126265,2014-11-04,State Representative,8th Bristol,uncontested: fewer than two candidates
126293,2014-11-04,State Representative,8th Essex,uncontested: fewer than two candidates
126242,2014-11-04,State Representative,8th Hampden,uncontested: fewer than two candidates
126303,2014-11-04,State Representative,8th Norfolk,uncontested: fewer than two candidates
126195,2014-11-04,State Representative,8th Suffolk,uncontested: fewer than two candidates
126306,2014-11-04,State Representative,9th Norfolk,uncontested: fewer than two candidates
126227,2014-11-04,State Representative,9th Plymouth,uncontested: fewer than two candidates
126202,2014-11-04,State Representative,9th Suffolk,uncontested: fewer than two candidates
126136,2014-11-04,State Representative,"Barnstable, Dukes and Nantucket",uncontested: fewer than two candidates
126220,2014-11-04,State Senate,1st Essex and Middlesex,uncontested: fewer than two candidates
126255,2014-11-04,State Senate,1st Middlesex,uncontested: fewer than two candidates
126231,2014-11-04,State Senate,1st Middlesex and Norfolk,uncontested: fewer than two candidates
126211,2014-11-04,State Senate,1st Suffolk and Middlesex,uncontested: fewer than two candidates
126106,2014-11-04,State Senate,2nd Bristol and Plymouth,uncontested: fewer than two candidates
126187,2014-11-04,State Senate,2nd Essex,uncontested: fewer than two candidates
126153,2014-11-04,State Senate,2nd Middlesex and Norfolk,uncontested: fewer than two candidates
126180,2014-11-04,State Senate,2nd Suffolk and Middlesex,uncontested: fewer than two candidates
126161,2014-11-04,State Senate,2nd Worcester,uncontested: fewer than two candidates
126297,2014-11-04,State Senate,3rd Essex,uncontested: fewer than two candidates
126141,2014-11-04,State Senate,4th Middlesex,uncontested: fewer than two candidates
126112,2014-11-04,State Senate,"Berkshire, Hampshire and Franklin",uncontested: fewer than two candidates
126158,2014-11-04,State Senate,Bristol and Norfolk,uncontested: fewer than two candidates
126245,2014-11-04,State Senate,Hampden,uncontested: fewer than two candidates
126128,2014-11-04,State Senate,"Hampshire, Franklin and Worcester",uncontested: fewer than two candidates
126213,2014-11-04,State Senate,Middlesex and Suffolk,uncontested: fewer than two candidates
126098,2014-11-04,State Senate,Middlesex and Worcester,uncontested: fewer than two candidates
126214,2014-11-04,State Senate,Norfolk and Suffolk,uncontested: fewer than two candidates
126167,2014-11-04,State Senate,"Norfolk, Bristol and Plymouth",uncontested: fewer than two candidates
126247,2014-11-04,State Senate,Plymouth and Norfolk,uncontested: fewer than two candidates
127016,2016-03-01,State Representative,9th Plymouth,uncontested: fewer than two candidates
130484,2016-05-10,State Representative,10th Essex,uncontested: fewer than two candidates
130482,2016-05-10,State Senate,1st Suffolk and Middlesex,uncontested: fewer than two candidates
130408,2016-11-08,State Representative,10th Bristol,uncontested: fewer than two candidates
130440,2016-11-08,State Representative,10th Essex,uncontested: fewer than two candidates
130472,2016-11-08,State Representative,10th Hampden,uncontested: fewer than two candidates
130457,2016-11-08,State Representative,10th Middlesex,uncontested: fewer than two candidates
130417,2016-11-08,State Representative,10th Norfolk,uncontested: fewer than two candidates
130372,2016-11-08,State Representative,10th Plymouth,uncontested: fewer than two candidates
130351,2016-11-08,State Representative,10th Suffolk,uncontested: fewer than two candidates
130258,2016-11-08,State Representative,11th Bristol,uncontested: fewer than two candidates
130438,2016-11-08,State Representative,11th Essex,uncontested: fewer than two candidates
130471,2016-11-08,State Representative,11th Hampden,uncontested: fewer than two candidates
130456,2016-11-08,State Representative,11th Middlesex,uncontested: fewer than two candidates
130394,2016-11-08,State Representative,11th Norfolk,uncontested: fewer than two candidates
130370,2016-11-08,State Representative,11th Plymouth,uncontested: fewer than two candidates
130469,2016-11-08,State Representative,11th Worcester,uncontested: fewer than two candidates
130326,2016-11-08,State Representative,12th Bristol,uncontested: fewer than two candidates
130461,2016-11-08,State Representative,12th Essex,uncontested: fewer than two candidates
130403,2016-11-08,State Representative,12th Hampden,uncontested: fewer than two candidates
130458,2016-11-08,State Representative,12th Middlesex,uncontested: fewer than two candidates
130354,2016-11-08,State Representative,12th Suffolk,uncontested: fewer than two candidates
130455,2016-11-08,State Representative,13th Bristol,uncontested: fewer than two candidates
130392,2016-11-08,State Representative,13th Essex,uncontested: fewer than two candidates
130416,2016-11-08,State Representative,13th Middlesex,uncontested: fewer than two candidates
130397,2016-11-08,State Representative,13th Norfolk,uncontested: fewer than two candidates
130353,2016-11-08,State Representative,13th Suffolk,uncontested: fewer than two candidates
130481,2016-11-08,State Representative,13th Worcester,uncontested: fewer than two candidates
130423,2016-11-08,State Representative,14th Essex,uncontested: fewer than two candidates
130476,2016-11-08,State Representative,14th Norfolk,uncontested: fewer than two candidates
130344,2016-11-08,State Representative,14th Suffolk,uncontested: fewer than two candidates
130477,2016-11-08,State Representative,14th Worcester,uncontested: fewer than two candidates
130434,2016-11-08,State Representative,15th Middlesex,uncontested: fewer than two candidates
130374,2016-11-08,State Representative,15th Norfolk,uncontested: fewer than two candidates
130341,2016-11-08,State Representative,15th Suffolk,uncontested: fewer than two candidates
130431,2016-11-08,State Representative,16th Essex,uncontested: fewer than two candidates
130384,2016-11-08,State Representative,16th Middlesex,uncontested: fewer than two candidates
130385,2016-11-08,State Representative,16th Suffolk,uncontested: fewer than two candidates
130280,2016-11-08,State Representative,17th Essex,uncontested: fewer than two candidates
130383,2016-11-08,State Representative,17th Middlesex,uncontested: fewer than two candidates
130348,2016-11-08,State Representative,17th Suffolk,uncontested: fewer than two candidates
130338,2016-11-08,State Representative,18th Suffolk,uncontested: fewer than two candidates
130396,2016-11-08,State Representative,18th Worcester,uncontested: fewer than two candidates
130475,2016-11-08,State Representative,19th Middlesex,uncontested: fewer than two candidates
130467,2016-11-08,State Representative,19th Suffolk,uncontested: fewer than two candidates
130315,2016-11-08,State Representative,1st Barnstable,uncontested: fewer than two candidates
130263,2016-11-08,State Representative,1st Berkshire,uncontested: fewer than two candidates
130296,2016-11-08,State Representative,1st Franklin,uncontested: fewer than two candidates
130369,2016-11-08,State Representative,1st Hampden,uncontested: fewer than two candidates
130421,2016-11-08,State Representative,1st Hampshire,uncontested: fewer than two candidates
130464,2016-11-08,State Representative,1st Norfolk,uncontested: fewer than two candidates
130343,2016-11-08,State Representative,1st Suffolk,uncontested: fewer than two candidates
130427,2016-11-08,State Representative,1st Worcester,uncontested: fewer than two candidates
130442,2016-11-08,State Representative,20th Middlesex,uncontested: fewer than two candidates
130288,2016-11-08,State Representative,23rd Middlesex,uncontested: fewer than two candidates
130287,2016-11-08,State Representative,24th Middlesex,uncontested: fewer than two candidates
130376,2016-11-08,State Representative,25th Middlesex,uncontested: fewer than two candidates
130378,2016-11-08,State Representative,26th Middlesex,uncontested: fewer than two candidates
130407,2016-11-08,State Representative,28th Middlesex,uncontested: fewer than two candidates
130377,2016-11-08,State Representative,29th Middlesex,uncontested: fewer than two candidates
130330,2016-11-08,State Representative,2nd Berkshire,uncontested: fewer than two candidates
130304,2016-11-08,State Representative,2nd Bristol,uncontested: fewer than two candidates
130363,2016-11-08,State Representative,2nd Essex,uncontested: fewer than two candidates
130301,2016-11-08,State Representative,2nd Franklin,uncontested: fewer than two candidates
130402,2016-11-08,State Representative,2nd Hampden,uncontested: fewer than two candidates
130404,2016-11-08,State Representative,2nd Hampshire,uncontested: fewer than two candidates
130382,2016-11-08,State Representative,2nd Middlesex,uncontested: fewer than two candidates
130465,2016-11-08,State Representative,2nd Norfolk,uncontested: fewer than two candidates
130347,2016-11-08,State Representative,2nd Suffolk,uncontested: fewer than two candidates
130291,2016-11-08,State Representative,2nd Worcester,uncontested: fewer than two candidates
130466,2016-11-08,State Representative,30th Middlesex,uncontested: fewer than two candidates
130444,2016-11-08,State Representative,32nd Middlesex,uncontested: fewer than two candidates
130445,2016-11-08,State Representative,33rd Middlesex,uncontested: fewer than two candidates
130451,2016-11-08,State Representative,34th Middlesex,uncontested: fewer than two candidates
130443,2016-11-08,State Representative,35th Middlesex,uncontested: fewer than two candidates
130398,2016-11-08,State Representative,36th Middlesex,uncontested: fewer than two candidates
130251,2016-11-08,State Representative,37th Middlesex,uncontested: fewer than two candidates
130424,2016-11-08,State Representative,3rd Essex,uncontested: fewer than two candidates
130276,2016-11-08,State Representative,3rd Hampshire,uncontested: fewer than two candidates
130334,2016-11-08,State Representative,3rd Middlesex,uncontested: fewer than two candidates
130426,2016-11-08,State Representative,3rd Norfolk,uncontested: fewer than two candidates
130352,2016-11-08,State Representative,3rd Suffolk,uncontested: fewer than two candidates
130413,2016-11-08,State Representative,3rd Worcester,uncontested: fewer than two candidates
130367,2016-11-08,State Representative,4th Barnstable,uncontested: fewer than two candidates
130269,2016-11-08,State Representative,4th Berkshire,uncontested: fewer than two candidates
130419,2016-11-08,State Representative,4th Essex,uncontested: fewer than two candidates
130478,2016-11-08,State Representative,4th Hampden,uncontested: fewer than two candidates
130425,2016-11-08,State Representative,4th Norfolk,uncontested: fewer than two candidates
130345,2016-11-08,State Representative,4th Suffolk,uncontested: fewer than two candidates
130314,2016-11-08,State Representative,5th Barnstable,uncontested: fewer than two candidates
130395,2016-11-08,State Representative,5th Bristol,uncontested: fewer than two candidates
130406,2016-11-08,State Representative,5th Essex,uncontested: fewer than two candidates
130429,2016-11-08,State Representative,5th Hampden,uncontested: fewer than two candidates
130452,2016-11-08,State Representative,5th Middlesex,uncontested: fewer than two candidates
130366,2016-11-08,State Representative,5th Norfolk,uncontested: fewer than two candidates
130318,2016-11-08,State Representative,5th Worcester,uncontested: fewer than two candidates
130411,2016-11-08,State Representative,6th Bristol,uncontested: fewer than two candidates
130388,2016-11-08,State Representative,6th Hampden,uncontested: fewer than two candidates
130415,2016-11-08,State Representative,6th Middlesex,uncontested: fewer than two candidates
130310,2016-11-08,State Representative,6th Norfolk,uncontested: fewer than two candidates
130350,2016-11-08,State Representative,6th Suffolk,uncontested: fewer than two candidates
130381,2016-11-08,State Representative,6th Worcester,uncontested: fewer than two candidates
130410,2016-11-08,State Representative,7th Bristol,uncontested: fewer than two candidates
130468,2016-11-08,State Representative,7th Essex,uncontested: fewer than two candidates
130321,2016-11-08,State Representative,7th Hampden,uncontested: fewer than two candidates
130453,2016-11-08,State Representative,7th Norfolk,uncontested: fewer than two candidates
130245,2016-11-08,State Representative,7th Plymouth,uncontested: fewer than two candidates
130349,2016-11-08,State Representative,7th Suffolk,uncontested: fewer than two candidates
130409,2016-11-08,State Representative,8th Bristol,uncontested: fewer than two candidates
130437,2016-11-08,State Representative,8th Essex,uncontested: fewer than two candidates
130386,2016-11-08,State Representative,8th Hampden,uncontested: fewer than two candidates
130428,2016-11-08,State Representative,8th Middlesex,uncontested: fewer than two candidates
130447,2016-11-08,State Representative,8th Norfolk,uncontested: fewer than two candidates
130368,2016-11-08,State Representative,8th Plymouth,uncontested: fewer than two candidates
130339,2016-11-08,State Representative,8th Suffolk,uncontested: fewer than two candidates
130323,2016-11-08,State Representative,8th Worcester,uncontested: fewer than two candidates
130393,2016-11-08,State Representative,9th Bristol,uncontested: fewer than two candidates
130346,2016-11-08,State Representative,9th Suffolk,uncontested: fewer than two candidates
130418,2016-11-08,State Representative,9th Worcester,uncontested: fewer than two candidates
130412,2016-11-08,State Senate,1st Bristol and Plymouth,uncontested: fewer than two candidates
130273,2016-11-08,State Senate,1st Essex,uncontested: fewer than two candidates
130364,2016-11-08,State Senate,1st Essex and Middlesex,uncontested: fewer than two candidates
130399,2016-11-08,State Senate,1st Middlesex,uncontested: fewer than two candidates
130375,2016-11-08,State Senate,1st Middlesex and Norfolk,uncontested: fewer than two candidates
130356,2016-11-08,State Senate,1st Suffolk,uncontested: fewer than two candidates
130355,2016-11-08,State Senate,1st Suffolk and Middlesex,uncontested: fewer than two candidates
130365,2016-11-08,State Senate,1st Worcester,uncontested: fewer than two candidates
130259,2016-11-08,State Senate,2nd Bristol and Plymouth,uncontested: fewer than two candidates
130332,2016-11-08,State Senate,2nd Essex,uncontested: fewer than two candidates
130379,2016-11-08,State Senate,2nd Middlesex,uncontested: fewer than two candidates
130300,2016-11-08,State Senate,2nd Middlesex and Norfolk,uncontested: fewer than two candidates
130373,2016-11-08,State Senate,2nd Plymouth and Bristol,uncontested: fewer than two candidates
130359,2016-11-08,State Senate,2nd Suffolk,uncontested: fewer than two candidates
130325,2016-11-08,State Senate,2nd Suffolk and Middlesex,uncontested: fewer than two candidates
130441,2016-11-08,State Senate,3rd Essex,uncontested: fewer than two candidates
130320,2016-11-08,State Senate,3rd Middlesex,uncontested: fewer than two candidates
130289,2016-11-08,State Senate,4th Middlesex,uncontested: fewer than two candidates
130305,2016-11-08,State Senate,Bristol and Norfolk,uncontested: fewer than two candidates
130389,2016-11-08,State Senate,Hampden,uncontested: fewer than two candidates
130357,2016-11-08,State Senate,Middlesex and Suffolk,uncontested: fewer than two candidates
130358,2016-11-08,State Senate,Norfolk and Suffolk,uncontested: fewer than two candidates
130362,2016-11-08,State Senate,Plymouth and Barnstable,uncontested: fewer than two candidates
130329,2016-11-08,State Senate,Worcester and Middlesex,uncontested: fewer than two candidates
130324,2016-11-08,State Senate,Worcester and Norfolk,uncontested: fewer than two candidates
130513,2018-03-06,State Senate,3rd Essex,uncontested: fewer than two candidates
131675,2018-11-06,State Representative,10th Bristol,uncontested: fewer than two candidates
131707,2018-11-06,State Representative,10th Essex,uncontested: fewer than two candidates
131739,2018-11-06,State Representative,10th Hampden,uncontested: fewer than two candidates
131724,2018-11-06,State Representative,10th Middlesex,uncontested: fewer than two candidates
131619,2018-11-06,State Representative,10th Suffolk,uncontested: fewer than two candidates
131519,2018-11-06,State Representative,11th Bristol,uncontested: fewer than two candidates
131705,2018-11-06,State Representative,11th Essex,uncontested: fewer than two candidates
131738,2018-11-06,State Representative,11th Hampden,uncontested: fewer than two candidates
131723,2018-11-06,State Representative,11th Middlesex,uncontested: fewer than two candidates
131637,2018-11-06,State Representative,11th Plymouth,uncontested: fewer than two candidates
131608,2018-11-06,State Representative,11th Suffolk,uncontested: fewer than two candidates
131736,2018-11-06,State Representative,11th Worcester,uncontested: fewer than two candidates
131728,2018-11-06,State Representative,12th Essex,uncontested: fewer than two candidates
131725,2018-11-06,State Representative,12th Middlesex,uncontested: fewer than two candidates
131727,2018-11-06,State Representative,12th Norfolk,uncontested: fewer than two candidates
131622,2018-11-06,State Representative,12th Suffolk,uncontested: fewer than two candidates
131683,2018-11-06,State Representative,13th Middlesex,uncontested: fewer than two candidates
131664,2018-11-06,State Representative,13th Norfolk,uncontested: fewer than two candidates
131621,2018-11-06,State Representative,13th Suffolk,uncontested: fewer than two candidates
131747,2018-11-06,State Representative,13th Worcester,uncontested: fewer than two candidates
131569,2018-11-06,State Representative,14th Bristol,uncontested: fewer than two candidates
131742,2018-11-06,State Representative,14th Norfolk,uncontested: fewer than two candidates
131612,2018-11-06,State Representative,14th Suffolk,uncontested: fewer than two candidates
131743,2018-11-06,State Representative,14th Worcester,uncontested: fewer than two candidates
131701,2018-11-06,State Representative,15th Middlesex,uncontested: fewer than two candidates
131641,2018-11-06,State Representative,15th Norfolk,uncontested: fewer than two candidates
131609,2018-11-06,State Representative,15th Suffolk,uncontested: fewer than two candidates
131745,2018-11-06,State Representative,15th Worcester,uncontested: fewer than two candidates
131698,2018-11-06,State Representative,16th Essex,uncontested: fewer than two candidates
131651,2018-11-06,State Representative,16th Middlesex,uncontested: fewer than two candidates
131652,2018-11-06,State Representative,16th Suffolk,uncontested: fewer than two candidates
131746,2018-11-06,State Representative,16th Worcester,uncontested: fewer than two candidates
131544,2018-11-06,State Representative,17th Essex,uncontested: fewer than two candidates
131650,2018-11-06,State Representative,17th Middlesex,uncontested: fewer than two candidates
131616,2018-11-06,State Representative,17th Suffolk,uncontested: fewer than two candidates
131703,2018-11-06,State Representative,18th Middlesex,uncontested: fewer than two candidates
131606,2018-11-06,State Representative,18th Suffolk,uncontested: fewer than two candidates
131663,2018-11-06,State Representative,18th Worcester,uncontested: fewer than two candidates
131734,2018-11-06,State Representative,19th Suffolk,uncontested: fewer than two candidates
131525,2018-11-06,State Representative,1st Berkshire,uncontested: fewer than two candidates
131681,2018-11-06,State Representative,1st Bristol,uncontested: fewer than two candidates
131563,2018-11-06,State Representative,1st Franklin,uncontested: fewer than two candidates
131688,2018-11-06,State Representative,1st Hampshire,uncontested: fewer than two candidates
131560,2018-11-06,State Representative,1st Middlesex,uncontested: fewer than two candidates
131731,2018-11-06,State Representative,1st Norfolk,uncontested: fewer than two candidates
131611,2018-11-06,State Representative,1st Suffolk,uncontested: fewer than two candidates
131709,2018-11-06,State Representative,20th Middlesex,uncontested: fewer than two candidates
131584,2018-11-06,State Representative,21st Middlesex,uncontested: fewer than two candidates
131553,2018-11-06,State Representative,23rd Middlesex,uncontested: fewer than two candidates
131552,2018-11-06,State Representative,24th Middlesex,uncontested: fewer than two candidates
131643,2018-11-06,State Representative,25th Middlesex,uncontested: fewer than two candidates
131645,2018-11-06,State Representative,26th Middlesex,uncontested: fewer than two candidates
131737,2018-11-06,State Representative,27th Middlesex,uncontested: fewer than two candidates
131674,2018-11-06,State Representative,28th Middlesex,uncontested: fewer than two candidates
131644,2018-11-06,State Representative,29th Middlesex,uncontested: fewer than two candidates
131595,2018-11-06,State Representative,2nd Berkshire,uncontested: fewer than two candidates
131615,2018-11-06,State Representative,2nd Suffolk,uncontested: fewer than two candidates
131711,2018-11-06,State Representative,32nd Middlesex,uncontested: fewer than two candidates
131712,2018-11-06,State Representative,33rd Middlesex,uncontested: fewer than two candidates
131718,2018-11-06,State Representative,34th Middlesex,uncontested: fewer than two candidates
131710,2018-11-06,State Representative,35th Middlesex,uncontested: fewer than two candidates
131513,2018-11-06,State Representative,37th Middlesex,uncontested: fewer than two candidates
131628,2018-11-06,State Representative,3rd Barnstable,uncontested: fewer than two candidates
131729,2018-11-06,State Representative,3rd Berkshire,uncontested: fewer than two candidates
131691,2018-11-06,State Representative,3rd Essex,uncontested: fewer than two candidates
131599,2018-11-06,State Representative,3rd Middlesex,uncontested: fewer than two candidates
131620,2018-11-06,State Representative,3rd Suffolk,uncontested: fewer than two candidates
131634,2018-11-06,State Representative,4th Barnstable,uncontested: fewer than two candidates
131531,2018-11-06,State Representative,4th Berkshire,uncontested: fewer than two candidates
131726,2018-11-06,State Representative,4th Bristol,uncontested: fewer than two candidates
131744,2018-11-06,State Representative,4th Hampden,uncontested: fewer than two candidates
131692,2018-11-06,State Representative,4th Norfolk,uncontested: fewer than two candidates
131613,2018-11-06,State Representative,4th Suffolk,uncontested: fewer than two candidates
131662,2018-11-06,State Representative,5th Bristol,uncontested: fewer than two candidates
131696,2018-11-06,State Representative,5th Hampden,uncontested: fewer than two candidates
131719,2018-11-06,State Representative,5th Middlesex,uncontested: fewer than two candidates
131633,2018-11-06,State Representative,5th Norfolk,uncontested: fewer than two candidates
131655,2018-11-06,State Representative,6th Hampden,uncontested: fewer than two candidates
131682,2018-11-06,State Representative,6th Middlesex,uncontested: fewer than two candidates
131577,2018-11-06,State Representative,6th Norfolk,uncontested: fewer than two candidates
131667,2018-11-06,State Representative,6th Plymouth,uncontested: fewer than two candidates
131618,2018-11-06,State Representative,6th Suffolk,uncontested: fewer than two candidates
131648,2018-11-06,State Representative,6th Worcester,uncontested: fewer than two candidates
131677,2018-11-06,State Representative,7th Bristol,uncontested: fewer than two candidates
131735,2018-11-06,State Representative,7th Essex,uncontested: fewer than two candidates
131586,2018-11-06,State Representative,7th Hampden,uncontested: fewer than two candidates
131565,2018-11-06,State Representative,7th Middlesex,uncontested: fewer than two candidates
131720,2018-11-06,State Representative,7th Norfolk,uncontested: fewer than two candidates
131617,2018-11-06,State Representative,7th Suffolk,uncontested: fewer than two candidates
131676,2018-11-06,State Representative,8th Bristol,uncontested: fewer than two candidates
131704,2018-11-06,State Representative,8th Essex,uncontested: fewer than two candidates
131653,2018-11-06,State Representative,8th Hampden,uncontested: fewer than two candidates
131695,2018-11-06,State Representative,8th Middlesex,uncontested: fewer than two candidates
131714,2018-11-06,State Representative,8th Norfolk,uncontested: fewer than two candidates
131635,2018-11-06,State Representative,8th Plymouth,uncontested: fewer than two candidates
131607,2018-11-06,State Representative,8th Suffolk,uncontested: fewer than two candidates
131660,2018-11-06,State Representative,9th Bristol,uncontested: fewer than two candidates
131654,2018-11-06,State Representative,9th Hampden,uncontested: fewer than two candidates
131702,2018-11-06,State Representative,9th Middlesex,uncontested: fewer than two candidates
131638,2018-11-06,State Representative,9th Plymouth,uncontested: fewer than two candidates
131614,2018-11-06,State Representative,9th Suffolk,uncontested: fewer than two candidates
131685,2018-11-06,State Representative,9th Worcester,uncontested: fewer than two candidates
131549,2018-11-06,State Representative,"Barnstable, Dukes and Nantucket",uncontested: fewer than two candidates
131679,2018-11-06,State Senate,1st Bristol and Plymouth,uncontested: fewer than two candidates
131631,2018-11-06,State Senate,1st Essex and Middlesex,uncontested: fewer than two candidates
131587,2018-11-06,State Senate,1st Hampden and Hampshire,uncontested: fewer than two candidates
131642,2018-11-06,State Senate,1st Middlesex and Norfolk,uncontested: fewer than two candidates
131592,2018-11-06,State Senate,1st Plymouth and Bristol,uncontested: fewer than two candidates
131624,2018-11-06,State Senate,1st Suffolk,uncontested: fewer than two candidates
131623,2018-11-06,State Senate,1st Suffolk and Middlesex,uncontested: fewer than two candidates
131632,2018-11-06,State Senate,1st Worcester,uncontested: fewer than two candidates
131520,2018-11-06,State Senate,2nd Bristol and Plymouth,uncontested: fewer than two candidates
131597,2018-11-06,State Senate,2nd Essex,uncontested: fewer than two candidates
131530,2018-11-06,State Senate,2nd Hampden and Hampshire,uncontested: fewer than two candidates
131646,2018-11-06,State Senate,2nd Middlesex,uncontested: fewer than two candidates
131566,2018-11-06,State Senate,2nd Middlesex and Norfolk,uncontested: fewer than two candidates
131627,2018-11-06,State Senate,2nd Suffolk,uncontested: fewer than two candidates
131590,2018-11-06,State Senate,2nd Suffolk and Middlesex,uncontested: fewer than two candidates
131574,2018-11-06,State Senate,2nd Worcester,uncontested: fewer than two candidates
131708,2018-11-06,State Senate,3rd Essex,uncontested: fewer than two candidates
131585,2018-11-06,State Senate,3rd Middlesex,uncontested: fewer than two candidates
131554,2018-11-06,State Senate,4th Middlesex,uncontested: fewer than two candidates
131526,2018-11-06,State Senate,"Berkshire, Hampshire and Franklin",uncontested: fewer than two candidates
131656,2018-11-06,State Senate,Hampden,uncontested: fewer than two candidates
131542,2018-11-06,State Senate,"Hampshire, Franklin and Worcester",uncontested: fewer than two candidates
131625,2018-11-06,State Senate,Middlesex and Suffolk,uncontested: fewer than two candidates
131626,2018-11-06,State Senate,Norfolk and Suffolk,uncontested: fewer than two candidates
131578,2018-11-06,State Senate,"Norfolk, Bristol and Plymouth",uncontested: fewer than two candidates
140920,2020-11-03,State Representative,10th Bristol,uncontested: fewer than two candidates
140952,2020-11-03,State Representative,10th Essex,uncontested: fewer than two candidates
140984,2020-11-03,State Representative,10th Hampden,uncontested: fewer than two candidates
140969,2020-11-03,State Representative,10th Middlesex,uncontested: fewer than two candidates
140929,2020-11-03,State Representative,10th Norfolk,uncontested: fewer than two candidates
140884,2020-11-03,State Representative,10th Plymouth,uncontested: fewer than two candidates
140864,2020-11-03,State Representative,10th Suffolk,uncontested: fewer than two candidates
140942,2020-11-03,State Representative,10th Worcester,uncontested: fewer than two candidates
140768,2020-11-03,State Representative,11th Bristol,uncontested: fewer than two candidates
140950,2020-11-03,State Representative,11th Essex,uncontested: fewer than two candidates
140968,2020-11-03,State Representative,11th Middlesex,uncontested: fewer than two candidates
140906,2020-11-03,State Representative,11th Norfolk,uncontested: fewer than two candidates
140882,2020-11-03,State Representative,11th Plymouth,uncontested: fewer than two candidates
140853,2020-11-03,State Representative,11th Suffolk,uncontested: fewer than two candidates
140981,2020-11-03,State Representative,11th Worcester,uncontested: fewer than two candidates
140839,2020-11-03,State Representative,12th Bristol,uncontested: fewer than two candidates
140973,2020-11-03,State Representative,12th Essex,uncontested: fewer than two candidates
140915,2020-11-03,State Representative,12th Hampden,uncontested: fewer than two candidates
140970,2020-11-03,State Representative,12th Middlesex,uncontested: fewer than two candidates
140972,2020-11-03,State Representative,12th Norfolk,uncontested: fewer than two candidates
140867,2020-11-03,State Representative,12th Suffolk,uncontested: fewer than two candidates
140967,2020-11-03,State Representative,13th Bristol,uncontested: fewer than two candidates
140909,2020-11-03,State Representative,13th Norfolk,uncontested: fewer than two candidates
140866,2020-11-03,State Representative,13th Suffolk,uncontested: fewer than two candidates
140992,2020-11-03,State Representative,13th Worcester,uncontested: fewer than two candidates
140935,2020-11-03,State Representative,14th Essex,uncontested: fewer than two candidates
140760,2020-11-03,State Representative,14th Middlesex,uncontested: fewer than two candidates
140987,2020-11-03,State Representative,14th Norfolk,uncontested: fewer than two candidates
140857,2020-11-03,State Representative,14th Suffolk,uncontested: fewer than two candidates
140988,2020-11-03,State Representative,14th Worcester,uncontested: fewer than two candidates
140934,2020-11-03,State Representative,15th Essex,uncontested: fewer than two candidates
140946,2020-11-03,State Representative,15th Middlesex,uncontested: fewer than two candidates
140886,2020-11-03,State Representative,15th Norfolk,uncontested: fewer than two candidates
140854,2020-11-03,State Representative,15th Suffolk,uncontested: fewer than two candidates
140990,2020-11-03,State Representative,15th Worcester,uncontested: fewer than two candidates
140943,2020-11-03,State Representative,16th Essex,uncontested: fewer than two candidates
140896,2020-11-03,State Representative,16th Middlesex,uncontested: fewer than two candidates
140897,2020-11-03,State Representative,16th Suffolk,uncontested: fewer than two candidates
140991,2020-11-03,State Representative,16th Worcester,uncontested: fewer than two candidates
140789,2020-11-03,State Representative,17th Essex,uncontested: fewer than two candidates
140895,2020-11-03,State Representative,17th Middlesex,uncontested: fewer than two candidates
140861,2020-11-03,State Representative,17th Suffolk,uncontested: fewer than two candidates
140944,2020-11-03,State Representative,17th Worcester,uncontested: fewer than two candidates
140948,2020-11-03,State Representative,18th Middlesex,uncontested: fewer than two candidates
140851,2020-11-03,State Representative,18th Suffolk,uncontested: fewer than two candidates
140908,2020-11-03,State Representative,18th Worcester,uncontested: fewer than two candidates
140979,2020-11-03,State Representative,19th Suffolk,uncontested: fewer than two candidates
140773,2020-11-03,State Representative,1st Berkshire,uncontested: fewer than two candidates
140808,2020-11-03,State Representative,1st Franklin,uncontested: fewer than two candidates
140881,2020-11-03,State Representative,1st Hampden,uncontested: fewer than two candidates
140933,2020-11-03,State Representative,1st Hampshire,uncontested: fewer than two candidates
140976,2020-11-03,State Representative,1st Norfolk,uncontested: fewer than two candidates
140856,2020-11-03,State Representative,1st Suffolk,uncontested: fewer than two candidates
140939,2020-11-03,State Representative,1st Worcester,uncontested: fewer than two candidates
140832,2020-11-03,State Representative,21st Middlesex,uncontested: fewer than two candidates
140799,2020-11-03,State Representative,23rd Middlesex,uncontested: fewer than two candidates
140798,2020-11-03,State Representative,24th Middlesex,uncontested: fewer than two candidates
140888,2020-11-03,State Representative,25th Middlesex,uncontested: fewer than two candidates
140890,2020-11-03,State Representative,26th Middlesex,uncontested: fewer than two candidates
140982,2020-11-03,State Representative,27th Middlesex,uncontested: fewer than two candidates
140919,2020-11-03,State Representative,28th Middlesex,uncontested: fewer than two candidates
140889,2020-11-03,State Representative,29th Middlesex,uncontested: fewer than two candidates
140843,2020-11-03,State Representative,2nd Berkshire,uncontested: fewer than two candidates
140815,2020-11-03,State Representative,2nd Bristol,uncontested: fewer than two candidates
140914,2020-11-03,State Representative,2nd Hampden,uncontested: fewer than two candidates
140916,2020-11-03,State Representative,2nd Hampshire,uncontested: fewer than two candidates
140894,2020-11-03,State Representative,2nd Middlesex,uncontested: fewer than two candidates
140977,2020-11-03,State Representative,2nd Norfolk,uncontested: fewer than two candidates
140892,2020-11-03,State Representative,2nd Plymouth,uncontested: fewer than two candidates
140860,2020-11-03,State Representative,2nd Suffolk,uncontested: fewer than two candidates
140978,2020-11-03,State Representative,30th Middlesex,uncontested: fewer than two candidates
140956,2020-11-03,State Representative,32nd Middlesex,uncontested: fewer than two candidates
140957,2020-11-03,State Representative,33rd Middlesex,uncontested: fewer than two candidates
140963,2020-11-03,State Representative,34th Middlesex,uncontested: fewer than two candidates
140955,2020-11-03,State Representative,35th Middlesex,uncontested: fewer than two candidates
140910,2020-11-03,State Representative,36th Middlesex,uncontested: fewer than two candidates
140873,2020-11-03,State Representative,3rd Barnstable,uncontested: fewer than two candidates
140974,2020-11-03,State Representative,3rd Berkshire,uncontested: fewer than two candidates
140936,2020-11-03,State Representative,3rd Essex,uncontested: fewer than two candidates
140786,2020-11-03,State Representative,3rd Hampshire,uncontested: fewer than two candidates
140847,2020-11-03,State Representative,3rd Middlesex,uncontested: fewer than two candidates
140902,2020-11-03,State Representative,3rd Plymouth,uncontested: fewer than two candidates
140865,2020-11-03,State Representative,3rd Suffolk,uncontested: fewer than two candidates
140879,2020-11-03,State Representative,4th Barnstable,uncontested: fewer than two candidates
140778,2020-11-03,State Representative,4th Berkshire,uncontested: fewer than two candidates
140971,2020-11-03,State Representative,4th Bristol,uncontested: fewer than two candidates
140931,2020-11-03,State Representative,4th Essex,uncontested: fewer than two candidates
140858,2020-11-03,State Representative,4th Suffolk,uncontested: fewer than two candidates
140907,2020-11-03,State Representative,5th Bristol,uncontested: fewer than two candidates
140918,2020-11-03,State Representative,5th Essex,uncontested: fewer than two candidates
140941,2020-11-03,State Representative,5th Hampden,uncontested: fewer than two candidates
140964,2020-11-03,State Representative,5th Middlesex,uncontested: fewer than two candidates
140855,2020-11-03,State Representative,5th Suffolk,uncontested: fewer than two candidates
140923,2020-11-03,State Representative,6th Bristol,uncontested: fewer than two candidates
140900,2020-11-03,State Representative,6th Hampden,uncontested: fewer than two candidates
140927,2020-11-03,State Representative,6th Middlesex,uncontested: fewer than two candidates
140823,2020-11-03,State Representative,6th Norfolk,uncontested: fewer than two candidates
140863,2020-11-03,State Representative,6th Suffolk,uncontested: fewer than two candidates
140893,2020-11-03,State Representative,6th Worcester,uncontested: fewer than two candidates
140922,2020-11-03,State Representative,7th Bristol,uncontested: fewer than two candidates
140980,2020-11-03,State Representative,7th Essex,uncontested: fewer than two candidates
140810,2020-11-03,State Representative,7th Middlesex,uncontested: fewer than two candidates
140965,2020-11-03,State Representative,7th Norfolk,uncontested: fewer than two candidates
140754,2020-11-03,State Representative,7th Plymouth,uncontested: fewer than two candidates
140862,2020-11-03,State Representative,7th Suffolk,uncontested: fewer than two candidates
140949,2020-11-03,State Representative,8th Essex,uncontested: fewer than two candidates
140898,2020-11-03,State Representative,8th Hampden,uncontested: fewer than two candidates
140940,2020-11-03,State Representative,8th Middlesex,uncontested: fewer than two candidates
140959,2020-11-03,State Representative,8th Norfolk,uncontested: fewer than two candidates
140880,2020-11-03,State Representative,8th Plymouth,uncontested: fewer than two candidates
140852,2020-11-03,State Representative,8th Suffolk,uncontested: fewer than two candidates
140836,2020-11-03,State Representative,8th Worcester,uncontested: fewer than two candidates
140905,2020-11-03,State Representative,9th Bristol,uncontested: fewer than two candidates
140951,2020-11-03,State Representative,9th Essex,uncontested: fewer than two candidates
140883,2020-11-03,State Representative,9th Plymouth,uncontested: fewer than two candidates
140859,2020-11-03,State Representative,9th Suffolk,uncontested: fewer than two candidates
140930,2020-11-03,State Representative,9th Worcester,uncontested: fewer than two candidates
140795,2020-11-03,State Representative,"Barnstable, Dukes and Nantucket",uncontested: fewer than two candidates
140924,2020-11-03,State Senate,1st Bristol and Plymouth,uncontested: fewer than two candidates
140783,2020-11-03,State Senate,1st Essex,uncontested: fewer than two candidates
140876,2020-11-03,State Senate,1st Essex and Middlesex,uncontested: fewer than two candidates
140835,2020-11-03,State Senate,1st Hampden and Hampshire,uncontested: fewer than two candidates
140911,2020-11-03,State Senate,1st Middlesex,uncontested: fewer than two candidates
140887,2020-11-03,State Senate,1st Middlesex and Norfolk,uncontested: fewer than two candidates
140840,2020-11-03,State Senate,1st Plymouth and Bristol,uncontested: fewer than two candidates
140869,2020-11-03,State Senate,1st Suffolk,uncontested: fewer than two candidates
140868,2020-11-03,State Senate,1st Suffolk and Middlesex,uncontested: fewer than two candidates
140877,2020-11-03,State Senate,1st Worcester,uncontested: fewer than two candidates
140769,2020-11-03,State Senate,2nd Bristol and Plymouth,uncontested: fewer than two candidates
140845,2020-11-03,State Senate,2nd Essex,uncontested: fewer than two candidates
140790,2020-11-03,State Senate,2nd Essex and Middlesex,uncontested: fewer than two candidates
140891,2020-11-03,State Senate,2nd Middlesex,uncontested: fewer than two candidates
140811,2020-11-03,State Senate,2nd Middlesex and Norfolk,uncontested: fewer than two candidates
140885,2020-11-03,State Senate,2nd Plymouth and Bristol,uncontested: fewer than two candidates
140872,2020-11-03,State Senate,2nd Suffolk,uncontested: fewer than two candidates
140838,2020-11-03,State Senate,2nd Suffolk and Middlesex,uncontested: fewer than two candidates
140819,2020-11-03,State Senate,2nd Worcester,uncontested: fewer than two candidates
140953,2020-11-03,State Senate,3rd Essex,uncontested: fewer than two candidates
140833,2020-11-03,State Senate,3rd Middlesex,uncontested: fewer than two candidates
140800,2020-11-03,State Senate,4th Middlesex,uncontested: fewer than two candidates
140958,2020-11-03,State Senate,5th Middlesex,uncontested: fewer than two candidates
140774,2020-11-03,State Senate,"Berkshire, Hampshire, Franklin & Hampden",uncontested: fewer than two candidates
140816,2020-11-03,State Senate,Bristol and Norfolk,uncontested: fewer than two candidates
140796,2020-11-03,State Senate,Cape and Islands,uncontested: fewer than two candidates
140901,2020-11-03,State Senate,Hampden,uncontested: fewer than two candidates
140787,2020-11-03,State Senate,"Hampshire, Franklin and Worcester",uncontested: fewer than two candidates
140870,2020-11-03,State Senate,Middlesex and Suffolk,uncontested: fewer than two candidates
140762,2020-11-03,State Senate,Middlesex and Worcester,uncontested: fewer than two candidates
140871,2020-11-03,State Senate,Norfolk and Suffolk,uncontested: fewer than two candidates
140824,2020-11-03,State Senate,"Norfolk, Bristol and Plymouth",uncontested: fewer than two candidates
145908,2022-01-11,State Senate,1st Suffolk and Middlesex,uncontested: fewer than two candidates
154547,2022-11-08,State Representative,10th Essex,uncontested: fewer than two candidates
154581,2022-11-08,State Representative,10th Hampden,uncontested: fewer than two candidates
154564,2022-11-08,State Representative,10th Middlesex,uncontested: fewer than two candidates
154479,2022-11-08,State Representative,10th Plymouth,uncontested: fewer than two candidates
154459,2022-11-08,State Representative,10th Suffolk,uncontested: fewer than two candidates
154534,2022-11-08,State Representative,10th Worcester,uncontested: fewer than two candidates
154561,2022-11-08,State Representative,11th Bristol,uncontested: fewer than two candidates
154545,2022-11-08,State Representative,11th Essex,uncontested: fewer than two candidates
154579,2022-11-08,State Representative,11th Hampden,uncontested: fewer than two candidates
154563,2022-11-08,State Representative,11th Middlesex,uncontested: fewer than two candidates
154502,2022-11-08,State Representative,11th Norfolk,uncontested: fewer than two candidates
154477,2022-11-08,State Representative,11th Plymouth,uncontested: fewer than two candidates
154435,2022-11-08,State Representative,12th Bristol,uncontested: fewer than two candidates
154567,2022-11-08,State Representative,12th Essex,uncontested: fewer than two candidates
154510,2022-11-08,State Representative,12th Hampden,uncontested: fewer than two candidates
154481,2022-11-08,State Representative,12th Middlesex,uncontested: fewer than two candidates
154566,2022-11-08,State Representative,12th Norfolk,uncontested: fewer than two candidates
154462,2022-11-08,State Representative,12th Suffolk,uncontested: fewer than two candidates
154562,2022-11-08,State Representative,13th Bristol,uncontested: fewer than two candidates
154500,2022-11-08,State Representative,13th Essex,uncontested: fewer than two candidates
154499,2022-11-08,State Representative,13th Middlesex,uncontested: fewer than two candidates
154505,2022-11-08,State Representative,13th Norfolk,uncontested: fewer than two candidates
154461,2022-11-08,State Representative,13th Suffolk,uncontested: fewer than two candidates
154589,2022-11-08,State Representative,13th Worcester,uncontested: fewer than two candidates
154411,2022-11-08,State Representative,14th Bristol,uncontested: fewer than two candidates
154452,2022-11-08,State Representative,14th Suffolk,uncontested: fewer than two candidates
154585,2022-11-08,State Representative,14th Worcester,uncontested: fewer than two candidates
154528,2022-11-08,State Representative,15th Essex,uncontested: fewer than two candidates
154539,2022-11-08,State Representative,15th Middlesex,uncontested: fewer than two candidates
154480,2022-11-08,State Representative,15th Norfolk,uncontested: fewer than two candidates
154449,2022-11-08,State Representative,15th Suffolk,uncontested: fewer than two candidates
154587,2022-11-08,State Representative,15th Worcester,uncontested: fewer than two candidates
154536,2022-11-08,State Representative,16th Essex,uncontested: fewer than two candidates
154574,2022-11-08,State Representative,16th Suffolk,uncontested: fewer than two candidates
154588,2022-11-08,State Representative,16th Worcester,uncontested: fewer than two candidates
154386,2022-11-08,State Representative,17th Essex,uncontested: fewer than two candidates
154543,2022-11-08,State Representative,17th Middlesex,uncontested: fewer than two candidates
154456,2022-11-08,State Representative,17th Suffolk,uncontested: fewer than two candidates
154542,2022-11-08,State Representative,18th Middlesex,uncontested: fewer than two candidates
154447,2022-11-08,State Representative,18th Suffolk,uncontested: fewer than two candidates
154504,2022-11-08,State Representative,18th Worcester,uncontested: fewer than two candidates
154573,2022-11-08,State Representative,19th Suffolk,uncontested: fewer than two candidates
154364,2022-11-08,State Representative,1st Berkshire,uncontested: fewer than two candidates
154404,2022-11-08,State Representative,1st Franklin,uncontested: fewer than two candidates
154476,2022-11-08,State Representative,1st Hampden,uncontested: fewer than two candidates
154493,2022-11-08,State Representative,1st Hampshire,uncontested: fewer than two candidates
154570,2022-11-08,State Representative,1st Norfolk,uncontested: fewer than two candidates
154451,2022-11-08,State Representative,1st Suffolk,uncontested: fewer than two candidates
154532,2022-11-08,State Representative,1st Worcester,uncontested: fewer than two candidates
154549,2022-11-08,State Representative,20th Middlesex,uncontested: fewer than two candidates
154428,2022-11-08,State Representative,21st Middlesex,uncontested: fewer than two candidates
154395,2022-11-08,State Representative,23rd Middlesex,uncontested: fewer than two candidates
154394,2022-11-08,State Representative,24th Middlesex,uncontested: fewer than two candidates
154483,2022-11-08,State Representative,25th Middlesex,uncontested: fewer than two candidates
154485,2022-11-08,State Representative,26th Middlesex,uncontested: fewer than two candidates
154577,2022-11-08,State Representative,27th Middlesex,uncontested: fewer than two candidates
154484,2022-11-08,State Representative,29th Middlesex,uncontested: fewer than two candidates
154568,2022-11-08,State Representative,2nd Berkshire,uncontested: fewer than two candidates
154509,2022-11-08,State Representative,2nd Hampden,uncontested: fewer than two candidates
154511,2022-11-08,State Representative,2nd Hampshire,uncontested: fewer than two candidates
154487,2022-11-08,State Representative,2nd Plymouth,uncontested: fewer than two candidates
154455,2022-11-08,State Representative,2nd Suffolk,uncontested: fewer than two candidates
154572,2022-11-08,State Representative,30th Middlesex,uncontested: fewer than two candidates
154551,2022-11-08,State Representative,32nd Middlesex,uncontested: fewer than two candidates
154552,2022-11-08,State Representative,33rd Middlesex,uncontested: fewer than two candidates
154557,2022-11-08,State Representative,34th Middlesex,uncontested: fewer than two candidates
154550,2022-11-08,State Representative,35th Middlesex,uncontested: fewer than two candidates
154349,2022-11-08,State Representative,37th Middlesex,uncontested: fewer than two candidates
154529,2022-11-08,State Representative,3rd Essex,uncontested: fewer than two candidates
154382,2022-11-08,State Representative,3rd Hampshire,uncontested: fewer than two candidates
154443,2022-11-08,State Representative,3rd Middlesex,uncontested: fewer than two candidates
154531,2022-11-08,State Representative,3rd Norfolk,uncontested: fewer than two candidates
154497,2022-11-08,State Representative,3rd Plymouth,uncontested: fewer than two candidates
154460,2022-11-08,State Representative,3rd Suffolk,uncontested: fewer than two candidates
154489,2022-11-08,State Representative,4th Barnstable,uncontested: fewer than two candidates
154565,2022-11-08,State Representative,4th Bristol,uncontested: fewer than two candidates
154535,2022-11-08,State Representative,4th Essex,uncontested: fewer than two candidates
154578,2022-11-08,State Representative,4th Hampden,uncontested: fewer than two candidates
154520,2022-11-08,State Representative,4th Middlesex,uncontested: fewer than two candidates
154555,2022-11-08,State Representative,4th Plymouth,uncontested: fewer than two candidates
154453,2022-11-08,State Representative,4th Suffolk,uncontested: fewer than two candidates
154423,2022-11-08,State Representative,5th Barnstable,uncontested: fewer than two candidates
154495,2022-11-08,State Representative,5th Hampden,uncontested: fewer than two candidates
154560,2022-11-08,State Representative,5th Middlesex,uncontested: fewer than two candidates
154472,2022-11-08,State Representative,5th Norfolk,uncontested: fewer than two candidates
154426,2022-11-08,State Representative,5th Worcester,uncontested: fewer than two candidates
154516,2022-11-08,State Representative,6th Bristol,uncontested: fewer than two candidates
154439,2022-11-08,State Representative,6th Essex,uncontested: fewer than two candidates
154368,2022-11-08,State Representative,6th Hampden,uncontested: fewer than two candidates
154522,2022-11-08,State Representative,6th Middlesex,uncontested: fewer than two candidates
154418,2022-11-08,State Representative,6th Norfolk,uncontested: fewer than two candidates
154458,2022-11-08,State Representative,6th Suffolk,uncontested: fewer than two candidates
154488,2022-11-08,State Representative,6th Worcester,uncontested: fewer than two candidates
154515,2022-11-08,State Representative,7th Bristol,uncontested: fewer than two candidates
154575,2022-11-08,State Representative,7th Essex,uncontested: fewer than two candidates
154407,2022-11-08,State Representative,7th Middlesex,uncontested: fewer than two candidates
154558,2022-11-08,State Representative,7th Norfolk,uncontested: fewer than two candidates
154457,2022-11-08,State Representative,7th Suffolk,uncontested: fewer than two candidates
154544,2022-11-08,State Representative,8th Essex,uncontested: fewer than two candidates
154448,2022-11-08,State Representative,8th Suffolk,uncontested: fewer than two candidates
154432,2022-11-08,State Representative,8th Worcester,uncontested: fewer than two candidates
154501,2022-11-08,State Representative,9th Bristol,uncontested: fewer than two candidates
154546,2022-11-08,State Representative,9th Essex,uncontested: fewer than two candidates
154580,2022-11-08,State Representative,9th Hampden,uncontested: fewer than two candidates
154584,2022-11-08,State Representative,9th Middlesex,uncontested: fewer than two candidates
154454,2022-11-08,State Representative,9th Suffolk,uncontested: fewer than two candidates
154525,2022-11-08,State Representative,9th Worcester,uncontested: fewer than two candidates
154390,2022-11-08,State Representative,"Barnstable, Dukes and Nantucket",uncontested: fewer than two candidates
154530,2022-11-08,State Senate,1st Essex,uncontested: fewer than two candidates
154507,2022-11-08,State Senate,1st Middlesex,uncontested: fewer than two candidates
154463,2022-11-08,State Senate,1st Suffolk,uncontested: fewer than two candidates
154359,2022-11-08,State Senate,2nd Bristol and Plymouth,uncontested: fewer than two candidates
154486,2022-11-08,State Senate,2nd Middlesex,uncontested: fewer than two candidates
154466,2022-11-08,State Senate,2nd Suffolk,uncontested: fewer than two candidates
154415,2022-11-08,State Senate,2nd Worcester,uncontested: fewer than two candidates
154429,2022-11-08,State Senate,3rd Middlesex,uncontested: fewer than two candidates
154467,2022-11-08,State Senate,3rd Suffolk,uncontested: fewer than two candidates
154396,2022-11-08,State Senate,4th Middlesex,uncontested: fewer than two candidates
154496,2022-11-08,State Senate,Hampden,uncontested: fewer than two candidates
154383,2022-11-08,State Senate,"Hampshire, Franklin and Worcester",uncontested: fewer than two candidates
154408,2022-11-08,State Senate,Middlesex and Norfolk,uncontested: fewer than two candidates
154464,2022-11-08,State Senate,Middlesex and Suffolk,uncontested: fewer than two candidates
154482,2022-11-08,State Senate,Norfolk & Middlesex,uncontested: fewer than two candidates
154465,2022-11-08,State Senate,Norfolk and Suffolk,uncontested: fewer than two candidates
154434,2022-11-08,State Senate,Suffolk and Middlesex,uncontested: fewer than two candidates
154442,2022-11-08,State Senate,Worcester & Hampden,uncontested: fewer than two candidates
160300,2023-05-30,State Representative,10th Suffolk,uncontested: fewer than two candidates
160299,2023-05-30,State Representative,9th Suffolk,uncontested: fewer than two candidates
160911,2024-03-05,State Representative,6th Worcester,uncontested: fewer than two candidates
165513,2024-11-05,State Representative,10th Essex,uncontested: fewer than two candidates
165548,2024-11-05,State Representative,10th Hampden,uncontested: fewer than two candidates
165531,2024-11-05,State Representative,10th Middlesex,uncontested: fewer than two candidates
165445,2024-11-05,State Representative,10th Plymouth,uncontested: fewer than two candidates
165426,2024-11-05,State Representative,10th Suffolk,uncontested: fewer than two candidates
165501,2024-11-05,State Representative,10th Worcester,uncontested: fewer than two candidates
165528,2024-11-05,State Representative,11th Bristol,uncontested: fewer than two candidates
165511,2024-11-05,State Representative,11th Essex,uncontested: fewer than two candidates
165546,2024-11-05,State Representative,11th Hampden,uncontested: fewer than two candidates
165443,2024-11-05,State Representative,11th Plymouth,uncontested: fewer than two candidates
165458,2024-11-05,State Representative,11th Suffolk,uncontested: fewer than two candidates
165543,2024-11-05,State Representative,11th Worcester,uncontested: fewer than two candidates
165397,2024-11-05,State Representative,12th Bristol,uncontested: fewer than two candidates
165534,2024-11-05,State Representative,12th Essex,uncontested: fewer than two candidates
165476,2024-11-05,State Representative,12th Hampden,uncontested: fewer than two candidates
165447,2024-11-05,State Representative,12th Middlesex,uncontested: fewer than two candidates
165533,2024-11-05,State Representative,12th Norfolk,uncontested: fewer than two candidates
165429,2024-11-05,State Representative,12th Suffolk,uncontested: fewer than two candidates
165399,2024-11-05,State Representative,12th Worcester,uncontested: fewer than two candidates
165529,2024-11-05,State Representative,13th Bristol,uncontested: fewer than two candidates
165466,2024-11-05,State Representative,13th Essex,uncontested: fewer than two candidates
165428,2024-11-05,State Representative,13th Suffolk,uncontested: fewer than two candidates
165556,2024-11-05,State Representative,13th Worcester,uncontested: fewer than two candidates
165338,2024-11-05,State Representative,14th Essex,uncontested: fewer than two candidates
165310,2024-11-05,State Representative,14th Middlesex,uncontested: fewer than two candidates
165507,2024-11-05,State Representative,14th Norfolk,uncontested: fewer than two candidates
165419,2024-11-05,State Representative,14th Suffolk,uncontested: fewer than two candidates
165552,2024-11-05,State Representative,14th Worcester,uncontested: fewer than two candidates
165495,2024-11-05,State Representative,15th Essex,uncontested: fewer than two candidates
165506,2024-11-05,State Representative,15th Middlesex,uncontested: fewer than two candidates
165446,2024-11-05,State Representative,15th Norfolk,uncontested: fewer than two candidates
165416,2024-11-05,State Representative,15th Suffolk,uncontested: fewer than two candidates
165554,2024-11-05,State Representative,15th Worcester,uncontested: fewer than two candidates
165503,2024-11-05,State Representative,16th Essex,uncontested: fewer than two candidates
165457,2024-11-05,State Representative,16th Middlesex,uncontested: fewer than two candidates
165541,2024-11-05,State Representative,16th Suffolk,uncontested: fewer than two candidates
165555,2024-11-05,State Representative,16th Worcester,uncontested: fewer than two candidates
165348,2024-11-05,State Representative,17th Essex,uncontested: fewer than two candidates
165423,2024-11-05,State Representative,17th Suffolk,uncontested: fewer than two candidates
165504,2024-11-05,State Representative,17th Worcester,uncontested: fewer than two candidates
165347,2024-11-05,State Representative,18th Essex,uncontested: fewer than two candidates
165414,2024-11-05,State Representative,18th Suffolk,uncontested: fewer than two candidates
165470,2024-11-05,State Representative,18th Worcester,uncontested: fewer than two candidates
165540,2024-11-05,State Representative,19th Suffolk,uncontested: fewer than two candidates
165324,2024-11-05,State Representative,1st Berkshire,uncontested: fewer than two candidates
165337,2024-11-05,State Representative,1st Essex,uncontested: fewer than two candidates
165366,2024-11-05,State Representative,1st Franklin,uncontested: fewer than two candidates
165442,2024-11-05,State Representative,1st Hampden,uncontested: fewer than two candidates
165459,2024-11-05,State Representative,1st Hampshire,uncontested: fewer than two candidates
165537,2024-11-05,State Representative,1st Norfolk,uncontested: fewer than two candidates
165418,2024-11-05,State Representative,1st Suffolk,uncontested: fewer than two candidates
165515,2024-11-05,State Representative,20th Middlesex,uncontested: fewer than two candidates
165390,2024-11-05,State Representative,21st Middlesex,uncontested: fewer than two candidates
165355,2024-11-05,State Representative,23rd Middlesex,uncontested: fewer than two candidates
165354,2024-11-05,State Representative,24th Middlesex,uncontested: fewer than two candidates
165449,2024-11-05,State Representative,25th Middlesex,uncontested: fewer than two candidates
165451,2024-11-05,State Representative,26th Middlesex,uncontested: fewer than two candidates
165544,2024-11-05,State Representative,27th Middlesex,uncontested: fewer than two candidates
165480,2024-11-05,State Representative,28th Middlesex,uncontested: fewer than two candidates
165450,2024-11-05,State Representative,29th Middlesex,uncontested: fewer than two candidates
165535,2024-11-05,State Representative,2nd Berkshire,uncontested: fewer than two candidates
165475,2024-11-05,State Representative,2nd Hampden,uncontested: fewer than two candidates
165477,2024-11-05,State Representative,2nd Hampshire,uncontested: fewer than two candidates
165456,2024-11-05,State Representative,2nd Middlesex,uncontested: fewer than two candidates
165453,2024-11-05,State Representative,2nd Plymouth,uncontested: fewer than two candidates
165422,2024-11-05,State Representative,2nd Suffolk,uncontested: fewer than two candidates
165539,2024-11-05,State Representative,30th Middlesex,uncontested: fewer than two candidates
165549,2024-11-05,State Representative,31st Middlesex,uncontested: fewer than two candidates
165517,2024-11-05,State Representative,32nd Middlesex,uncontested: fewer than two candidates
165518,2024-11-05,State Representative,33rd Middlesex,uncontested: fewer than two candidates
165523,2024-11-05,State Representative,34th Middlesex,uncontested: fewer than two candidates
165516,2024-11-05,State Representative,35th Middlesex,uncontested: fewer than two candidates
165472,2024-11-05,State Representative,36th Middlesex,uncontested: fewer than two candidates
165311,2024-11-05,State Representative,37th Middlesex,uncontested: fewer than two candidates
165478,2024-11-05,State Representative,3rd Bristol,uncontested: fewer than two candidates
165496,2024-11-05,State Representative,3rd Essex,uncontested: fewer than two candidates
165329,2024-11-05,State Representative,3rd Hampden,uncontested: fewer than two candidates
165344,2024-11-05,State Representative,3rd Hampshire,uncontested: fewer than two candidates
165406,2024-11-05,State Representative,3rd Middlesex,uncontested: fewer than two candidates
165498,2024-11-05,State Representative,3rd Norfolk,uncontested: fewer than two candidates
165463,2024-11-05,State Representative,3rd Plymouth,uncontested: fewer than two candidates
165427,2024-11-05,State Representative,3rd Suffolk,uncontested: fewer than two candidates
165485,2024-11-05,State Representative,3rd Worcester,uncontested: fewer than two candidates
165455,2024-11-05,State Representative,4th Barnstable,uncontested: fewer than two candidates
165532,2024-11-05,State Representative,4th Bristol,uncontested: fewer than two candidates
165502,2024-11-05,State Representative,4th Essex,uncontested: fewer than two candidates
165487,2024-11-05,State Representative,4th Middlesex,uncontested: fewer than two candidates
165553,2024-11-05,State Representative,4th Norfolk,uncontested: fewer than two candidates
165521,2024-11-05,State Representative,4th Plymouth,uncontested: fewer than two candidates
165420,2024-11-05,State Representative,4th Suffolk,uncontested: fewer than two candidates
165461,2024-11-05,State Representative,5th Hampden,uncontested: fewer than two candidates
165527,2024-11-05,State Representative,5th Middlesex,uncontested: fewer than two candidates
165438,2024-11-05,State Representative,5th Norfolk,uncontested: fewer than two candidates
165494,2024-11-05,State Representative,5th Plymouth,uncontested: fewer than two candidates
165417,2024-11-05,State Representative,5th Suffolk,uncontested: fewer than two candidates
165387,2024-11-05,State Representative,5th Worcester,uncontested: fewer than two candidates
165483,2024-11-05,State Representative,6th Bristol,uncontested: fewer than two candidates
165328,2024-11-05,State Representative,6th Hampden,uncontested: fewer than two candidates
165489,2024-11-05,State Representative,6th Middlesex,uncontested: fewer than two candidates
165381,2024-11-05,State Representative,6th Norfolk,uncontested: fewer than two candidates
165425,2024-11-05,State Representative,6th Suffolk,uncontested: fewer than two candidates
165482,2024-11-05,State Representative,7th Bristol,uncontested: fewer than two candidates
165542,2024-11-05,State Representative,7th Essex,uncontested: fewer than two candidates
165392,2024-11-05,State Representative,7th Hampden,uncontested: fewer than two candidates
165368,2024-11-05,State Representative,7th Middlesex,uncontested: fewer than two candidates
165303,2024-11-05,State Representative,7th Plymouth,uncontested: fewer than two candidates
165424,2024-11-05,State Representative,7th Suffolk,uncontested: fewer than two candidates
165510,2024-11-05,State Representative,8th Essex,uncontested: fewer than two candidates
165460,2024-11-05,State Representative,8th Hampden,uncontested: fewer than two candidates
165500,2024-11-05,State Representative,8th Middlesex,uncontested: fewer than two candidates
165520,2024-11-05,State Representative,8th Norfolk,uncontested: fewer than two candidates
165415,2024-11-05,State Representative,8th Suffolk,uncontested: fewer than two candidates
165394,2024-11-05,State Representative,8th Worcester,uncontested: fewer than two candidates
165467,2024-11-05,State Representative,9th Bristol,uncontested: fewer than two candidates
165512,2024-11-05,State Representative,9th Essex,uncontested: fewer than two candidates
165547,2024-11-05,State Representative,9th Hampden,uncontested: fewer than two candidates
165492,2024-11-05,State Representative,9th Worcester,uncontested: fewer than two candidates
165351,2024-11-05,State Representative,"Barnstable, Dukes and Nantucket",uncontested: fewer than two candidates
165484,2024-11-05,State Senate,1st Bristol and Plymouth,uncontested: fewer than two candidates
165497,2024-11-05,State Senate,1st Essex,uncontested: fewer than two candidates
165437,2024-11-05,State Senate,1st Essex and Middlesex,uncontested: fewer than two candidates
165430,2024-11-05,State Senate,1st Suffolk,uncontested: fewer than two candidates
165400,2024-11-05,State Senate,1st Worcester,uncontested: fewer than two candidates
165319,2024-11-05,State Senate,2nd Bristol and Plymouth,uncontested: fewer than two candidates
165339,2024-11-05,State Senate,2nd Essex and Middlesex,uncontested: fewer than two candidates
165452,2024-11-05,State Senate,2nd Middlesex,uncontested: fewer than two candidates
165433,2024-11-05,State Senate,2nd Suffolk,uncontested: fewer than two candidates
165378,2024-11-05,State Senate,2nd Worcester,uncontested: fewer than two candidates
165514,2024-11-05,State Senate,3rd Essex,uncontested: fewer than two candidates
165391,2024-11-05,State Senate,3rd Middlesex,uncontested: fewer than two candidates
165356,2024-11-05,State Senate,4th Middlesex,uncontested: fewer than two candidates
165519,2024-11-05,State Senate,5th Middlesex,uncontested: fewer than two candidates
165464,2024-11-05,State Senate,First Plymouth & Norfolk,uncontested: fewer than two candidates
165462,2024-11-05,State Senate,Hampden,uncontested: fewer than two candidates
165330,2024-11-05,State Senate,Hampden and Hampshire,uncontested: fewer than two candidates
165393,2024-11-05,State Senate,"Hampden, Hampshire & Worcester",uncontested: fewer than two candidates
165345,2024-11-05,State Senate,"Hampshire, Franklin and Worcester",uncontested: fewer than two candidates
165369,2024-11-05,State Senate,Middlesex and Norfolk,uncontested: fewer than two candidates
165431,2024-11-05,State Senate,Middlesex and Suffolk,uncontested: fewer than two candidates
165312,2024-11-05,State Senate,Middlesex and Worcester,uncontested: fewer than two candidates
165448,2024-11-05,State Senate,Norfolk & Middlesex,uncontested: fewer than two candidates
165305,2024-11-05,State Senate,Norfolk and Plymouth,uncontested: fewer than two candidates
165432,2024-11-05,State Senate,Norfolk and Suffolk,uncontested: fewer than two candidates
165439,2024-11-05,State Senate,"Norfolk, Plymouth & Bristol",uncontested: fewer than two candidates
165382,2024-11-05,State Senate,Second Plymouth & Norfolk,uncontested: fewer than two candidates
165396,2024-11-05,State Senate,Suffolk and Middlesex,uncontested: fewer than two candidates
