election_id,election_date,election_year,office,district_display,pvi_year,redistricting_cycle,pvi_coverage,pvi_interpolated_share,pvi_two_party_votes,n_precincts,excluded,reason
104719,2010-05-11,2010,State Senate,"Middlesex, Suffolk and Essex",2008,2001,1.0,0.0,113202.0,66,False,
104718,2010-05-11,2010,State Senate,"Norfolk, Bristol and Middlesex",2008,2001,1.0,0.0,173522.0,51,False,
104723,2010-06-15,2010,State Representative,16th Essex,2008,2001,1.0,0.0,16436.0,13,False,
105676,2010-11-02,2010,State Representative,10th Bristol,2008,2001,1.0,0.0,42576.0,12,False,
105730,2010-11-02,2010,State Representative,10th Middlesex,2008,2001,1.0,0.0,29172.0,13,False,
105640,2010-11-02,2010,State Representative,10th Plymouth,2008,2001,1.0,0.0,33382.0,12,False,
105511,2010-11-02,2010,State Representative,11th Bristol,2008,2001,1.0,0.0,30972.0,15,False,
105638,2010-11-02,2010,State Representative,11th Plymouth,2008,2001,1.0,0.0,29611.0,11,False,
105745,2010-11-02,2010,State Representative,11th Worcester,2008,2001,1.0,0.0,40120.0,11,False,
105736,2010-11-02,2010,State Representative,12th Essex,2008,2001,1.0,0.0,41510.0,16,False,
105672,2010-11-02,2010,State Representative,12th Hampden,2008,2001,1.0,0.0,42699.0,15,False,
105734,2010-11-02,2010,State Representative,12th Norfolk,2008,2001,1.0,0.0,41063.0,13,False,
105669,2010-11-02,2010,State Representative,12th Plymouth,2008,2001,1.0,0.0,46743.0,13,False,
105630,2010-11-02,2010,State Representative,12th Worcester,2008,2001,1.0,0.0,41634.0,11,False,
105659,2010-11-02,2010,State Representative,13th Essex,2008,2001,1.0,0.0,42963.0,12,False,
105664,2010-11-02,2010,State Representative,13th Norfolk,2008,2001,1.0,0.0,47183.0,13,False,
105735,2010-11-02,2010,State Representative,13th Worcester,2008,2001,1.0,0.0,35894.0,11,False,
105699,2010-11-02,2010,State Representative,14th Essex,2008,2001,1.0,0.0,32240.0,13,False,
105503,2010-11-02,2010,State Representative,14th Middlesex,2008,2001,1.0,0.0,45573.0,11,False,
105727,2010-11-02,2010,State Representative,14th Norfolk,2008,2001,1.0,0.0,44722.0,12,False,
105723,2010-11-02,2010,State Representative,15th Essex,2008,2001,1.0,0.0,36101.0,11,False,
105700,2010-11-02,2010,State Representative,16th Essex,2008,2001,1.0,0.0,16436.0,13,False,
105537,2010-11-02,2010,State Representative,17th Essex,2008,2001,1.0,0.0,38391.0,12,False,
105536,2010-11-02,2010,State Representative,18th Essex,2008,2001,1.0,0.0,41476.0,12,False,
105590,2010-11-02,2010,State Representative,18th Worcester,2008,2001,1.0,0.0,43730.0,14,False,
105751,2010-11-02,2010,State Representative,19th Middlesex,2008,2001,1.0,0.0,40801.0,11,False,
105632,2010-11-02,2010,State Representative,1st Barnstable,2008,2001,1.0,0.0,49606.0,12,False,
105529,2010-11-02,2010,State Representative,1st Essex,2008,2001,1.0,0.0,44972.0,15,False,
105577,2010-11-02,2010,State Representative,1st Middlesex,2008,2001,1.0,0.0,42820.0,12,False,
105693,2010-11-02,2010,State Representative,1st Worcester,2008,2001,1.0,0.0,50856.0,13,False,
105599,2010-11-02,2010,State Representative,22nd Middlesex,2008,2001,1.0,0.0,36915.0,11,False,
105548,2010-11-02,2010,State Representative,24th Middlesex,2008,2001,1.0,0.0,42410.0,14,False,
105675,2010-11-02,2010,State Representative,28th Middlesex,2008,2001,1.0,0.0,27416.0,19,False,
105580,2010-11-02,2010,State Representative,2nd Barnstable,2008,2001,1.0,0.0,38179.0,11,False,
105558,2010-11-02,2010,State Representative,2nd Berkshire,2008,2001,1.0,0.0,43924.0,23,False,
105566,2010-11-02,2010,State Representative,2nd Bristol,2008,2001,1.0,0.0,32473.0,11,False,
105685,2010-11-02,2010,State Representative,2nd Essex,2008,2001,1.0,0.0,47520.0,10,False,
105564,2010-11-02,2010,State Representative,2nd Franklin,2008,2001,1.0,0.0,36284.0,17,False,
105671,2010-11-02,2010,State Representative,2nd Hampden,2008,2001,1.0,0.0,45074.0,13,False,
105741,2010-11-02,2010,State Representative,2nd Norfolk,2008,2001,1.0,0.0,32032.0,13,False,
105627,2010-11-02,2010,State Representative,2nd Plymouth,2008,2001,1.0,0.0,41781.0,12,False,
105553,2010-11-02,2010,State Representative,2nd Worcester,2008,2001,1.0,0.0,35355.0,18,False,
105742,2010-11-02,2010,State Representative,30th Middlesex,2008,2001,1.0,0.0,38457.0,14,False,
105749,2010-11-02,2010,State Representative,31st Middlesex,2008,2001,1.0,0.0,43908.0,14,False,
105722,2010-11-02,2010,State Representative,32nd Middlesex,2008,2001,1.0,0.0,45859.0,18,False,
105720,2010-11-02,2010,State Representative,34th Middlesex,2008,2001,1.0,0.0,30531.0,11,False,
105713,2010-11-02,2010,State Representative,35th Middlesex,2008,2001,1.0,0.0,33526.0,11,False,
105665,2010-11-02,2010,State Representative,36th Middlesex,2008,2001,1.0,0.0,39751.0,14,False,
105504,2010-11-02,2010,State Representative,37th Middlesex,2008,2001,1.0,0.0,42735.0,11,False,
105581,2010-11-02,2010,State Representative,3rd Barnstable,2008,2001,1.0,0.0,45892.0,12,False,
105737,2010-11-02,2010,State Representative,3rd Berkshire,2008,2001,1.0,0.0,34305.0,12,False,
105750,2010-11-02,2010,State Representative,3rd Bristol,2008,2001,1.0,0.0,30148.0,11,False,
105522,2010-11-02,2010,State Representative,3rd Hampden,2008,2001,1.0,0.0,40020.0,13,False,
105533,2010-11-02,2010,State Representative,3rd Hampshire,2008,2001,0.7333333333333333,0.0,30486.0,15,False,
105601,2010-11-02,2010,State Representative,3rd Middlesex,2008,2001,1.0,0.0,42168.0,13,False,
105692,2010-11-02,2010,State Representative,3rd Norfolk,2008,2001,1.0,0.0,38571.0,14,False,
105657,2010-11-02,2010,State Representative,3rd Plymouth,2008,2001,0.9230769230769231,0.0,49071.0,13,False,
105649,2010-11-02,2010,State Representative,4th Barnstable,2008,2001,1.0,0.0,53660.0,12,False,
105525,2010-11-02,2010,State Representative,4th Berkshire,2008,2001,1.0,0.0,41035.0,26,False,
105732,2010-11-02,2010,State Representative,4th Bristol,2008,2001,1.0,0.0,42835.0,12,False,
105595,2010-11-02,2010,State Representative,4th Middlesex,2008,2001,1.0,0.0,38181.0,16,False,
105754,2010-11-02,2010,State Representative,4th Norfolk,2008,2001,1.0,0.0,37447.0,13,False,
105611,2010-11-02,2010,State Representative,4th Suffolk,2008,2001,1.0,0.0,33576.0,21,False,
105579,2010-11-02,2010,State Representative,5th Barnstable,2008,2001,1.0,0.0,46149.0,13,False,
105674,2010-11-02,2010,State Representative,5th Essex,2008,2001,1.0,0.0,43175.0,14,False,
105631,2010-11-02,2010,State Representative,5th Norfolk,2008,2001,1.0,0.0,42155.0,14,False,
105688,2010-11-02,2010,State Representative,5th Plymouth,2008,2001,1.0,0.0,44264.0,13,False,
105584,2010-11-02,2010,State Representative,5th Worcester,2008,2001,1.0,0.0,38346.0,14,False,
105593,2010-11-02,2010,State Representative,6th Bristol,2008,2001,1.0,0.0,31572.0,12,False,
105597,2010-11-02,2010,State Representative,6th Essex,2008,2001,1.0,0.0,39361.0,12,False,
105656,2010-11-02,2010,State Representative,6th Hampden,2008,2001,1.0,0.0,34270.0,14,False,
105682,2010-11-02,2010,State Representative,6th Middlesex,2008,2001,1.0,0.0,35487.0,11,False,
105668,2010-11-02,2010,State Representative,6th Plymouth,2008,2001,1.0,0.0,44481.0,13,False,
105648,2010-11-02,2010,State Representative,6th Worcester,2008,2001,1.0,0.0,36026.0,12,False,
105678,2010-11-02,2010,State Representative,7th Bristol,2008,2001,1.0,0.0,24035.0,12,False,
105562,2010-11-02,2010,State Representative,7th Middlesex,2008,2001,1.0,0.0,32522.0,11,False,
105495,2010-11-02,2010,State Representative,7th Plymouth,2008,2001,1.0,0.0,42885.0,12,False,
105677,2010-11-02,2010,State Representative,8th Bristol,2008,2001,1.0,0.0,31585.0,13,False,
105706,2010-11-02,2010,State Representative,8th Essex,2008,2001,1.0,0.0,43986.0,15,False,
105694,2010-11-02,2010,State Representative,8th Middlesex,2008,2001,1.0,0.0,45150.0,12,False,
105634,2010-11-02,2010,State Representative,8th Plymouth,2008,2001,1.0,0.0,40010.0,11,False,
105605,2010-11-02,2010,State Representative,8th Suffolk,2008,2001,1.0,0.0,35734.0,14,False,
105663,2010-11-02,2010,State Representative,8th Worcester,2008,2001,1.0,0.0,37111.0,13,False,
105660,2010-11-02,2010,State Representative,9th Bristol,2008,2001,1.0,0.0,41382.0,14,False,
105708,2010-11-02,2010,State Representative,9th Essex,2008,2001,1.0,0.0,43939.0,14,False,
105655,2010-11-02,2010,State Representative,9th Hampden,2008,2001,1.0,0.0,29195.0,17,False,
105719,2010-11-02,2010,State Representative,9th Norfolk,2008,2001,1.0,0.0,41819.0,13,False,
105686,2010-11-02,2010,State Representative,9th Worcester,2008,2001,1.0,0.0,46010.0,11,False,
105679,2010-11-02,2010,State Senate,1st Bristol and Plymouth,2008,2001,1.0,0.0,140290.0,52,False,
105530,2010-11-02,2010,State Senate,1st Essex,2008,2001,1.0,0.0,157438.0,54,False,
105589,2010-11-02,2010,State Senate,1st Hampden and Hampshire,2008,2001,1.0,0.0,144985.0,53,False,
105666,2010-11-02,2010,State Senate,1st Middlesex,2008,2001,1.0,0.0,122192.0,50,False,
105594,2010-11-02,2010,State Senate,1st Plymouth and Bristol,2008,2001,1.0,0.0,150953.0,44,False,
105621,2010-11-02,2010,State Senate,1st Suffolk and Middlesex,2008,2001,1.0,0.0,115051.0,60,False,
105596,2010-11-02,2010,State Senate,1st Worcester,2008,2001,1.0,0.0,135787.0,46,False,
105598,2010-11-02,2010,State Senate,2nd Essex,2008,2001,1.0,0.0,160364.0,54,False,
105538,2010-11-02,2010,State Senate,2nd Essex and Middlesex,2008,2001,1.0,0.0,128770.0,51,False,
105721,2010-11-02,2010,State Senate,2nd Middlesex,2008,2001,1.0,0.0,137416.0,45,False,
105563,2010-11-02,2010,State Senate,2nd Middlesex and Norfolk,2008,2001,1.0,0.0,151941.0,45,False,
105710,2010-11-02,2010,State Senate,3rd Essex and Middlesex,2008,2001,1.0,0.0,128559.0,53,False,
105586,2010-11-02,2010,State Senate,3rd Middlesex,2008,2001,1.0,0.0,162893.0,49,False,
105543,2010-11-02,2010,State Senate,Cape and Islands,2008,2001,1.0,0.0,197847.0,50,False,
105523,2010-11-02,2010,State Senate,Hampden,2008,2001,1.0,0.0,108170.0,60,False,
105712,2010-11-02,2010,State Senate,Middlesex and Essex,2008,2001,1.0,0.0,152041.0,52,False,
105505,2010-11-02,2010,State Senate,Middlesex and Worcester,2008,2001,1.0,0.0,167421.0,52,False,
105623,2010-11-02,2010,State Senate,"Middlesex, Suffolk and Essex",2008,2001,1.0,0.0,113202.0,66,False,
105497,2010-11-02,2010,State Senate,Norfolk and Plymouth,2008,2001,1.0,0.0,142344.0,52,False,
105575,2010-11-02,2010,State Senate,"Norfolk, Bristol and Plymouth",2008,2001,1.0,0.0,159169.0,47,False,
105582,2010-11-02,2010,State Senate,Plymouth and Barnstable,2008,2001,1.0,0.0,183383.0,49,False,
105658,2010-11-02,2010,State Senate,Plymouth and Norfolk,2008,2001,0.9807692307692307,0.0,178744.0,52,False,
105625,2010-11-02,2010,State Senate,Suffolk and Norfolk,2008,2001,1.0,0.0,145887.0,60,False,
105556,2010-11-02,2010,State Senate,Worcester and Middlesex,2008,2001,1.0,0.0,137986.0,55,False,
105591,2010-11-02,2010,State Senate,Worcester and Norfolk,2008,2001,1.0,0.0,157313.0,49,False,
105554,2010-11-02,2010,State Senate,"Worcester, Hampden, Hampshire and Franklin",2008,2001,1.0,0.0,153001.0,52,False,
105766,2011-05-10,2011,State Representative,10th Middlesex,2008,2001,1.0,0.0,29172.0,13,False,
105765,2011-05-10,2011,State Representative,6th Worcester,2008,2001,1.0,0.0,36026.0,12,False,
124782,2011-09-20,2011,State Representative,12th Bristol,2008,2001,1.0,0.0,31402.0,15,False,
112920,2012-11-06,2012,State Representative,10th Essex,2008,2011,1.0,0.0,24422.0,13,False,
112938,2012-11-06,2012,State Representative,10th Middlesex,2008,2011,1.0,0.0,28144.0,13,False,
112897,2012-11-06,2012,State Representative,10th Norfolk,2008,2011,1.0,0.0,41456.0,11,False,
112952,2012-11-06,2012,State Representative,11th Hampden,2008,2011,1.0,0.0,24783.0,17,False,
112937,2012-11-06,2012,State Representative,11th Middlesex,2008,2011,0.9333333333333333,0.0,39969.0,15,False,
112849,2012-11-06,2012,State Representative,11th Plymouth,2008,2011,1.0,0.0,37524.0,12,False,
112801,2012-11-06,2012,State Representative,12th Bristol,2008,2011,0.9090909090909091,0.0,35115.0,11,False,
112882,2012-11-06,2012,State Representative,12th Hampden,2008,2011,1.0,0.0,38874.0,14,False,
112941,2012-11-06,2012,State Representative,12th Norfolk,2008,2011,1.0,0.0,41063.0,13,False,
112880,2012-11-06,2012,State Representative,12th Plymouth,2008,2011,1.0,0.0,43547.0,12,False,
112871,2012-11-06,2012,State Representative,13th Essex,2008,2011,1.0,0.0,41787.0,13,False,
112903,2012-11-06,2012,State Representative,14th Essex,2008,2011,1.0,0.0,34359.0,12,False,
112708,2012-11-06,2012,State Representative,14th Middlesex,2008,2011,1.0,0.0,45573.0,11,False,
112957,2012-11-06,2012,State Representative,14th Worcester,2008,2011,1.0,0.0,32087.0,11,False,
112959,2012-11-06,2012,State Representative,15th Worcester,2008,2011,1.0,0.0,19806.0,11,False,
112911,2012-11-06,2012,State Representative,16th Essex,2008,2011,1.0,0.0,18278.0,13,False,
112746,2012-11-06,2012,State Representative,17th Essex,2008,2011,1.0,0.0,24862.0,12,False,
112862,2012-11-06,2012,State Representative,17th Middlesex,2008,2011,1.0,0.0,26612.0,13,False,
112912,2012-11-06,2012,State Representative,17th Worcester,2008,2011,1.0,0.0,27548.0,12,False,
112745,2012-11-06,2012,State Representative,18th Essex,2008,2011,0.8571428571428571,0.0,47124.0,14,False,
112875,2012-11-06,2012,State Representative,18th Worcester,2008,2011,0.9230769230769231,0.0,36972.0,13,False,
112955,2012-11-06,2012,State Representative,19th Middlesex,2008,2011,1.0,0.0,40801.0,11,False,
112948,2012-11-06,2012,State Representative,19th Suffolk,2008,2011,0.9333333333333333,0.0,29670.0,15,False,
112794,2012-11-06,2012,State Representative,21st Middlesex,2008,2011,0.9166666666666666,0.06850252490211294,42378.00000032393,12,False,
112809,2012-11-06,2012,State Representative,22nd Middlesex,2008,2011,1.0,0.0,36915.0,11,False,
112756,2012-11-06,2012,State Representative,23rd Middlesex,2008,2011,1.0,0.0,48493.0,19,False,
112755,2012-11-06,2012,State Representative,24th Middlesex,2008,2011,1.0,0.0,44556.0,15,False,
112857,2012-11-06,2012,State Representative,26th Middlesex,2008,2011,0.9230769230769231,0.0,28580.0,13,False,
112776,2012-11-06,2012,State Representative,2nd Bristol,2008,2011,1.0,0.0,32473.0,11,False,
112842,2012-11-06,2012,State Representative,2nd Essex,2008,2011,0.7857142857142857,0.08497063022280694,49370.00001540932,14,False,
112772,2012-11-06,2012,State Representative,2nd Franklin,2008,2011,0.9444444444444444,0.0,36750.0,18,False,
112881,2012-11-06,2012,State Representative,2nd Hampden,2008,2011,1.0,0.0,44967.0,12,False,
112861,2012-11-06,2012,State Representative,2nd Middlesex,2008,2011,1.0,0.0,46728.0,12,False,
112827,2012-11-06,2012,State Representative,2nd Suffolk,2008,2011,1.0,0.16233430237358418,25121.000011850563,19,False,
112761,2012-11-06,2012,State Representative,2nd Worcester,2008,2011,0.9375,0.4507148014440433,34625.0,16,False,
112954,2012-11-06,2012,State Representative,31st Middlesex,2008,2011,1.0,0.0,47696.0,15,False,
112931,2012-11-06,2012,State Representative,34th Middlesex,2008,2011,1.0,0.0,33081.0,12,False,
112877,2012-11-06,2012,State Representative,36th Middlesex,2008,2011,0.9285714285714286,0.0,39751.0,14,False,
112884,2012-11-06,2012,State Representative,3rd Bristol,2008,2011,1.0,0.0,33175.0,12,False,
112728,2012-11-06,2012,State Representative,3rd Hampden,2008,2011,1.0,0.0,38469.0,12,False,
112810,2012-11-06,2012,State Representative,3rd Middlesex,2008,2011,0.9285714285714286,0.0,42168.0,14,False,
112731,2012-11-06,2012,State Representative,4th Berkshire,2008,2011,1.0,0.43511112147571185,42881.0,23,False,
112940,2012-11-06,2012,State Representative,4th Bristol,2008,2011,1.0,0.0,40233.0,11,False,
112928,2012-11-06,2012,State Representative,4th Middlesex,2008,2011,1.0,0.0,35293.0,14,False,
112905,2012-11-06,2012,State Representative,4th Norfolk,2008,2011,1.0,0.0,41426.0,14,False,
112929,2012-11-06,2012,State Representative,4th Plymouth,2008,2011,1.0,0.0,45879.0,12,False,
112913,2012-11-06,2012,State Representative,4th Worcester,2008,2011,1.0,0.0,35065.0,15,False,
112789,2012-11-06,2012,State Representative,5th Barnstable,2008,2011,1.0,0.3026254210478108,42735.999991251825,12,False,
112909,2012-11-06,2012,State Representative,5th Hampden,2008,2011,1.0,0.05361549665641774,29581.000006967035,14,False,
112932,2012-11-06,2012,State Representative,5th Middlesex,2008,2011,1.0,0.0,45682.0,13,False,
112900,2012-11-06,2012,State Representative,5th Plymouth,2008,2011,1.0,0.0,44264.0,13,False,
112822,2012-11-06,2012,State Representative,5th Suffolk,2008,2011,1.0,0.0,22226.0,20,False,
112792,2012-11-06,2012,State Representative,5th Worcester,2008,2011,1.0,0.17802792892546107,39887.00000127725,14,False,
112867,2012-11-06,2012,State Representative,6th Hampden,2008,2011,1.0,0.3348262162225762,31468.468106380045,12,False,
112879,2012-11-06,2012,State Representative,6th Plymouth,2008,2011,1.0,0.0,43813.0,13,False,
112860,2012-11-06,2012,State Representative,6th Worcester,2008,2011,1.0,0.27161476998221445,37671.0,12,False,
112769,2012-11-06,2012,State Representative,7th Middlesex,2008,2011,0.9090909090909091,0.0,27214.0,11,False,
112701,2012-11-06,2012,State Representative,7th Plymouth,2008,2011,0.9166666666666666,0.0,39663.0,12,False,
112908,2012-11-06,2012,State Representative,8th Middlesex,2008,2011,1.0,0.0,45411.0,12,False,
112847,2012-11-06,2012,State Representative,8th Plymouth,2008,2011,0.7692307692307693,0.0,36037.0,13,False,
112798,2012-11-06,2012,State Representative,8th Worcester,2008,2011,0.9285714285714286,0.0,40516.0,14,False,
112866,2012-11-06,2012,State Representative,9th Hampden,2008,2011,1.0,0.06651592874403585,29632.000000581982,17,False,
112737,2012-11-06,2012,State Senate,1st Essex,2008,2011,0.9454545454545454,0.04446191297605185,156470.9999845907,55,False,
112878,2012-11-06,2012,State Senate,1st Middlesex,2008,2011,1.0,0.0,122192.0,50,False,
112835,2012-11-06,2012,State Senate,1st Suffolk and Middlesex,2008,2011,0.9491525423728814,0.018726924187870964,112672.0000021358,59,False,
112807,2012-11-06,2012,State Senate,2nd Essex,2008,2011,0.9814814814814815,0.0,160364.0,54,False,
112747,2012-11-06,2012,State Senate,2nd Essex and Middlesex,2008,2011,0.9433962264150944,0.0,128770.0,53,False,
112800,2012-11-06,2012,State Senate,2nd Suffolk and Middlesex,2008,2011,0.9824561403508771,0.0,125016.0,57,False,
112780,2012-11-06,2012,State Senate,2nd Worcester,2008,2011,0.9387755102040817,0.0,144058.0,49,False,
112795,2012-11-06,2012,State Senate,3rd Middlesex,2008,2011,0.98,0.03749445436995647,166798.0,50,False,
112757,2012-11-06,2012,State Senate,4th Middlesex,2008,2011,0.9830508474576272,0.0,170785.0,59,False,
112777,2012-11-06,2012,State Senate,Bristol and Norfolk,2008,2011,1.0,0.037918452602497855,153751.00000632653,45,False,
112710,2012-11-06,2012,State Senate,Middlesex and Worcester,2008,2011,0.9807692307692307,0.0,163516.0,52,False,
112841,2012-11-06,2012,State Senate,Plymouth and Barnstable,2008,2011,0.9782608695652174,0.11995650328042907,167368.9999972071,46,False,
112870,2012-11-06,2012,State Senate,Plymouth and Norfolk,2008,2011,0.9807692307692307,0.051089827045896395,178744.000047941,52,False,
124793,2013-04-02,2013,State Representative,12th Essex,2012,2011,1.0,0.0,39947.0,15,False,
124792,2013-04-02,2013,State Representative,28th Middlesex,2012,2011,0.6666666666666666,1.0,25475.999975319315,18,False,
124796,2013-05-28,2013,State Senate,1st Suffolk,2012,2011,1.0,0.03151807893257359,131258.00000467923,77,False,
124831,2013-09-10,2013,State Representative,12th Suffolk,2012,2011,1.0,0.15224506192857,36872.68406965762,17,False,
124833,2013-09-10,2013,State Representative,16th Worcester,2012,2011,1.0,0.0,22622.0,11,False,
124832,2013-09-10,2013,State Representative,6th Bristol,2012,2011,0.8823529411764706,0.5056176168045537,31151.99999736127,17,False,
124838,2013-11-05,2013,State Senate,2nd Hampden and Hampshire,2012,2011,1.0,0.0263836218556863,141603.00000578334,51,False,
124862,2014-01-07,2014,State Representative,9th Norfolk,2012,2011,1.0,0.3040044868176116,44574.99999984919,13,False,
124865,2014-04-01,2014,State Representative,16th Suffolk,2012,2011,1.0,0.16286770659843627,31105.000016418384,18,False,
124867,2014-04-01,2014,State Representative,4th Hampden,2012,2011,1.0,0.0,34565.0,12,False,
124866,2014-04-01,2014,State Senate,5th Middlesex,2012,2011,1.0,0.028150166975137055,162912.0000023188,56,False,
126264,2014-11-04,2014,State Representative,10th Bristol,2012,2011,1.0,0.5666312485925495,40468.99999836603,12,False,
126228,2014-11-04,2014,State Representative,10th Plymouth,2012,2011,1.0,0.0,34345.0,12,False,
126286,2014-11-04,2014,State Representative,10th Worcester,2012,2011,1.0,0.0,41377.0,11,False,
126317,2014-11-04,2014,State Representative,12th Essex,2012,2011,1.0,0.0,39947.0,15,False,
126259,2014-11-04,2014,State Representative,12th Hampden,2012,2011,1.0,0.0,39581.0,14,False,
126316,2014-11-04,2014,State Representative,12th Norfolk,2012,2011,1.0,0.0,42443.0,13,False,
126183,2014-11-04,2014,State Representative,12th Worcester,2012,2011,1.0,0.0,41132.0,11,False,
126248,2014-11-04,2014,State Representative,13th Essex,2012,2011,1.0,0.0,44534.0,13,False,
126336,2014-11-04,2014,State Representative,13th Worcester,2012,2011,1.0,0.0,32670.0,11,False,
126279,2014-11-04,2014,State Representative,14th Essex,2012,2011,1.0,0.0,36624.0,12,False,
126096,2014-11-04,2014,State Representative,14th Middlesex,2012,2011,1.0,0.0,47356.0,11,False,
126278,2014-11-04,2014,State Representative,15th Essex,2012,2011,1.0,0.0,39798.0,12,False,
126230,2014-11-04,2014,State Representative,15th Norfolk,2012,2011,1.0,0.0,37576.0,11,False,
126287,2014-11-04,2014,State Representative,16th Essex,2012,2011,1.0,0.0,21572.0,13,False,
126288,2014-11-04,2014,State Representative,17th Worcester,2012,2011,1.0,0.0,28775.0,12,False,
126292,2014-11-04,2014,State Representative,18th Middlesex,2012,2011,1.0,0.0,19944.0,12,False,
126252,2014-11-04,2014,State Representative,18th Worcester,2012,2011,1.0,0.0,38431.0,13,False,
126330,2014-11-04,2014,State Representative,19th Middlesex,2012,2011,1.0,0.0,42877.0,11,False,
126323,2014-11-04,2014,State Representative,19th Suffolk,2012,2011,1.0,0.0,30344.0,15,False,
126171,2014-11-04,2014,State Representative,1st Barnstable,2012,2011,1.0,0.0,52603.0,13,False,
126122,2014-11-04,2014,State Representative,1st Essex,2012,2011,1.0,0.14627264293048514,46426.99999219146,16,False,
126150,2014-11-04,2014,State Representative,1st Franklin,2012,2011,1.0,0.0,46398.0,24,False,
126147,2014-11-04,2014,State Representative,1st Middlesex,2012,2011,1.0,0.0,44976.0,12,False,
126319,2014-11-04,2014,State Representative,1st Plymouth,2012,2011,1.0,0.0,42973.0,11,False,
126199,2014-11-04,2014,State Representative,1st Suffolk,2012,2011,1.0,0.0,19307.0,14,False,
126174,2014-11-04,2014,State Representative,21st Middlesex,2012,2011,1.0,0.07259336006438898,44398.0000001496,12,False,
126140,2014-11-04,2014,State Representative,23rd Middlesex,2012,2011,1.0,0.0,49652.0,19,False,
126234,2014-11-04,2014,State Representative,26th Middlesex,2012,2011,1.0,0.0,31902.0,13,False,
126326,2014-11-04,2014,State Representative,27th Middlesex,2012,2011,1.0,0.0,38564.0,11,False,
126172,2014-11-04,2014,State Representative,2nd Barnstable,2012,2011,1.0,0.0,43023.0,12,False,
126157,2014-11-04,2014,State Representative,2nd Bristol,2012,2011,1.0,0.0,33893.0,11,False,
126154,2014-11-04,2014,State Representative,2nd Franklin,2012,2011,1.0,0.0,37608.0,18,False,
126238,2014-11-04,2014,State Representative,2nd Middlesex,2012,2011,1.0,0.0,48767.0,12,False,
126145,2014-11-04,2014,State Representative,2nd Worcester,2012,2011,1.0,0.4455672286949303,34933.0,16,False,
126329,2014-11-04,2014,State Representative,31st Middlesex,2012,2011,1.0,0.0,49130.0,15,False,
126300,2014-11-04,2014,State Representative,32nd Middlesex,2012,2011,1.0,0.0,46259.0,18,False,
126301,2014-11-04,2014,State Representative,33rd Middlesex,2012,2011,1.0,0.0,27193.0,11,False,
126307,2014-11-04,2014,State Representative,34th Middlesex,2012,2011,1.0,0.0,34925.0,12,False,
126254,2014-11-04,2014,State Representative,36th Middlesex,2012,2011,1.0,0.0,41726.0,14,False,
126261,2014-11-04,2014,State Representative,3rd Bristol,2012,2011,1.0,0.0,34486.0,12,False,
126115,2014-11-04,2014,State Representative,3rd Hampden,2012,2011,1.0,0.0,39459.0,12,False,
126127,2014-11-04,2014,State Representative,3rd Hampshire,2012,2011,1.0,0.0,34241.0,12,False,
126189,2014-11-04,2014,State Representative,3rd Middlesex,2012,2011,1.0,0.0,44395.0,14,False,
126282,2014-11-04,2014,State Representative,3rd Norfolk,2012,2011,1.0,0.523112720579055,38680.00006709729,15,False,
126333,2014-11-04,2014,State Representative,4th Hampden,2012,2011,1.0,0.0,34565.0,12,False,
126304,2014-11-04,2014,State Representative,4th Middlesex,2012,2011,1.0,0.0,36914.0,14,False,
126281,2014-11-04,2014,State Representative,4th Norfolk,2012,2011,1.0,0.0,42792.0,14,False,
126305,2014-11-04,2014,State Representative,4th Plymouth,2012,2011,1.0,0.0,47840.0,12,False,
126289,2014-11-04,2014,State Representative,4th Worcester,2012,2011,1.0,0.0,36116.0,15,False,
126170,2014-11-04,2014,State Representative,5th Barnstable,2012,2011,1.0,0.31303844520163926,44920.999995491504,12,False,
126262,2014-11-04,2014,State Representative,5th Essex,2012,2011,1.0,0.0,43901.0,14,False,
126308,2014-11-04,2014,State Representative,5th Middlesex,2012,2011,1.0,0.0,47441.0,13,False,
126276,2014-11-04,2014,State Representative,5th Plymouth,2012,2011,1.0,0.0,45909.0,13,False,
126198,2014-11-04,2014,State Representative,5th Suffolk,2012,2011,1.0,0.0,26587.0,20,False,
126173,2014-11-04,2014,State Representative,5th Worcester,2012,2011,1.0,0.17702613662639768,40977.00000065604,14,False,
126267,2014-11-04,2014,State Representative,6th Bristol,2012,2011,1.0,0.5056176168045537,31151.99999736127,15,False,
126186,2014-11-04,2014,State Representative,6th Essex,2012,2011,1.0,0.0,40513.0,12,False,
126244,2014-11-04,2014,State Representative,6th Hampden,2012,2011,1.0,0.3385623579050016,31387.69050736641,12,False,
126271,2014-11-04,2014,State Representative,6th Middlesex,2012,2011,1.0,0.0,38193.0,11,False,
126256,2014-11-04,2014,State Representative,6th Plymouth,2012,2011,1.0,0.0,45410.0,13,False,
126237,2014-11-04,2014,State Representative,6th Worcester,2012,2011,1.0,0.258685295219742,37362.0,12,False,
126324,2014-11-04,2014,State Representative,7th Essex,2012,2011,1.0,0.0,38011.0,14,False,
126160,2014-11-04,2014,State Representative,7th Worcester,2012,2011,1.0,0.0,38257.0,12,False,
126284,2014-11-04,2014,State Representative,8th Middlesex,2012,2011,1.0,0.0,47210.0,12,False,
126224,2014-11-04,2014,State Representative,8th Plymouth,2012,2011,1.0,0.0,37365.0,13,False,
126178,2014-11-04,2014,State Representative,8th Worcester,2012,2011,1.0,0.0,41999.0,14,False,
126249,2014-11-04,2014,State Representative,9th Bristol,2012,2011,1.0,0.7495534213502456,38627.000025937436,12,False,
126295,2014-11-04,2014,State Representative,9th Essex,2012,2011,1.0,0.0,44708.0,14,False,
126243,2014-11-04,2014,State Representative,9th Hampden,2012,2011,1.0,0.06494247409811653,31551.000000288404,17,False,
126291,2014-11-04,2014,State Representative,9th Middlesex,2012,2011,1.0,0.08066905004756042,39159.9999998504,12,False,
126274,2014-11-04,2014,State Representative,9th Worcester,2012,2011,1.0,0.0,41162.0,11,False,
126268,2014-11-04,2014,State Senate,1st Bristol and Plymouth,2012,2011,1.0,0.2897808591858598,139043.0000053216,51,False,
126123,2014-11-04,2014,State Senate,1st Essex,2012,2011,1.0,0.041348278986807804,164238.99999219147,55,False,
126177,2014-11-04,2014,State Senate,1st Hampden and Hampshire,2012,2011,1.0,0.032486214877236616,154829.83529892814,54,False,
126182,2014-11-04,2014,State Senate,1st Plymouth and Bristol,2012,2011,1.0,0.039807549127066445,157131.00000196323,49,False,
126212,2014-11-04,2014,State Senate,1st Suffolk,2012,2011,1.0,0.03151807893257359,131258.00000467923,77,False,
126221,2014-11-04,2014,State Senate,1st Worcester,2012,2011,1.0,0.0,137153.0,47,False,
126131,2014-11-04,2014,State Senate,2nd Essex and Middlesex,2012,2011,1.0,0.0,138200.0,53,False,
126116,2014-11-04,2014,State Senate,2nd Hampden and Hampshire,2012,2011,1.0,0.0263836218556863,141603.00000578334,51,False,
126235,2014-11-04,2014,State Senate,2nd Middlesex,2012,2011,1.0,0.01901595339047677,163915.0,50,False,
126229,2014-11-04,2014,State Senate,2nd Plymouth and Bristol,2012,2011,1.0,0.0,136799.0,47,False,
126215,2014-11-04,2014,State Senate,2nd Suffolk,2012,2011,1.0,0.0,129132.0,70,False,
126175,2014-11-04,2014,State Senate,3rd Middlesex,2012,2011,1.0,0.03683417694487571,173263.0,50,False,
126302,2014-11-04,2014,State Senate,5th Middlesex,2012,2011,1.0,0.028150166975137055,162912.0000023188,56,False,
126137,2014-11-04,2014,State Senate,Cape and Islands,2012,2011,1.0,0.17722968593067476,211319.00000143936,51,False,
126090,2014-11-04,2014,State Senate,Norfolk and Plymouth,2012,2011,1.0,0.27960388160088345,146536.04774354855,54,False,
126159,2014-11-04,2014,State Senate,"Norfolk, Bristol and Middlesex",2012,2011,1.0,0.06388969227969396,169416.99999674066,48,False,
126218,2014-11-04,2014,State Senate,Plymouth and Barnstable,2012,2011,1.0,0.12110287542892138,173364.99999856064,46,False,
126184,2014-11-04,2014,State Senate,Worcester and Middlesex,2012,2011,1.0,0.06435165268751203,141798.99999939775,54,False,
126179,2014-11-04,2014,State Senate,Worcester and Norfolk,2012,2011,1.0,0.06252668624736372,154574.0,49,False,
126146,2014-11-04,2014,State Senate,"Worcester, Hampden, Hampshire and Middlesex",2012,2011,1.0,0.17385443030241726,157258.00000060225,55,False,
126346,2015-03-31,2015,State Representative,11th Worcester,2012,2011,1.0,0.0,43937.0,12,False,
126345,2015-03-31,2015,State Representative,1st Suffolk,2012,2011,1.0,0.0,19307.0,14,False,
126355,2015-11-03,2015,State Senate,2nd Plymouth and Bristol,2012,2011,1.0,0.0,136799.0,47,False,
127018,2016-03-01,2016,State Representative,12th Essex,2012,2011,1.0,0.0,39947.0,15,False,
127017,2016-03-01,2016,State Representative,3rd Worcester,2012,2011,1.0,0.0,30728.0,13,False,
130483,2016-05-10,2016,State Senate,Plymouth and Norfolk,2012,2011,1.0,0.05001640159119314,185959.00002473377,52,False,
130430,2016-11-08,2016,State Representative,10th Worcester,2012,2011,1.0,0.0,41377.0,11,False,
130340,2016-11-08,2016,State Representative,11th Suffolk,2012,2011,1.0,0.0,34938.0,19,False,
130460,2016-11-08,2016,State Representative,12th Norfolk,2012,2011,1.0,0.0,42443.0,13,False,
130401,2016-11-08,2016,State Representative,12th Plymouth,2012,2011,1.0,0.0,44847.0,12,False,
130328,2016-11-08,2016,State Representative,12th Worcester,2012,2011,1.0,0.0,41132.0,11,False,
130303,2016-11-08,2016,State Representative,14th Bristol,2012,2011,1.0,0.0,39014.0,12,False,
130250,2016-11-08,2016,State Representative,14th Middlesex,2012,2011,1.0,0.0,47356.0,11,False,
130422,2016-11-08,2016,State Representative,15th Essex,2012,2011,1.0,0.0,39798.0,12,False,
130479,2016-11-08,2016,State Representative,15th Worcester,2012,2011,1.0,0.0,21269.0,11,False,
130480,2016-11-08,2016,State Representative,16th Worcester,2012,2011,1.0,0.0,22622.0,11,False,
130432,2016-11-08,2016,State Representative,17th Worcester,2012,2011,1.0,0.0,28775.0,12,False,
130279,2016-11-08,2016,State Representative,18th Essex,2012,2011,1.0,0.0,48424.0,14,False,
130436,2016-11-08,2016,State Representative,18th Middlesex,2012,2011,1.0,0.0,19944.0,12,False,
130414,2016-11-08,2016,State Representative,1st Bristol,2012,2011,1.0,0.09436891259512199,39939.00000015081,11,False,
130272,2016-11-08,2016,State Representative,1st Essex,2012,2011,1.0,0.14627264293048514,46426.99999219146,16,False,
130294,2016-11-08,2016,State Representative,1st Middlesex,2012,2011,1.0,0.0,44976.0,12,False,
130463,2016-11-08,2016,State Representative,1st Plymouth,2012,2011,1.0,0.0,42973.0,11,False,
130319,2016-11-08,2016,State Representative,21st Middlesex,2012,2011,1.0,0.07259336006438898,44398.0000001496,12,False,
130333,2016-11-08,2016,State Representative,22nd Middlesex,2012,2011,1.0,0.0,38778.0,11,False,
130470,2016-11-08,2016,State Representative,27th Middlesex,2012,2011,1.0,0.0,38564.0,11,False,
130316,2016-11-08,2016,State Representative,2nd Barnstable,2012,2011,1.0,0.0,43023.0,12,False,
130380,2016-11-08,2016,State Representative,2nd Plymouth,2012,2011,1.0,0.0,40375.0,11,False,
130473,2016-11-08,2016,State Representative,31st Middlesex,2012,2011,1.0,0.0,49130.0,15,False,
130361,2016-11-08,2016,State Representative,3rd Barnstable,2012,2011,1.0,0.215694347308165,48578.000004508496,14,False,
130462,2016-11-08,2016,State Representative,3rd Berkshire,2012,2011,1.0,0.0,36663.0,13,False,
130405,2016-11-08,2016,State Representative,3rd Bristol,2012,2011,1.0,0.0,34486.0,12,False,
130266,2016-11-08,2016,State Representative,3rd Hampden,2012,2011,1.0,0.0,39459.0,12,False,
130390,2016-11-08,2016,State Representative,3rd Plymouth,2012,2011,1.0,0.0,47663.0,12,False,
130459,2016-11-08,2016,State Representative,4th Bristol,2012,2011,1.0,0.0,40959.0,11,False,
130448,2016-11-08,2016,State Representative,4th Middlesex,2012,2011,1.0,0.0,36914.0,14,False,
130449,2016-11-08,2016,State Representative,4th Plymouth,2012,2011,1.0,0.0,47840.0,12,False,
130433,2016-11-08,2016,State Representative,4th Worcester,2012,2011,1.0,0.0,36116.0,15,False,
130420,2016-11-08,2016,State Representative,5th Plymouth,2012,2011,1.0,0.0,45909.0,13,False,
130342,2016-11-08,2016,State Representative,5th Suffolk,2012,2011,1.0,0.0,26587.0,20,False,
130331,2016-11-08,2016,State Representative,6th Essex,2012,2011,1.0,0.0,40513.0,12,False,
130400,2016-11-08,2016,State Representative,6th Plymouth,2012,2011,1.0,0.0,45410.0,13,False,
130299,2016-11-08,2016,State Representative,7th Middlesex,2012,2011,1.0,0.0,28629.0,11,False,
130307,2016-11-08,2016,State Representative,7th Worcester,2012,2011,1.0,0.0,38257.0,12,False,
130439,2016-11-08,2016,State Representative,9th Essex,2012,2011,1.0,0.0,44708.0,14,False,
130387,2016-11-08,2016,State Representative,9th Hampden,2012,2011,1.0,0.06494247409811653,31551.000000288404,17,False,
130435,2016-11-08,2016,State Representative,9th Middlesex,2012,2011,1.0,0.08066905004756042,39159.9999998504,12,False,
130450,2016-11-08,2016,State Representative,9th Norfolk,2012,2011,1.0,0.3040044868176116,44574.99999984919,13,False,
130371,2016-11-08,2016,State Representative,9th Plymouth,2012,2011,1.0,0.0,24797.0,12,False,
130283,2016-11-08,2016,State Representative,"Barnstable, Dukes and Nantucket",2012,2011,1.0,0.0,50938.0,12,False,
130322,2016-11-08,2016,State Senate,1st Hampden and Hampshire,2012,2011,1.0,0.032486214877236616,154829.83529892814,54,False,
130327,2016-11-08,2016,State Senate,1st Plymouth and Bristol,2012,2011,1.0,0.039807549127066445,157131.00000196323,49,False,
130281,2016-11-08,2016,State Senate,2nd Essex and Middlesex,2012,2011,1.0,0.0,138200.0,53,False,
130267,2016-11-08,2016,State Senate,2nd Hampden and Hampshire,2012,2011,1.0,0.0263836218556863,141603.00000578334,51,False,
130308,2016-11-08,2016,State Senate,2nd Worcester,2012,2011,1.0,0.0,150176.0,49,False,
130446,2016-11-08,2016,State Senate,5th Middlesex,2012,2011,1.0,0.028150166975137055,162912.0000023188,56,False,
130264,2016-11-08,2016,State Senate,"Berkshire, Hampshire and Franklin",2012,2011,1.0,0.11875589066918002,155967.0,79,False,
130284,2016-11-08,2016,State Senate,Cape and Islands,2012,2011,1.0,0.17722968593067476,211319.00000143936,51,False,
130277,2016-11-08,2016,State Senate,"Hampshire, Franklin and Worcester",2012,2011,1.0,0.0,151082.0,65,False,
130252,2016-11-08,2016,State Senate,Middlesex and Worcester,2012,2011,1.0,0.0,171254.0,52,False,
130246,2016-11-08,2016,State Senate,Norfolk and Plymouth,2012,2011,1.0,0.27960388160088345,146536.04774354855,54,False,
130306,2016-11-08,2016,State Senate,"Norfolk, Bristol and Middlesex",2012,2011,1.0,0.06388969227969396,169416.99999674066,48,False,
130311,2016-11-08,2016,State Senate,"Norfolk, Bristol and Plymouth",2012,2011,1.0,0.2163061715011315,164830.9522194821,50,False,
130391,2016-11-08,2016,State Senate,Plymouth and Norfolk,2012,2011,1.0,0.05001640159119314,185959.00002473377,52,False,
130292,2016-11-08,2016,State Senate,"Worcester, Hampden, Hampshire and Middlesex",2012,2011,1.0,0.17385443030241726,157258.00000060225,55,False,
130491,2017-07-25,2017,State Senate,4th Middlesex,2016,2011,1.0,0.0,179589.0,59,False,
130503,2017-10-17,2017,State Senate,Bristol and Norfolk,2016,2011,1.0,0.0,162309.0,45,False,
130504,2017-11-07,2017,State Representative,1st Berkshire,2016,2011,1.0,0.0,35590.0,19,False,
130505,2017-11-07,2017,State Representative,3rd Essex,2016,2011,1.0,0.0,35043.0,14,False,
130509,2017-12-05,2017,State Senate,Worcester and Middlesex,2016,2011,1.0,0.0,142090.0,54,False,
130517,2018-04-03,2018,State Representative,2nd Bristol,2016,2011,1.0,0.0,34691.0,11,False,
131684,2018-11-06,2018,State Representative,10th Norfolk,2016,2011,1.0,0.0,44405.0,11,False,
131639,2018-11-06,2018,State Representative,10th Plymouth,2016,2011,1.0,0.0,34923.0,12,False,
131697,2018-11-06,2018,State Representative,10th Worcester,2016,2011,1.0,0.0,41658.0,11,False,
131661,2018-11-06,2018,State Representative,11th Norfolk,2016,2011,1.0,0.0,47863.0,12,False,
131591,2018-11-06,2018,State Representative,12th Bristol,2016,2011,1.0,0.0,37901.0,11,False,
131670,2018-11-06,2018,State Representative,12th Hampden,2016,2011,1.0,0.0,38961.0,14,False,
131668,2018-11-06,2018,State Representative,12th Plymouth,2016,2011,1.0,0.0,45166.0,12,False,
131593,2018-11-06,2018,State Representative,12th Worcester,2016,2011,1.0,0.0,41395.0,11,False,
131722,2018-11-06,2018,State Representative,13th Bristol,2016,2011,1.0,0.0,28566.0,16,False,
131659,2018-11-06,2018,State Representative,13th Essex,2016,2011,1.0,0.0,46206.0,13,False,
131690,2018-11-06,2018,State Representative,14th Essex,2016,2011,1.0,0.0,37946.0,12,False,
131512,2018-11-06,2018,State Representative,14th Middlesex,2016,2011,1.0,0.0,47286.0,11,False,
131689,2018-11-06,2018,State Representative,15th Essex,2016,2011,1.0,0.0,40926.0,12,False,
131699,2018-11-06,2018,State Representative,17th Worcester,2016,2011,1.0,0.0,28766.0,12,False,
131543,2018-11-06,2018,State Representative,18th Essex,2016,2011,1.0,0.0,47519.0,13,False,
131741,2018-11-06,2018,State Representative,19th Middlesex,2016,2011,1.0,0.0,44033.0,11,False,
131581,2018-11-06,2018,State Representative,1st Barnstable,2016,2011,1.0,0.0,51185.0,13,False,
131536,2018-11-06,2018,State Representative,1st Essex,2016,2011,1.0,0.0,46617.0,16,False,
131636,2018-11-06,2018,State Representative,1st Hampden,2016,2011,1.0,0.0,39613.0,15,False,
131730,2018-11-06,2018,State Representative,1st Plymouth,2016,2011,1.0,0.0,44653.0,11,False,
131694,2018-11-06,2018,State Representative,1st Worcester,2016,2011,1.0,0.0,47409.0,12,False,
131598,2018-11-06,2018,State Representative,22nd Middlesex,2016,2011,1.0,0.0,40217.0,11,False,
131582,2018-11-06,2018,State Representative,2nd Barnstable,2016,2011,1.0,0.0,42627.0,12,False,
131570,2018-11-06,2018,State Representative,2nd Bristol,2016,2011,1.0,0.0,34691.0,11,False,
131630,2018-11-06,2018,State Representative,2nd Essex,2016,2011,1.0,0.0,50970.0,14,False,
131567,2018-11-06,2018,State Representative,2nd Franklin,2016,2011,1.0,0.0,36927.0,18,False,
131669,2018-11-06,2018,State Representative,2nd Hampden,2016,2011,1.0,0.0,45085.0,12,False,
131671,2018-11-06,2018,State Representative,2nd Hampshire,2016,2011,1.0,0.0,43996.0,12,False,
131649,2018-11-06,2018,State Representative,2nd Middlesex,2016,2011,1.0,0.0,48813.0,12,False,
131732,2018-11-06,2018,State Representative,2nd Norfolk,2016,2011,1.0,0.0,35591.0,13,False,
131647,2018-11-06,2018,State Representative,2nd Plymouth,2016,2011,1.0,0.0,40545.0,11,False,
131558,2018-11-06,2018,State Representative,2nd Worcester,2016,2011,1.0,0.0,34135.0,16,False,
131733,2018-11-06,2018,State Representative,30th Middlesex,2016,2011,1.0,0.0,41000.0,14,False,
131740,2018-11-06,2018,State Representative,31st Middlesex,2016,2011,1.0,0.0,49015.0,15,False,
131665,2018-11-06,2018,State Representative,36th Middlesex,2016,2011,1.0,0.0,42378.0,14,False,
131672,2018-11-06,2018,State Representative,3rd Bristol,2016,2011,1.0,0.0,34953.0,12,False,
131529,2018-11-06,2018,State Representative,3rd Hampden,2016,2011,1.0,0.0,39191.0,12,False,
131541,2018-11-06,2018,State Representative,3rd Hampshire,2016,2011,1.0,0.0,33598.0,12,False,
131693,2018-11-06,2018,State Representative,3rd Norfolk,2016,2011,1.0,0.0,38482.0,15,False,
131657,2018-11-06,2018,State Representative,3rd Plymouth,2016,2011,1.0,0.0,47893.0,12,False,
131680,2018-11-06,2018,State Representative,3rd Worcester,2016,2011,1.0,0.0,30960.0,13,False,
131686,2018-11-06,2018,State Representative,4th Essex,2016,2011,1.0,0.0,50499.0,11,False,
131715,2018-11-06,2018,State Representative,4th Middlesex,2016,2011,1.0,0.0,37624.0,14,False,
131716,2018-11-06,2018,State Representative,4th Plymouth,2016,2011,1.0,0.0,48037.0,12,False,
131700,2018-11-06,2018,State Representative,4th Worcester,2016,2011,1.0,0.0,36383.0,15,False,
131580,2018-11-06,2018,State Representative,5th Barnstable,2016,2011,1.0,0.0,45868.0,12,False,
131673,2018-11-06,2018,State Representative,5th Essex,2016,2011,1.0,0.0,43783.0,14,False,
131687,2018-11-06,2018,State Representative,5th Plymouth,2016,2011,1.0,0.0,46182.0,13,False,
131610,2018-11-06,2018,State Representative,5th Suffolk,2016,2011,1.0,0.0,28288.0,20,False,
131583,2018-11-06,2018,State Representative,5th Worcester,2016,2011,1.0,0.0,40422.0,14,False,
131678,2018-11-06,2018,State Representative,6th Bristol,2016,2011,1.0,0.0,30654.0,15,False,
131596,2018-11-06,2018,State Representative,6th Essex,2016,2011,1.0,0.0,40575.0,12,False,
131503,2018-11-06,2018,State Representative,7th Plymouth,2016,2011,1.0,0.0,41816.0,12,False,
131573,2018-11-06,2018,State Representative,7th Worcester,2016,2011,1.0,0.0,39904.0,12,False,
131588,2018-11-06,2018,State Representative,8th Worcester,2016,2011,1.0,0.0,41956.0,14,False,
131706,2018-11-06,2018,State Representative,9th Essex,2016,2011,1.0,0.0,45406.0,14,False,
131717,2018-11-06,2018,State Representative,9th Norfolk,2016,2011,1.0,0.0,45291.0,13,False,
131537,2018-11-06,2018,State Senate,1st Essex,2016,2011,1.0,0.0,167119.0,55,False,
131666,2018-11-06,2018,State Senate,1st Middlesex,2016,2011,1.0,0.0,133397.0,50,False,
131545,2018-11-06,2018,State Senate,2nd Essex and Middlesex,2016,2011,1.0,0.0,143264.0,52,False,
131640,2018-11-06,2018,State Senate,2nd Plymouth and Bristol,2016,2011,1.0,0.0,138820.0,47,False,
131713,2018-11-06,2018,State Senate,5th Middlesex,2016,2011,1.0,0.0,166251.0,56,False,
131571,2018-11-06,2018,State Senate,Bristol and Norfolk,2016,2011,1.0,0.0,162309.0,45,False,
131550,2018-11-06,2018,State Senate,Cape and Islands,2016,2011,1.0,0.0,209139.0,51,False,
131514,2018-11-06,2018,State Senate,Middlesex and Worcester,2016,2011,1.0,0.0,173189.0,52,False,
131506,2018-11-06,2018,State Senate,Norfolk and Plymouth,2016,2011,1.0,0.0,148115.0,54,False,
131572,2018-11-06,2018,State Senate,"Norfolk, Bristol and Middlesex",2016,2011,1.0,0.0,169035.0,48,False,
131629,2018-11-06,2018,State Senate,Plymouth and Barnstable,2016,2011,1.0,0.0,175011.0,46,False,
131658,2018-11-06,2018,State Senate,Plymouth and Norfolk,2016,2011,1.0,0.0,186556.0,52,False,
131594,2018-11-06,2018,State Senate,Worcester and Middlesex,2016,2011,1.0,0.0,142090.0,54,False,
131589,2018-11-06,2018,State Senate,Worcester and Norfolk,2016,2011,1.0,0.0,155465.0,49,False,
131559,2018-11-06,2018,State Senate,"Worcester, Hampden, Hampshire and Middlesex",2016,2011,1.0,0.0,155431.0,55,False,
139531,2020-03-03,2020,State Representative,32nd Middlesex,2016,2011,1.0,0.0,47074.0,18,False,
140742,2020-05-19,2020,State Senate,2nd Hampden and Hampshire,2016,2011,1.0,0.0,142449.0,51,False,
140741,2020-05-19,2020,State Senate,Plymouth and Barnstable,2016,2011,1.0,0.0,175011.0,46,False,
140744,2020-06-02,2020,State Representative,37th Middlesex,2016,2011,1.0,0.0,43480.0,10,False,
140743,2020-06-02,2020,State Representative,3rd Bristol,2016,2011,1.0,0.0,34953.0,12,False,
140983,2020-11-03,2020,State Representative,11th Hampden,2016,2011,1.0,0.0,27354.0,17,False,
140913,2020-11-03,2020,State Representative,12th Plymouth,2016,2011,1.0,0.0,45166.0,12,False,
140841,2020-11-03,2020,State Representative,12th Worcester,2016,2011,1.0,0.0,41395.0,11,False,
140904,2020-11-03,2020,State Representative,13th Essex,2016,2011,1.0,0.0,46206.0,13,False,
140928,2020-11-03,2020,State Representative,13th Middlesex,2016,2011,1.0,0.0,45735.0,14,False,
140814,2020-11-03,2020,State Representative,14th Bristol,2016,2011,1.0,0.0,38823.0,12,False,
140788,2020-11-03,2020,State Representative,18th Essex,2016,2011,1.0,0.0,47519.0,13,False,
140986,2020-11-03,2020,State Representative,19th Middlesex,2016,2011,1.0,0.0,44033.0,11,False,
140829,2020-11-03,2020,State Representative,1st Barnstable,2016,2011,1.0,0.0,51185.0,13,False,
140926,2020-11-03,2020,State Representative,1st Bristol,2016,2011,1.0,0.0,40971.0,11,False,
140782,2020-11-03,2020,State Representative,1st Essex,2016,2011,1.0,0.0,46617.0,16,False,
140805,2020-11-03,2020,State Representative,1st Middlesex,2016,2011,1.0,0.0,44674.0,12,False,
140975,2020-11-03,2020,State Representative,1st Plymouth,2016,2011,1.0,0.0,44653.0,11,False,
140954,2020-11-03,2020,State Representative,20th Middlesex,2016,2011,1.0,0.0,50096.0,13,False,
140846,2020-11-03,2020,State Representative,22nd Middlesex,2016,2011,1.0,0.0,40217.0,11,False,
140830,2020-11-03,2020,State Representative,2nd Barnstable,2016,2011,1.0,0.0,42627.0,12,False,
140875,2020-11-03,2020,State Representative,2nd Essex,2016,2011,1.0,0.0,50970.0,14,False,
140812,2020-11-03,2020,State Representative,2nd Franklin,2016,2011,1.0,0.0,36927.0,18,False,
140803,2020-11-03,2020,State Representative,2nd Worcester,2016,2011,1.0,0.0,34135.0,16,False,
140985,2020-11-03,2020,State Representative,31st Middlesex,2016,2011,1.0,0.0,49015.0,15,False,
140761,2020-11-03,2020,State Representative,37th Middlesex,2016,2011,1.0,0.0,43480.0,10,False,
140917,2020-11-03,2020,State Representative,3rd Bristol,2016,2011,1.0,0.0,34953.0,12,False,
140776,2020-11-03,2020,State Representative,3rd Hampden,2016,2011,1.0,0.0,39191.0,12,False,
140938,2020-11-03,2020,State Representative,3rd Norfolk,2016,2011,1.0,0.0,38482.0,15,False,
140925,2020-11-03,2020,State Representative,3rd Worcester,2016,2011,1.0,0.0,30960.0,13,False,
140989,2020-11-03,2020,State Representative,4th Hampden,2016,2011,1.0,0.0,34745.0,12,False,
140960,2020-11-03,2020,State Representative,4th Middlesex,2016,2011,1.0,0.0,37624.0,14,False,
140937,2020-11-03,2020,State Representative,4th Norfolk,2016,2011,1.0,0.0,43304.0,14,False,
140961,2020-11-03,2020,State Representative,4th Plymouth,2016,2011,1.0,0.0,48037.0,12,False,
140945,2020-11-03,2020,State Representative,4th Worcester,2016,2011,1.0,0.0,36383.0,15,False,
140828,2020-11-03,2020,State Representative,5th Barnstable,2016,2011,1.0,0.0,45868.0,12,False,
140878,2020-11-03,2020,State Representative,5th Norfolk,2016,2011,1.0,0.0,43430.0,14,False,
140932,2020-11-03,2020,State Representative,5th Plymouth,2016,2011,1.0,0.0,46182.0,13,False,
140831,2020-11-03,2020,State Representative,5th Worcester,2016,2011,1.0,0.0,40422.0,14,False,
140844,2020-11-03,2020,State Representative,6th Essex,2016,2011,1.0,0.0,40575.0,12,False,
140912,2020-11-03,2020,State Representative,6th Plymouth,2016,2011,1.0,0.0,45521.0,13,False,
140834,2020-11-03,2020,State Representative,7th Hampden,2016,2011,1.0,0.0,38877.0,14,False,
140818,2020-11-03,2020,State Representative,7th Worcester,2016,2011,1.0,0.0,39904.0,12,False,
140921,2020-11-03,2020,State Representative,8th Bristol,2016,2011,1.0,0.0,37471.0,13,False,
140899,2020-11-03,2020,State Representative,9th Hampden,2016,2011,1.0,0.0,31564.0,17,False,
140947,2020-11-03,2020,State Representative,9th Middlesex,2016,2011,1.0,0.0,40301.0,12,False,
140962,2020-11-03,2020,State Representative,9th Norfolk,2016,2011,1.0,0.0,45291.0,13,False,
140777,2020-11-03,2020,State Senate,2nd Hampden and Hampshire,2016,2011,1.0,0.0,142449.0,51,False,
140756,2020-11-03,2020,State Senate,Norfolk and Plymouth,2016,2011,1.0,0.0,148115.0,54,False,
140817,2020-11-03,2020,State Senate,"Norfolk, Bristol and Middlesex",2016,2011,1.0,0.0,169035.0,48,False,
140874,2020-11-03,2020,State Senate,Plymouth and Barnstable,2016,2011,1.0,0.0,175011.0,46,False,
140903,2020-11-03,2020,State Senate,Plymouth and Norfolk,2016,2011,1.0,0.0,186556.0,52,False,
140842,2020-11-03,2020,State Senate,Worcester and Middlesex,2016,2011,1.0,0.0,142090.0,54,False,
140837,2020-11-03,2020,State Senate,Worcester and Norfolk,2016,2011,1.0,0.0,155465.0,49,False,
140804,2020-11-03,2020,State Senate,"Worcester, Hampden, Hampshire and Middlesex",2016,2011,1.0,0.0,155431.0,55,False,
145846,2021-03-30,2021,State Representative,19th Suffolk,2020,2011,1.0,0.0,34737.0,15,False,
145905,2021-11-30,2021,State Representative,4th Essex,2020,2011,1.0,0.0,53198.0,11,False,
154358,2022-11-08,2022,State Representative,10th Bristol,2020,2021,0.8,0.0,47771.0,15,False,
154523,2022-11-08,2022,State Representative,10th Norfolk,2020,2021,0.9166666666666666,0.0,47861.0,12,False,
154492,2022-11-08,2022,State Representative,11th Suffolk,2020,2021,0.9444444444444444,0.0,21815.0,18,False,
154576,2022-11-08,2022,State Representative,11th Worcester,2020,2021,1.0,0.0,40857.0,11,False,
154526,2022-11-08,2022,State Representative,12th Plymouth,2020,2021,0.8666666666666667,0.0,53562.0,15,False,
154437,2022-11-08,2022,State Representative,12th Worcester,2020,2021,1.0,0.0,45730.0,11,False,
154377,2022-11-08,2022,State Representative,14th Essex,2020,2021,1.0,0.0,50808.0,13,False,
154348,2022-11-08,2022,State Representative,14th Middlesex,2020,2021,0.9230769230769231,0.4056674481704414,49781.89383859442,13,False,
154540,2022-11-08,2022,State Representative,14th Norfolk,2020,2021,1.0,0.0,47285.0,13,False,
154491,2022-11-08,2022,State Representative,16th Middlesex,2020,2021,0.8571428571428571,0.6489949621513971,39603.42018223637,14,False,
154537,2022-11-08,2022,State Representative,17th Worcester,2020,2021,0.7142857142857143,0.0,24810.0,14,False,
154385,2022-11-08,2022,State Representative,18th Essex,2020,2021,0.7142857142857143,0.2062993474722859,46966.069488897614,14,False,
154583,2022-11-08,2022,State Representative,19th Middlesex,2020,2021,0.7272727272727273,0.0,43528.0,11,False,
154521,2022-11-08,2022,State Representative,19th Worcester,2020,2021,0.9166666666666666,0.0,43820.0,12,False,
154474,2022-11-08,2022,State Representative,1st Barnstable,2020,2021,0.9285714285714286,0.0,53323.0,14,False,
154519,2022-11-08,2022,State Representative,1st Bristol,2020,2021,0.9166666666666666,0.0,44675.0,12,False,
154376,2022-11-08,2022,State Representative,1st Essex,2020,2021,0.9375,0.14717013670521276,52873.3830048979,16,False,
154401,2022-11-08,2022,State Representative,1st Middlesex,2020,2021,0.8666666666666667,0.0,48958.0,15,False,
154569,2022-11-08,2022,State Representative,1st Plymouth,2020,2021,0.7692307692307693,0.0,46010.0,13,False,
154441,2022-11-08,2022,State Representative,22nd Middlesex,2020,2021,0.9166666666666666,0.0928551124734781,44478.010684726876,12,False,
154514,2022-11-08,2022,State Representative,28th Middlesex,2020,2021,0.6470588235294118,0.0,25628.0,17,False,
154424,2022-11-08,2022,State Representative,2nd Barnstable,2020,2021,0.9230769230769231,0.0,45975.0,13,False,
154412,2022-11-08,2022,State Representative,2nd Bristol,2020,2021,1.0,0.0,38379.0,11,False,
154524,2022-11-08,2022,State Representative,2nd Essex,2020,2021,1.0,0.2909010941970524,60688.28995197854,13,False,
154409,2022-11-08,2022,State Representative,2nd Franklin,2020,2021,1.0,0.24166022550501182,40138.9997251175,17,False,
154490,2022-11-08,2022,State Representative,2nd Middlesex,2020,2021,0.8461538461538461,0.20883170043467986,43464.83550831509,13,False,
154571,2022-11-08,2022,State Representative,2nd Norfolk,2020,2021,1.0,0.0,40580.0,14,False,
154398,2022-11-08,2022,State Representative,2nd Worcester,2020,2021,0.9411764705882353,0.06924811711569823,37705.0002748825,17,False,
154582,2022-11-08,2022,State Representative,31st Middlesex,2020,2021,1.0,0.0,48301.0,14,False,
154506,2022-11-08,2022,State Representative,36th Middlesex,2020,2021,0.9285714285714286,0.2865333483485444,46121.28671162519,14,False,
154469,2022-11-08,2022,State Representative,3rd Barnstable,2020,2021,1.0,0.0,54023.0,14,False,
154372,2022-11-08,2022,State Representative,3rd Berkshire,2020,2021,1.0,0.0,48327.0,22,False,
154512,2022-11-08,2022,State Representative,3rd Bristol,2020,2021,1.0,0.128873163970559,39971.21723250781,13,False,
154369,2022-11-08,2022,State Representative,3rd Hampden,2020,2021,1.0,0.0,47431.0,18,False,
154518,2022-11-08,2022,State Representative,3rd Worcester,2020,2021,0.9285714285714286,0.0,33211.0,14,False,
154586,2022-11-08,2022,State Representative,4th Norfolk,2020,2021,0.9285714285714286,0.0,42413.0,14,False,
154538,2022-11-08,2022,State Representative,4th Worcester,2020,2021,1.0,0.0,38975.0,15,False,
154503,2022-11-08,2022,State Representative,5th Bristol,2020,2021,0.8,0.0,44882.0,15,False,
154513,2022-11-08,2022,State Representative,5th Essex,2020,2021,1.0,0.0,53961.0,15,False,
154527,2022-11-08,2022,State Representative,5th Plymouth,2020,2021,1.0,0.0,48870.0,13,False,
154450,2022-11-08,2022,State Representative,5th Suffolk,2020,2021,1.0,0.11285447529403861,30844.995818549185,19,False,
154508,2022-11-08,2022,State Representative,6th Plymouth,2020,2021,0.875,0.0,53737.0,16,False,
154430,2022-11-08,2022,State Representative,7th Hampden,2020,2021,1.0,0.13002099771330186,45729.83933569622,15,False,
154340,2022-11-08,2022,State Representative,7th Plymouth,2020,2021,1.0,0.0,45208.0,12,False,
154414,2022-11-08,2022,State Representative,7th Worcester,2020,2021,0.9285714285714286,0.0,46459.0,14,False,
154357,2022-11-08,2022,State Representative,8th Bristol,2020,2021,0.9285714285714286,0.3332023273591462,43374.47652667165,14,False,
154494,2022-11-08,2022,State Representative,8th Hampden,2020,2021,0.75,0.0,32453.0,16,False,
154533,2022-11-08,2022,State Representative,8th Middlesex,2020,2021,0.9166666666666666,0.0,47451.0,12,False,
154554,2022-11-08,2022,State Representative,8th Norfolk,2020,2021,0.6666666666666666,0.3513509828943193,48329.680880241714,18,False,
154475,2022-11-08,2022,State Representative,8th Plymouth,2020,2021,0.8,0.0,41987.0,15,False,
154556,2022-11-08,2022,State Representative,9th Norfolk,2020,2021,0.8666666666666667,0.0,49926.0,15,False,
154478,2022-11-08,2022,State Representative,9th Plymouth,2020,2021,0.9230769230769231,0.27190904355833223,44129.10188725047,13,False,
154517,2022-11-08,2022,State Senate,1st Bristol and Plymouth,2020,2021,1.0,0.27646200831042894,146775.98304411295,49,False,
154471,2022-11-08,2022,State Senate,1st Essex and Middlesex,2020,2021,0.9464285714285714,0.14120406200895894,213195.0,56,False,
154438,2022-11-08,2022,State Senate,1st Worcester,2020,2021,0.8723404255319149,0.0,125751.0,47,False,
154440,2022-11-08,2022,State Senate,2nd Essex,2020,2021,0.9811320754716981,0.0,174650.0,53,False,
154378,2022-11-08,2022,State Senate,2nd Essex and Middlesex,2020,2021,0.8103448275862069,0.0927640041084552,195013.2058264917,58,False,
154548,2022-11-08,2022,State Senate,3rd Essex,2020,2021,0.9649122807017544,0.0,159055.0,57,False,
154553,2022-11-08,2022,State Senate,5th Middlesex,2020,2021,0.835820895522388,0.0,179578.0,67,False,
154365,2022-11-08,2022,State Senate,"Berkshire, Hampden, Franklin & Hampshire",2020,2021,1.0,0.0,176187.0,86,False,
154413,2022-11-08,2022,State Senate,Bristol and Norfolk,2020,2021,0.9230769230769231,0.06896455901799857,185995.06783259785,52,False,
154391,2022-11-08,2022,State Senate,Cape and Islands,2020,2021,0.92,0.0,204394.0,50,False,
154498,2022-11-08,2022,State Senate,First Plymouth & Norfolk,2020,2021,0.9107142857142857,0.0,200849.0,56,False,
154370,2022-11-08,2022,State Senate,Hampden and Hampshire,2020,2021,0.9454545454545454,0.0,156976.0,55,False,
154431,2022-11-08,2022,State Senate,"Hampden, Hampshire & Worcester",2020,2021,0.7966101694915254,0.08207487661957406,165750.99223746164,59,False,
154350,2022-11-08,2022,State Senate,Middlesex and Worcester,2020,2021,0.8793103448275862,0.09591492325413195,186655.0,58,False,
154342,2022-11-08,2022,State Senate,Norfolk and Plymouth,2020,2021,0.9811320754716981,0.0,158518.0,53,False,
154473,2022-11-08,2022,State Senate,"Norfolk, Plymouth & Bristol",2020,2021,0.847457627118644,0.12486265091906613,170618.93216740215,59,False,
154433,2022-11-08,2022,State Senate,"Norfolk, Worcester & Middlesex",2020,2021,0.9423076923076923,0.0,190366.0,52,False,
154470,2022-11-08,2022,State Senate,Plymouth and Barnstable,2020,2021,0.9122807017543859,0.0,212195.0,57,False,
154419,2022-11-08,2022,State Senate,Second Plymouth & Norfolk,2020,2021,0.9791666666666666,0.0,142728.0,48,False,
154436,2022-11-08,2022,State Senate,Third Bristol & Plymouth,2020,2021,0.8571428571428571,0.0,177061.0,56,False,
154427,2022-11-08,2022,State Senate,Worcester & Hampshire,2020,2021,0.9310344827586207,0.09099725448755663,167135.9088297938,58,False,
154402,2022-11-08,2022,State Senate,Worcester and Middlesex,2020,2021,0.9272727272727272,0.055091481197368515,164604.29438935738,55,False,
160410,2023-11-07,2023,State Senate,Worcester & Hampshire,2020,2021,0.9310344827586207,0.09099725448755663,167135.9088297938,58,False,
165318,2024-11-05,2024,State Representative,10th Bristol,2020,2021,0.8,0.0,47771.0,15,False,
165490,2024-11-05,2024,State Representative,10th Norfolk,2020,2021,0.9166666666666666,0.0,47861.0,12,False,
165530,2024-11-05,2024,State Representative,11th Middlesex,2020,2021,1.0,0.0,44119.0,16,False,
165468,2024-11-05,2024,State Representative,11th Norfolk,2020,2021,0.9230769230769231,0.0,51395.0,13,False,
165493,2024-11-05,2024,State Representative,12th Plymouth,2020,2021,0.8666666666666667,0.0,53214.0,15,False,
165465,2024-11-05,2024,State Representative,13th Middlesex,2020,2021,0.8,0.0,51047.0,15,False,
165471,2024-11-05,2024,State Representative,13th Norfolk,2020,2021,1.0,0.0,51132.0,13,False,
165374,2024-11-05,2024,State Representative,14th Bristol,2020,2021,0.9230769230769231,0.0,42636.0,13,False,
165509,2024-11-05,2024,State Representative,17th Middlesex,2020,2021,1.0,0.8832152936151373,38249.87139393964,15,False,
165508,2024-11-05,2024,State Representative,18th Middlesex,2020,2021,0.75,0.2876506449273879,20071.6121916648,16,False,
165550,2024-11-05,2024,State Representative,19th Middlesex,2020,2021,0.7272727272727273,0.0,43528.0,11,False,
165488,2024-11-05,2024,State Representative,19th Worcester,2020,2021,0.8333333333333334,0.0,39177.0,12,False,
165440,2024-11-05,2024,State Representative,1st Barnstable,2020,2021,0.9285714285714286,0.0,53323.0,14,False,
165486,2024-11-05,2024,State Representative,1st Bristol,2020,2021,0.9166666666666666,0.0,44675.0,12,False,
165361,2024-11-05,2024,State Representative,1st Middlesex,2020,2021,0.8666666666666667,0.0,48958.0,15,False,
165536,2024-11-05,2024,State Representative,1st Plymouth,2020,2021,0.7692307692307693,0.0,46010.0,13,False,
165499,2024-11-05,2024,State Representative,1st Worcester,2020,2021,0.8,0.0,51545.0,15,False,
165404,2024-11-05,2024,State Representative,22nd Middlesex,2020,2021,0.9166666666666666,0.0928551124734781,44478.010684726876,12,False,
165386,2024-11-05,2024,State Representative,2nd Barnstable,2020,2021,0.9230769230769231,0.0,45975.0,13,False,
165375,2024-11-05,2024,State Representative,2nd Bristol,2020,2021,1.0,0.0,38379.0,11,False,
165491,2024-11-05,2024,State Representative,2nd Essex,2020,2021,1.0,0.2909010941970524,60688.28995197854,13,False,
165371,2024-11-05,2024,State Representative,2nd Franklin,2020,2021,1.0,0.24166022550501182,40138.9997251175,17,False,
165538,2024-11-05,2024,State Representative,2nd Norfolk,2020,2021,1.0,0.0,40580.0,14,False,
165359,2024-11-05,2024,State Representative,2nd Worcester,2020,2021,0.9411764705882353,0.06924811711569823,37705.0002748825,17,False,
165435,2024-11-05,2024,State Representative,3rd Barnstable,2020,2021,1.0,0.0,54023.0,14,False,
165332,2024-11-05,2024,State Representative,3rd Berkshire,2020,2021,1.0,0.0,48327.0,22,False,
165545,2024-11-05,2024,State Representative,4th Hampden,2020,2021,0.8571428571428571,0.0,41860.0,14,False,
165505,2024-11-05,2024,State Representative,4th Worcester,2020,2021,1.0,0.0,38975.0,15,False,
165385,2024-11-05,2024,State Representative,5th Barnstable,2020,2021,0.9285714285714286,0.0,51459.0,14,False,
165469,2024-11-05,2024,State Representative,5th Bristol,2020,2021,0.8,0.0,44882.0,15,False,
165479,2024-11-05,2024,State Representative,5th Essex,2020,2021,1.0,0.0,53961.0,15,False,
165401,2024-11-05,2024,State Representative,6th Essex,2020,2021,1.0,0.09592620910904506,48665.27538271122,13,False,
165474,2024-11-05,2024,State Representative,6th Plymouth,2020,2021,0.875,0.0,53383.0,16,False,
165454,2024-11-05,2024,State Representative,6th Worcester,2020,2021,0.8571428571428571,0.0,38199.0,14,False,
165524,2024-11-05,2024,State Representative,7th Norfolk,2020,2021,1.0,0.0,46256.0,16,False,
165377,2024-11-05,2024,State Representative,7th Worcester,2020,2021,0.9285714285714286,0.0,46174.0,14,False,
165317,2024-11-05,2024,State Representative,8th Bristol,2020,2021,0.9285714285714286,0.3332023273591462,43374.47652667165,14,False,
165441,2024-11-05,2024,State Representative,8th Plymouth,2020,2021,0.8,0.0,41987.0,15,False,
165551,2024-11-05,2024,State Representative,9th Middlesex,2020,2021,0.8571428571428571,0.0,39375.0,14,False,
165522,2024-11-05,2024,State Representative,9th Norfolk,2020,2021,0.8666666666666667,0.0,49536.0,15,False,
165444,2024-11-05,2024,State Representative,9th Plymouth,2020,2021,0.9230769230769231,0.27279922911190374,43985.10188725047,13,False,
165421,2024-11-05,2024,State Representative,9th Suffolk,2020,2021,0.8333333333333334,0.08683531004910611,38202.30937956653,18,False,
165473,2024-11-05,2024,State Senate,1st Middlesex,2020,2021,0.8793103448275862,0.4230427567455345,135164.2620172555,58,False,
165402,2024-11-05,2024,State Senate,2nd Essex,2020,2021,0.9811320754716981,0.0,174650.0,53,False,
165434,2024-11-05,2024,State Senate,3rd Suffolk,2020,2021,0.8888888888888888,0.0,133717.0,63,False,
165325,2024-11-05,2024,State Senate,"Berkshire, Hampden, Franklin & Hampshire",2020,2021,1.0,0.0,176187.0,86,False,
165376,2024-11-05,2024,State Senate,Bristol and Norfolk,2020,2021,0.9230769230769231,0.06896455901799857,185995.06783259785,52,False,
165352,2024-11-05,2024,State Senate,Cape and Islands,2020,2021,0.92,0.0,204394.0,50,False,
165395,2024-11-05,2024,State Senate,"Norfolk, Worcester & Middlesex",2020,2021,0.9423076923076923,0.0,190366.0,52,False,
165436,2024-11-05,2024,State Senate,Plymouth and Barnstable,2020,2021,0.9122807017543859,0.0,212195.0,57,False,
165398,2024-11-05,2024,State Senate,Third Bristol & Plymouth,2020,2021,0.8571428571428571,0.0,177061.0,56,False,
165405,2024-11-05,2024,State Senate,Worcester & Hampden,2020,2021,0.8666666666666667,0.022546428043949886,184784.22421491877,60,False,
165388,2024-11-05,2024,State Senate,Worcester & Hampshire,2020,2021,0.9310344827586207,0.09099725448755663,167135.9088297938,58,False,
165362,2024-11-05,2024,State Senate,Worcester and Middlesex,2020,2021,0.9444444444444444,0.055091481197368515,164604.29438935738,54,False,
