definition,variant,segment_type,segment_value,n_races,small_sample,rmse,mae,bias,r2,coverage_90,crps,win_accuracy,win_log_loss,bias_presidential_years,bias_non_presidential_years,pres_bias_gap,folds_failing_diagnostics,folds_refused,skipped_years
current,baseline,pooled,all,424,False,15.611261,11.614243,-2.855136,0.683161,0.891509,8.512148,0.915094,0.235423,2.735633,-6.346689,9.082322,,,2019
current,baseline,fold,2014,95,False,15.397522,11.609929,-4.731931,0.712588,0.884211,8.40724,0.894737,0.2752,,,,,,2019
current,baseline,fold,2015,3,True,31.420748,22.494606,-20.057354,0.231163,0.666667,18.405775,0.666667,0.385412,,,,,,2019
current,baseline,fold,2016,62,False,13.742429,10.620434,0.453535,0.789153,0.935484,7.693845,0.967742,0.161548,,,,,,2019
current,baseline,fold,2017,5,True,30.944976,19.461396,-17.172526,0.138896,0.8,16.571863,0.6,0.386312,,,,,,2019
current,baseline,fold,2018,73,False,18.908388,14.304561,-11.913613,0.563219,0.794521,10.549387,0.917808,0.248372,,,,,,2019
current,baseline,fold,2020,55,False,12.603777,9.699862,-2.502333,0.739526,0.963636,7.053384,0.909091,0.238482,,,,,,2019
current,baseline,fold,2021,2,True,20.627674,18.414126,-9.296286,-0.128472,0.5,12.677253,1.0,0.084346,,,,,,2019
current,baseline,fold,2022,74,False,13.318328,9.180364,-0.891257,0.721229,0.905405,7.232136,0.945946,0.211937,,,,,,2019
current,baseline,fold,2023,1,True,10.433104,10.433104,10.433104,,1.0,6.276288,0.0,0.761694,,,,,,2019
current,baseline,fold,2024,54,False,15.17165,12.850082,8.116776,0.672098,0.925926,8.713289,0.907407,0.235375,,,,,,2019
current,baseline,office,State Representative,323,False,16.028504,11.92085,-2.889612,0.69191,0.876161,8.780982,0.916409,0.23209,,,,,,2019
current,baseline,office,State Senate,101,False,14.194819,10.633706,-2.744881,0.63769,0.940594,7.652411,0.910891,0.24608,,,,,,2019
current,baseline,is_special,False,400,False,14.957476,11.287519,-2.329274,0.706718,0.9025,8.230354,0.9225,0.227307,,,,,,2019
current,baseline,is_special,True,24,False,24.016681,17.059647,-11.6195,0.327401,0.708333,13.208701,0.791667,0.370679,,,,,,2019
current,baseline,pres_elec,False,261,False,16.842673,12.143175,-6.346689,0.634767,0.854406,9.079238,0.908046,0.255204,,,,,,2019
current,baseline,pres_elec,True,163,False,13.405961,10.767302,2.735633,0.762028,0.95092,7.604108,0.92638,0.203749,,,,,,2019
current,baseline,redistricting_cycle,2011,295,False,16.226071,12.002558,-5.401233,0.676638,0.881356,8.803995,0.911864,0.239539,,,,,,2019
current,baseline,redistricting_cycle,2021,129,False,14.104943,10.726236,2.967334,0.70086,0.914729,7.844743,0.922481,0.22601,,,,,,2019
current,baseline,no_dem_candidate,False,413,False,15.123194,11.215268,-3.250543,0.679622,0.905569,8.226079,0.917676,0.232034,,,,,,2019
current,baseline,no_dem_candidate,True,11,False,28.406169,26.593954,11.990619,0.075037,0.363636,19.252735,0.818182,0.362641,,,,,,2019
current,baseline,admitted_by_write_in,False,424,False,15.611261,11.614243,-2.855136,0.683161,0.891509,8.512148,0.915094,0.235423,,,,,,2019
current,baseline,admitted_by_write_in,True,0,True,,,,,,,,,,,,,,2019
current,baseline_special,pooled,all,424,False,15.63837,11.709172,-2.977425,0.682059,0.896226,8.551046,0.915094,0.235727,2.73282,-6.543593,9.276413,,,2019
current,baseline_special,fold,2014,95,False,15.423127,11.644402,-4.851265,0.711631,0.894737,8.410304,0.894737,0.270209,,,,,,2019
current,baseline_special,fold,2015,3,True,30.165077,21.761122,-18.135471,0.291386,0.666667,17.579301,0.666667,0.395058,,,,,,2019
current,baseline_special,fold,2016,62,False,13.643239,10.568547,0.644014,0.792186,0.935484,7.642593,0.967742,0.160201,,,,,,2019
current,baseline_special,fold,2017,5,True,29.083547,18.673232,-13.340129,0.239376,0.8,15.513502,0.8,0.355733,,,,,,2019
current,baseline_special,fold,2018,73,False,19.461115,14.901716,-12.533689,0.53731,0.794521,10.9433,0.931507,0.256843,,,,,,2019
current,baseline_special,fold,2020,55,False,12.22146,9.474413,-2.217211,0.755088,0.963636,6.884038,0.909091,0.233046,,,,,,2019
current,baseline_special,fold,2021,2,True,19.477097,18.779494,-5.166033,-0.006095,1.0,12.144403,1.0,0.05084,,,,,,2019
current,baseline_special,fold,2022,74,False,13.525567,9.365569,-1.638211,0.712486,0.905405,7.360669,0.918919,0.218135,,,,,,2019
current,baseline_special,fold,2023,1,True,14.114329,14.114329,14.114329,,1.0,8.447221,0.0,0.992902,,,,,,2019
current,baseline_special,fold,2024,54,False,15.053661,12.794957,8.03651,0.677178,0.925926,8.65944,0.907407,0.232932,,,,,,2019
current,baseline_special,office,State Representative,323,False,16.061418,11.995462,-3.027936,0.690643,0.882353,8.80865,0.919505,0.231,,,,,,2019
current,baseline_special,office,State Senate,101,False,14.201112,10.793611,-2.815889,0.637369,0.940594,7.727221,0.90099,0.250843,,,,,,2019
current,baseline_special,is_special,False,400,False,15.097195,11.412276,-2.648506,0.701214,0.9025,8.311334,0.92,0.229568,,,,,,2019
current,baseline_special,is_special,True,24,False,22.842521,16.657432,-8.459407,0.391559,0.791667,12.54624,0.833333,0.338378,,,,,,2019
current,baseline_special,pres_elec,False,261,False,16.922035,12.324713,-6.543593,0.631317,0.862069,9.167445,0.908046,0.256228,,,,,,2019
current,baseline_special,pres_elec,True,163,False,13.327893,10.723551,2.73282,0.764792,0.95092,7.564051,0.92638,0.2029,,,,,,2019
current,baseline_special,redistricting_cycle,2011,295,False,16.231266,12.090151,-5.387411,0.676431,0.888136,8.830159,0.918644,0.238084,,,,,,2019
current,baseline_special,redistricting_cycle,2021,129,False,14.189726,10.837939,2.533785,0.697253,0.914729,7.912763,0.906977,0.230335,,,,,,2019
current,baseline_special,no_dem_candidate,False,413,False,15.153321,11.313457,-3.371806,0.678345,0.910412,8.266918,0.917676,0.232192,,,,,,2019
current,baseline_special,no_dem_candidate,True,11,False,28.378142,26.56644,11.829804,0.076862,0.363636,19.218728,0.818182,0.368434,,,,,,2019
current,baseline_special,admitted_by_write_in,False,424,False,15.63837,11.709172,-2.977425,0.682059,0.896226,8.551046,0.915094,0.235727,,,,,,2019
current,baseline_special,admitted_by_write_in,True,0,True,,,,,,,,,,,,,,2019
current,baseline_num_candidates,pooled,all,424,False,15.584996,11.666556,-2.728985,0.684226,0.882075,8.517484,0.915094,0.2399,2.62747,-6.074204,8.701673,,,2019
current,baseline_num_candidates,fold,2014,95,False,15.315006,11.561166,-4.62124,0.71566,0.884211,8.348691,0.894737,0.272715,,,,,,2019
current,baseline_num_candidates,fold,2015,3,True,30.814259,23.159578,-19.80089,0.260557,0.666667,18.38529,0.666667,0.440705,,,,,,2019
current,baseline_num_candidates,fold,2016,62,False,13.736345,10.697812,0.597882,0.78934,0.919355,7.716765,0.967742,0.164765,,,,,,2019
current,baseline_num_candidates,fold,2017,5,True,30.274978,19.292888,-18.152246,0.17578,0.8,16.185792,0.8,0.336045,,,,,,2019
current,baseline_num_candidates,fold,2018,73,False,18.69126,14.285332,-11.674333,0.573193,0.794521,10.441121,0.931507,0.253804,,,,,,2019
current,baseline_num_candidates,fold,2020,55,False,12.744547,9.932883,-2.556336,0.733675,0.945455,7.143594,0.890909,0.25168,,,,,,2019
current,baseline_num_candidates,fold,2021,2,True,22.846787,20.609501,-9.860231,-0.384333,0.5,14.299889,1.0,0.094579,,,,,,2019
current,baseline_num_candidates,fold,2022,74,False,13.204559,8.91747,-0.37069,0.725971,0.905405,7.153484,0.945946,0.21156,,,,,,2019
current,baseline_num_candidates,fold,2023,1,True,11.766263,11.766263,11.766263,,1.0,6.987072,0.0,0.848924,,,,,,2019
current,baseline_num_candidates,fold,2024,54,False,15.546913,13.279365,7.837657,0.655676,0.888889,8.957759,0.888889,0.250523,,,,,,2019
current,baseline_num_candidates,office,State Representative,323,False,16.044378,12.034578,-2.764523,0.691299,0.863777,8.816945,0.913313,0.240188,,,,,,2019
current,baseline_num_candidates,office,State Senate,101,False,14.015167,10.489616,-2.615334,0.646803,0.940594,7.5598,0.920792,0.238977,,,,,,2019
current,baseline_num_candidates,is_special,False,400,False,14.960334,11.342144,-2.211682,0.706606,0.8925,8.241233,0.92,0.2326,,,,,,2019
current,baseline_num_candidates,is_special,True,24,False,23.68334,17.073425,-11.350706,0.345942,0.708333,13.12166,0.833333,0.361563,,,,,,2019
current,baseline_num_candidates,pres_elec,False,261,False,16.685102,12.053109,-6.074204,0.641569,0.854406,9.001768,0.915709,0.255299,,,,,,2019
current,baseline_num_candidates,pres_elec,True,163,False,13.639929,11.047597,2.62747,0.753649,0.92638,7.742035,0.91411,0.215242,,,,,,2019
current,baseline_num_candidates,redistricting_cycle,2011,295,False,16.144788,12.060593,-5.303927,0.67987,0.874576,8.784235,0.915254,0.243,,,,,,2019
current,baseline_num_candidates,redistricting_cycle,2021,129,False,14.222284,10.765463,3.159447,0.695862,0.899225,7.907472,0.914729,0.232811,,,,,,2019
current,baseline_num_candidates,no_dem_candidate,False,413,False,15.084665,11.261727,-3.129994,0.681253,0.895884,8.224955,0.917676,0.236557,,,,,,2019
current,baseline_num_candidates,no_dem_candidate,True,11,False,28.618628,26.866049,12.32708,0.06115,0.363636,19.500627,0.818182,0.365402,,,,,,2019
current,baseline_num_candidates,admitted_by_write_in,False,424,False,15.584996,11.666556,-2.728985,0.684226,0.882075,8.517484,0.915094,0.2399,,,,,,2019
current,baseline_num_candidates,admitted_by_write_in,True,0,True,,,,,,,,,,,,,,2019
current,baseline_pres_incumbent,pooled,all,424,False,15.566947,11.569621,-2.766685,0.684957,0.891509,8.48887,0.917453,0.235496,2.565189,-6.096553,8.661741,,,2019
current,baseline_pres_incumbent,fold,2014,95,False,15.420191,11.633626,-4.606269,0.711741,0.884211,8.435361,0.894737,0.28155,,,,,,2019
current,baseline_pres_incumbent,fold,2015,3,True,31.307499,22.323339,-20.070861,0.236696,0.666667,18.283665,1.0,0.377796,,,,,,2019
current,baseline_pres_incumbent,fold,2016,62,False,13.650478,10.570005,0.326672,0.791965,0.935484,7.657154,0.967742,0.15588,,,,,,2019
current,baseline_pres_incumbent,fold,2017,5,True,31.011006,19.541273,-17.11634,0.135217,0.8,16.655171,0.6,0.384664,,,,,,2019
current,baseline_pres_incumbent,fold,2018,73,False,18.541809,13.953136,-11.277957,0.579991,0.794521,10.270072,0.917808,0.250602,,,,,,2019
current,baseline_pres_incumbent,fold,2020,55,False,12.852638,9.991681,-2.758096,0.729138,0.963636,7.198926,0.927273,0.228739,,,,,,2019
current,baseline_pres_incumbent,fold,2021,2,True,20.644167,18.550942,-9.057825,-0.130277,0.5,12.586966,1.0,0.087904,,,,,,2019
current,baseline_pres_incumbent,fold,2022,74,False,13.373391,9.082679,-0.841048,0.718919,0.905405,7.243336,0.932432,0.21747,,,,,,2019
current,baseline_pres_incumbent,fold,2023,1,True,10.991606,10.991606,10.991606,,1.0,6.530031,0.0,0.789933,,,,,,2019
current,baseline_pres_incumbent,fold,2024,54,False,15.193914,12.814354,8.044619,0.671135,0.925926,8.734889,0.907407,0.230531,,,,,,2019
current,baseline_pres_incumbent,office,State Representative,323,False,15.967755,11.882967,-2.814782,0.694241,0.876161,8.753924,0.919505,0.232689,,,,,,2019
current,baseline_pres_incumbent,office,State Senate,101,False,14.209465,10.567536,-2.612871,0.636942,0.940594,7.641221,0.910891,0.244474,,,,,,2019
current,baseline_pres_incumbent,is_special,False,400,False,14.913954,11.243264,-2.248065,0.708423,0.9025,8.20911,0.9225,0.227636,,,,,,2019
current,baseline_pres_incumbent,is_special,True,24,False,23.959557,17.00891,-11.410358,0.330597,0.708333,13.151529,0.833333,0.366503,,,,,,2019
current,baseline_pres_incumbent,pres_elec,False,261,False,16.741674,12.021698,-6.096553,0.639134,0.854406,9.010101,0.908046,0.259525,,,,,,2019
current,baseline_pres_incumbent,pres_elec,True,163,False,13.474316,10.845743,2.565189,0.759595,0.95092,7.65426,0.932515,0.19702,,,,,,2019
current,baseline_pres_incumbent,redistricting_cycle,2011,295,False,16.148269,11.967574,-5.275383,0.679732,0.881356,8.762915,0.918644,0.239047,,,,,,2019
current,baseline_pres_incumbent,redistricting_cycle,2021,129,False,14.148084,10.659574,2.970259,0.699027,0.914729,7.862178,0.914729,0.227375,,,,,,2019
current,baseline_pres_incumbent,no_dem_candidate,False,413,False,15.064121,11.17039,-3.158642,0.68212,0.905569,8.199827,0.920097,0.232095,,,,,,2019
current,baseline_pres_incumbent,no_dem_candidate,True,11,False,28.646266,26.558957,11.949517,0.059335,0.363636,19.341107,0.818182,0.363192,,,,,,2019
current,baseline_pres_incumbent,admitted_by_write_in,False,424,False,15.566947,11.569621,-2.766685,0.684957,0.891509,8.48887,0.917453,0.235496,,,,,,2019
current,baseline_pres_incumbent,admitted_by_write_in,True,0,True,,,,,,,,,,,,,,2019
current,baseline_year,pooled,all,424,False,14.861918,11.071416,-1.851723,0.712847,0.919811,8.111626,0.931604,0.219565,-2.385216,-1.518546,-0.86667,,,2019
current,baseline_year,fold,2014,95,False,14.634205,10.806998,0.051775,0.740378,0.936842,7.936051,0.936842,0.256737,,,,,,2019
current,baseline_year,fold,2015,3,True,29.53935,21.47936,-17.082462,0.320479,0.666667,17.098715,0.666667,0.40292,,,,,,2019
current,baseline_year,fold,2016,62,False,15.058118,11.462963,-6.058509,0.746848,0.919355,8.314459,0.967742,0.172604,,,,,,2019
current,baseline_year,fold,2017,5,True,28.600276,18.801367,-12.269064,0.264444,0.8,15.249219,0.8,0.355227,,,,,,2019
current,baseline_year,fold,2018,73,False,15.910164,11.765037,-5.978518,0.690754,0.890411,8.732511,0.945205,0.200857,,,,,,2019
current,baseline_year,fold,2020,55,False,13.054265,10.199193,-6.041835,0.720573,0.945455,7.359305,0.927273,0.242788,,,,,,2019
current,baseline_year,fold,2021,2,True,19.430358,18.534254,-5.832688,-0.001272,1.0,11.99471,1.0,0.062035,,,,,,2019
current,baseline_year,fold,2022,74,False,13.66008,10.168555,3.152179,0.706739,0.918919,7.506897,0.932432,0.190827,,,,,,2019
current,baseline_year,fold,2023,1,True,13.282373,13.282373,13.282373,,1.0,7.915067,0.0,0.93077,,,,,,2019
current,baseline_year,fold,2024,54,False,13.573766,10.6637,4.296769,0.73753,0.925926,7.642888,0.907407,0.219023,,,,,,2019
current,baseline_year,office,State Representative,323,False,15.229512,11.48108,-1.977537,0.72186,0.910217,8.357736,0.934985,0.215536,,,,,,2019
current,baseline_year,office,State Senate,101,False,13.619909,9.761303,-1.449368,0.666444,0.950495,7.324561,0.920792,0.232449,,,,,,2019
current,baseline_year,is_special,False,400,False,14.28843,10.757977,-1.505149,0.732369,0.9275,7.865713,0.935,0.212859,,,,,,2019
current,baseline_year,is_special,True,24,False,22.349488,16.295402,-7.627966,0.417541,0.791667,12.210187,0.875,0.33133,,,,,,2019
current,baseline_year,pres_elec,False,261,False,15.543908,11.339254,-1.518546,0.688923,0.908046,8.389146,0.931034,0.227525,,,,,,2019
current,baseline_year,pres_elec,True,163,False,13.699373,10.642548,-2.385216,0.751497,0.93865,7.667255,0.932515,0.206819,,,,,,2019
current,baseline_year,redistricting_cycle,2011,295,False,15.373064,11.365035,-4.283728,0.709743,0.918644,8.34979,0.938983,0.224462,,,,,,2019
current,baseline_year,redistricting_cycle,2021,129,False,13.62112,10.399963,3.709838,0.72103,0.922481,7.566988,0.914729,0.208366,,,,,,2019
current,baseline_year,no_dem_candidate,False,413,False,14.321104,10.692296,-2.168366,0.712705,0.932203,7.828993,0.934625,0.215648,,,,,,2019
current,baseline_year,no_dem_candidate,True,11,False,28.520883,25.30566,10.036793,0.067552,0.454545,18.723201,0.818182,0.366627,,,,,,2019
current,baseline_year,admitted_by_write_in,False,424,False,14.861918,11.071416,-1.851723,0.712847,0.919811,8.111626,0.931604,0.219565,,,,,,2019
current,baseline_year,admitted_by_write_in,True,0,True,,,,,,,,,,,,,,2019
current,baseline_year_pres,pooled,all,264,False,15.238426,11.368272,-1.494292,0.673159,0.909091,8.334451,0.920455,0.221545,2.869078,-4.330482,7.19956,"2017,2018","2014,2015,2016",2019
current,baseline_year_pres,fold,2017,5,True,30.542685,19.344983,-16.201835,0.161139,0.8,16.36524,0.8,0.379623,,,,2017,,2019
current,baseline_year_pres,fold,2018,73,False,17.613807,13.123145,-9.747986,0.620981,0.835616,9.726985,0.931507,0.225782,,,,2018,,2019
current,baseline_year_pres,fold,2020,55,False,12.483606,9.699821,-2.235803,0.744469,0.963636,7.090434,0.927273,0.231944,,,,,,2019
current,baseline_year_pres,fold,2021,2,True,19.446865,18.571733,-5.768126,-0.002974,1.0,11.941382,1.0,0.062425,,,,,,2019
current,baseline_year_pres,fold,2022,74,False,13.556884,9.990707,2.680385,0.711153,0.905405,7.453175,0.932432,0.193737,,,,,,2019
current,baseline_year_pres,fold,2023,1,True,12.430424,12.430424,12.430424,,1.0,7.42212,0.0,0.887035,,,,,,2019
current,baseline_year_pres,fold,2024,54,False,14.213059,11.558017,5.960104,0.712224,0.962963,8.066395,0.907407,0.222265,,,,,,2019
current,baseline_year_pres,office,State Representative,201,False,15.263998,11.472701,-1.639801,0.699483,0.900498,8.432725,0.925373,0.213591,,,,,,2019
current,baseline_year_pres,office,State Senate,63,False,15.156549,11.035095,-1.030049,0.539447,0.936508,8.020911,0.904762,0.246923,,,,,,2019
current,baseline_year_pres,is_special,False,250,False,14.534626,11.017339,-0.863812,0.699263,0.916,8.04468,0.924,0.215222,,,,,,2019
current,baseline_year_pres,is_special,True,14,False,24.62505,17.634931,-12.752865,0.174275,0.785714,13.508932,0.857143,0.334459,,,,,,2019
current,baseline_year_pres,pres_elec,False,160,False,16.721374,12.144428,-4.330482,0.624504,0.8625,9.04468,0.925,0.218972,,,,,,2019
current,baseline_year_pres,pres_elec,True,104,False,12.621198,10.174186,2.869078,0.755844,0.980769,7.241792,0.913462,0.225504,,,,,,2019
current,baseline_year_pres,redistricting_cycle,2011,135,False,16.47441,12.039616,-6.867537,0.638115,0.888889,8.931501,0.925926,0.231571,,,,,,2019
current,baseline_year_pres,redistricting_cycle,2021,129,False,13.827146,10.665703,4.128872,0.712527,0.930233,7.709631,0.914729,0.211053,,,,,,2019
current,baseline_year_pres,no_dem_candidate,False,254,False,14.415153,10.76527,-1.954322,0.669725,0.929134,7.89097,0.925197,0.214696,,,,,,2019
current,baseline_year_pres,no_dem_candidate,True,10,False,29.194169,26.684516,10.190485,0.094282,0.4,19.598873,0.8,0.395521,,,,,,2019
current,baseline_year_pres,admitted_by_write_in,False,264,False,15.238426,11.368272,-1.494292,0.673159,0.909091,8.334451,0.920455,0.221545,,,,,,2019
current,baseline_year_pres,admitted_by_write_in,True,0,True,,,,,,,,,,,,,,2019
current,baseline_national_env,pooled,all,424,False,14.891649,11.345024,-0.427639,0.711697,0.910377,8.576113,0.919811,0.233368,2.672505,-2.363744,5.036249,,,2019
current,baseline_national_env,fold,2014,95,False,15.407211,11.602729,-4.737816,0.712226,0.884211,8.400081,0.894737,0.275351,,,,,,2019
current,baseline_national_env,fold,2015,3,True,31.361175,22.42676,-19.959046,0.234076,0.666667,18.28536,0.666667,0.385115,,,,,,2019
current,baseline_national_env,fold,2016,62,False,13.758974,10.663704,0.458465,0.788645,0.935484,7.7015,0.967742,0.161947,,,,,,2019
current,baseline_national_env,fold,2017,5,True,27.07138,19.454401,-8.32876,0.340984,1.0,47.031165,0.8,0.628593,,,,,,2019
current,baseline_national_env,fold,2018,73,False,15.506579,12.479328,4.921792,0.706244,0.917808,8.750091,0.931507,0.213536,,,,,,2019
current,baseline_national_env,fold,2020,55,False,11.546801,9.159412,-1.987721,0.781382,0.981818,6.598306,0.927273,0.209821,,,,,,2019
current,baseline_national_env,fold,2021,2,True,22.607457,18.512997,-12.975595,-0.355482,0.5,13.814759,1.0,0.124924,,,,,,2019
current,baseline_national_env,fold,2022,74,False,14.015056,9.838259,-4.549372,0.691299,0.878378,7.5978,0.918919,0.243192,,,,,,2019
current,baseline_national_env,fold,2023,1,True,7.57303,7.57303,7.57303,,1.0,4.936035,1.0,0.623621,,,,,,2019
current,baseline_national_env,fold,2024,54,False,15.288841,12.869266,8.276578,0.667012,0.907407,8.783208,0.907407,0.230603,,,,,,2019
current,baseline_national_env,office,State Representative,323,False,15.463999,11.87532,-0.376945,0.713229,0.897833,8.788108,0.919505,0.233976,,,,,,2019
current,baseline_national_env,office,State Senate,101,False,12.891806,9.649128,-0.589759,0.701153,0.950495,7.898151,0.920792,0.231423,,,,,,2019
current,baseline_national_env,is_special,False,400,False,14.371881,11.06988,-0.001646,0.729233,0.9175,7.970346,0.9225,0.225753,,,,,,2019
current,baseline_national_env,is_special,True,24,False,21.800586,15.930765,-7.527519,0.4458,0.791667,18.672234,0.875,0.360282,,,,,,2019
current,baseline_national_env,pres_elec,False,261,False,15.693127,11.658766,-2.363744,0.682921,0.888889,9.157985,0.911877,0.255019,,,,,,2019
current,baseline_national_env,pres_elec,True,163,False,13.509638,10.842652,2.672505,0.758333,0.944785,7.644405,0.932515,0.198699,,,,,,2019
current,baseline_national_env,redistricting_cycle,2011,295,False,15.049271,11.456765,-1.014148,0.721841,0.918644,8.795951,0.922034,0.230086,,,,,,2019
current,baseline_national_env,redistricting_cycle,2021,129,False,14.52477,11.089493,0.913603,0.682787,0.891473,8.073383,0.914729,0.240871,,,,,,2019
current,baseline_national_env,no_dem_candidate,False,413,False,14.304309,10.937237,-0.724355,0.713378,0.920097,8.280229,0.922518,0.228461,,,,,,2019
current,baseline_national_env,no_dem_candidate,True,11,False,29.4209,26.655605,10.712706,0.007774,0.545455,19.68524,0.818182,0.41759,,,,,,2019
current,baseline_national_env,admitted_by_write_in,False,424,False,14.891649,11.345024,-0.427639,0.711697,0.910377,8.576113,0.919811,0.233368,,,,,,2019
current,baseline_national_env,admitted_by_write_in,True,0,True,,,,,,,,,,,,,,2019
two_party,baseline,pooled,all,346,False,12.733888,9.707513,-2.423118,0.694832,0.916185,7.045045,0.890173,0.282469,3.980814,-6.136814,10.117628,,,2019
two_party,baseline,fold,2014,81,False,12.983521,9.95884,-4.165607,0.747308,0.925926,7.183068,0.864198,0.337549,,,,,,2019
two_party,baseline,fold,2015,2,True,9.518017,7.188691,-6.238219,0.135768,1.0,5.55594,1.0,0.519353,,,,,,2019
two_party,baseline,fold,2016,48,False,11.614573,9.186409,1.812593,0.807348,0.916667,6.609121,0.916667,0.199496,,,,,,2019
two_party,baseline,fold,2017,4,True,12.693884,8.764507,-8.102422,0.694847,0.75,6.990722,0.75,0.464411,,,,,,2019
two_party,baseline,fold,2018,61,False,15.871926,12.527876,-11.470643,0.440765,0.819672,9.09648,0.885246,0.321218,,,,,,2019
two_party,baseline,fold,2020,47,False,12.60568,9.459586,-2.16586,0.649941,0.957447,6.752442,0.87234,0.263538,,,,,,2019
two_party,baseline,fold,2021,2,True,29.443868,23.797855,-17.337919,-0.428958,0.5,19.142973,1.0,0.082179,,,,,,2019
two_party,baseline,fold,2022,60,False,8.81927,6.180041,-1.529666,0.729314,0.966667,5.044183,0.916667,0.224989,,,,,,2019
two_party,baseline,fold,2023,1,True,8.089173,8.089173,8.089173,,1.0,4.912957,1.0,0.621524,,,,,,2019
two_party,baseline,fold,2024,40,False,12.091178,10.661555,9.419202,0.741917,0.95,7.033614,0.9,0.291372,,,,,,2019
two_party,baseline,office,State Representative,256,False,13.108911,9.860285,-2.608536,0.692793,0.90625,7.21306,0.894531,0.284533,,,,,,2019
two_party,baseline,office,State Senate,90,False,11.60106,9.272963,-1.895709,0.688282,0.944444,6.567136,0.877778,0.276598,,,,,,2019
two_party,baseline,is_special,False,324,False,12.026748,9.324639,-1.890993,0.722272,0.929012,6.724443,0.895062,0.272981,,,,,,2019
two_party,baseline,is_special,True,22,False,20.494276,15.346207,-10.25987,0.377927,0.727273,11.76664,0.818182,0.422198,,,,,,2019
two_party,baseline,pres_elec,False,219,False,13.645003,10.038891,-6.136814,0.631653,0.894977,7.468404,0.885845,0.306135,,,,,,2019
two_party,baseline,pres_elec,True,127,False,10.98668,9.136083,3.980814,0.789967,0.952756,6.315001,0.897638,0.24166,,,,,,2019
two_party,baseline,redistricting_cycle,2011,245,False,13.63137,10.422228,-4.618271,0.678905,0.897959,7.545621,0.881633,0.293708,,,,,,2019
two_party,baseline,redistricting_cycle,2021,101,False,10.234899,7.9738,2.901755,0.739176,0.960396,5.830777,0.910891,0.255206,,,,,,2019
two_party,baseline,no_dem_candidate,False,346,False,12.733888,9.707513,-2.423118,0.694832,0.916185,7.045045,0.890173,0.282469,,,,,,2019
two_party,baseline,no_dem_candidate,True,0,True,,,,,,,,,,,,,,2019
two_party,baseline,admitted_by_write_in,False,346,False,12.733888,9.707513,-2.423118,0.694832,0.916185,7.045045,0.890173,0.282469,,,,,,2019
two_party,baseline,admitted_by_write_in,True,0,True,,,,,,,,,,,,,,2019
two_party,baseline_special,pooled,all,346,False,12.8303,9.78892,-2.531653,0.690194,0.910405,7.094886,0.887283,0.286838,3.936977,-6.282867,10.219845,,,2019
two_party,baseline_special,fold,2014,81,False,13.023327,9.991015,-4.113147,0.745756,0.91358,7.207662,0.864198,0.343274,,,,,,2019
two_party,baseline_special,fold,2015,2,True,9.737003,7.144028,-6.616048,0.095542,1.0,5.662187,1.0,0.523937,,,,,,2019
two_party,baseline_special,fold,2016,48,False,11.60006,9.180097,1.811578,0.807829,0.916667,6.586475,0.916667,0.199777,,,,,,2019
two_party,baseline_special,fold,2017,4,True,12.060088,8.267774,-6.871173,0.724559,0.75,6.661359,0.75,0.450846,,,,,,2019
two_party,baseline_special,fold,2018,61,False,16.159001,12.741477,-11.744171,0.420352,0.819672,9.268097,0.885246,0.330074,,,,,,2019
two_party,baseline_special,fold,2020,47,False,12.80772,9.548918,-2.33217,0.63863,0.93617,6.822451,0.87234,0.267754,,,,,,2019
two_party,baseline_special,fold,2021,2,True,28.122973,23.797716,-14.985671,-0.303623,0.5,18.475353,1.0,0.0547,,,,,,2019
two_party,baseline_special,fold,2022,60,False,8.96407,6.316269,-1.972814,0.720352,0.966667,5.110731,0.916667,0.230015,,,,,,2019
two_party,baseline_special,fold,2023,1,True,10.493536,10.493536,10.493536,,1.0,6.290491,0.0,0.79076,,,,,,2019
two_party,baseline_special,fold,2024,40,False,12.080926,10.6649,9.370679,0.742355,0.95,7.024875,0.9,0.289506,,,,,,2019
two_party,baseline_special,office,State Representative,256,False,13.184068,9.918798,-2.699701,0.68926,0.902344,7.245734,0.898438,0.287207,,,,,,2019
two_party,baseline_special,office,State Senate,90,False,11.766011,9.41949,-2.053647,0.679355,0.933333,6.665806,0.855556,0.285788,,,,,,2019
two_party,baseline_special,is_special,False,324,False,12.118657,9.388488,-2.012702,0.718011,0.925926,6.766593,0.891975,0.276104,,,,,,2019
two_party,baseline_special,is_special,True,22,False,20.642089,15.6862,-10.174384,0.368921,0.681818,11.929732,0.818182,0.444925,,,,,,2019
two_party,baseline_special,pres_elec,False,219,False,13.790908,10.171541,-6.282867,0.623734,0.885845,7.555255,0.881279,0.31339,,,,,,2019
two_party,baseline_special,pres_elec,True,127,False,10.978119,9.129125,3.936977,0.790294,0.952756,6.30102,0.897638,0.24105,,,,,,2019
two_party,baseline_special,redistricting_cycle,2011,245,False,13.730349,10.493472,-4.664913,0.674225,0.889796,7.595514,0.881633,0.298261,,,,,,2019
two_party,baseline_special,redistricting_cycle,2021,101,False,10.32604,8.079858,2.643088,0.73451,0.960396,5.880489,0.90099,0.259128,,,,,,2019
two_party,baseline_special,no_dem_candidate,False,346,False,12.8303,9.78892,-2.531653,0.690194,0.910405,7.094886,0.887283,0.286838,,,,,,2019
two_party,baseline_special,no_dem_candidate,True,0,True,,,,,,,,,,,,,,2019
two_party,baseline_special,admitted_by_write_in,False,346,False,12.8303,9.78892,-2.531653,0.690194,0.910405,7.094886,0.887283,0.286838,,,,,,2019
two_party,baseline_special,admitted_by_write_in,True,0,True,,,,,,,,,,,,,,2019
two_party,baseline_num_candidates,pooled,all,346,False,12.798123,9.786212,-2.472936,0.691746,0.910405,7.08532,0.887283,0.286091,3.92029,-6.180424,10.100714,,,2019
two_party,baseline_num_candidates,fold,2014,81,False,13.258119,10.228762,-4.304932,0.736506,0.901235,7.350079,0.864198,0.347427,,,,,,2019
two_party,baseline_num_candidates,fold,2015,2,True,9.868101,7.475745,-6.441478,0.071023,1.0,5.729508,1.0,0.526258,,,,,,2019
two_party,baseline_num_candidates,fold,2016,48,False,11.694074,9.250229,1.844406,0.804702,0.916667,6.648356,0.916667,0.203704,,,,,,2019
two_party,baseline_num_candidates,fold,2017,4,True,12.809722,8.878017,-8.184482,0.689253,0.75,7.106728,0.75,0.474799,,,,,,2019
two_party,baseline_num_candidates,fold,2018,61,False,15.886429,12.568585,-11.511253,0.439743,0.819672,9.101762,0.885246,0.322493,,,,,,2019
two_party,baseline_num_candidates,fold,2020,47,False,12.5369,9.461544,-2.227108,0.653751,0.957447,6.732643,0.851064,0.264696,,,,,,2019
two_party,baseline_num_candidates,fold,2021,2,True,29.451997,24.00082,-17.069879,-0.429747,0.5,19.127613,1.0,0.07927,,,,,,2019
two_party,baseline_num_candidates,fold,2022,60,False,8.789222,6.181323,-1.491177,0.731155,0.966667,5.027269,0.916667,0.226055,,,,,,2019
two_party,baseline_num_candidates,fold,2023,1,True,8.149409,8.149409,8.149409,,1.0,4.941142,1.0,0.630642,,,,,,2019
two_party,baseline_num_candidates,fold,2024,40,False,12.041903,10.615458,9.31186,0.744017,0.95,7.017082,0.9,0.291274,,,,,,2019
two_party,baseline_num_candidates,office,State Representative,256,False,13.182791,9.947728,-2.642947,0.68932,0.898438,7.256986,0.890625,0.28879,,,,,,2019
two_party,baseline_num_candidates,office,State Senate,90,False,11.634626,9.326786,-1.98935,0.686476,0.944444,6.597027,0.877778,0.278413,,,,,,2019
two_party,baseline_num_candidates,is_special,False,324,False,12.087914,9.39828,-1.947434,0.719439,0.92284,6.760511,0.891975,0.276139,,,,,,2019
two_party,baseline_num_candidates,is_special,True,22,False,20.593352,15.499393,-10.212153,0.371898,0.727273,11.868881,0.818182,0.432646,,,,,,2019
two_party,baseline_num_candidates,pres_elec,False,219,False,13.727877,10.148031,-6.180424,0.627165,0.885845,7.523898,0.885845,0.310598,,,,,,2019
two_party,baseline_num_candidates,pres_elec,True,127,False,11.01197,9.162287,3.92029,0.788999,0.952756,6.329033,0.889764,0.24383,,,,,,2019
two_party,baseline_num_candidates,redistricting_cycle,2011,245,False,13.727714,10.540335,-4.680772,0.67435,0.889796,7.609226,0.877551,0.298541,,,,,,2019
two_party,baseline_num_candidates,redistricting_cycle,2021,101,False,10.19694,7.956902,2.882705,0.741107,0.960396,5.814461,0.910891,0.25589,,,,,,2019
two_party,baseline_num_candidates,no_dem_candidate,False,346,False,12.798123,9.786212,-2.472936,0.691746,0.910405,7.08532,0.887283,0.286091,,,,,,2019
two_party,baseline_num_candidates,no_dem_candidate,True,0,True,,,,,,,,,,,,,,2019
two_party,baseline_num_candidates,admitted_by_write_in,False,346,False,12.798123,9.786212,-2.472936,0.691746,0.910405,7.08532,0.887283,0.286091,,,,,,2019
two_party,baseline_num_candidates,admitted_by_write_in,True,0,True,,,,,,,,,,,,,,2019
two_party,baseline_pres_incumbent,pooled,all,346,False,12.744128,9.735947,-2.09728,0.694341,0.904624,7.057469,0.890173,0.282555,3.72472,-5.473508,9.198228,,,2019
two_party,baseline_pres_incumbent,fold,2014,81,False,13.057575,10.073115,-3.194815,0.744417,0.91358,7.251565,0.851852,0.357644,,,,,,2019
two_party,baseline_pres_incumbent,fold,2015,2,True,10.20023,7.280841,-7.143813,0.007438,1.0,5.924375,1.0,0.525389,,,,,,2019
two_party,baseline_pres_incumbent,fold,2016,48,False,11.573862,9.265347,1.145459,0.808696,0.916667,6.575914,0.958333,0.17199,,,,,,2019
two_party,baseline_pres_incumbent,fold,2017,4,True,13.300795,9.271767,-8.814856,0.66497,0.75,7.338292,0.75,0.485631,,,,,,2019
two_party,baseline_pres_incumbent,fold,2018,61,False,15.085957,11.804046,-10.300668,0.49478,0.852459,8.528893,0.868852,0.32008,,,,,,2019
two_party,baseline_pres_incumbent,fold,2020,47,False,13.33597,10.012818,-2.639913,0.608206,0.914894,7.217788,0.893617,0.254125,,,,,,2019
two_party,baseline_pres_incumbent,fold,2021,2,True,29.402948,23.87741,-17.158165,-0.424989,0.5,19.08425,1.0,0.077119,,,,,,2019
two_party,baseline_pres_incumbent,fold,2022,60,False,8.754823,6.165747,-1.480875,0.733255,0.966667,5.001929,0.9,0.234169,,,,,,2019
two_party,baseline_pres_incumbent,fold,2023,1,True,7.858475,7.858475,7.858475,,1.0,4.833071,1.0,0.618504,,,,,,2019
two_party,baseline_pres_incumbent,fold,2024,40,False,12.656539,11.00306,9.885333,0.717218,0.875,7.376146,0.9,0.281361,,,,,,2019
two_party,baseline_pres_incumbent,office,State Representative,256,False,13.110629,9.828638,-2.223161,0.692712,0.898438,7.216967,0.894531,0.283759,,,,,,2019
two_party,baseline_pres_incumbent,office,State Senate,90,False,11.638706,9.47229,-1.739217,0.686256,0.922222,6.603786,0.877778,0.279132,,,,,,2019
two_party,baseline_pres_incumbent,is_special,False,324,False,12.013164,9.336127,-1.510033,0.722899,0.919753,6.723535,0.895062,0.271959,,,,,,2019
two_party,baseline_pres_incumbent,is_special,True,22,False,20.71057,15.6242,-10.745828,0.364727,0.681818,11.975406,0.818182,0.438604,,,,,,2019
two_party,baseline_pres_incumbent,pres_elec,False,219,False,13.434936,9.892534,-5.473508,0.642908,0.894977,7.339753,0.872146,0.316611,,,,,,2019
two_party,baseline_pres_incumbent,pres_elec,True,127,False,11.455452,9.465925,3.72472,0.771662,0.92126,6.570696,0.92126,0.223828,,,,,,2019
two_party,baseline_pres_incumbent,redistricting_cycle,2011,245,False,13.57169,10.411069,-4.245217,0.68171,0.893878,7.517917,0.885714,0.293228,,,,,,2019
two_party,baseline_pres_incumbent,redistricting_cycle,2021,101,False,10.468288,8.098274,3.113062,0.727145,0.930693,5.940542,0.90099,0.256664,,,,,,2019
two_party,baseline_pres_incumbent,no_dem_candidate,False,346,False,12.744128,9.735947,-2.09728,0.694341,0.904624,7.057469,0.890173,0.282555,,,,,,2019
two_party,baseline_pres_incumbent,no_dem_candidate,True,0,True,,,,,,,,,,,,,,2019
two_party,baseline_pres_incumbent,admitted_by_write_in,False,346,False,12.744128,9.735947,-2.09728,0.694341,0.904624,7.057469,0.890173,0.282555,,,,,,2019
two_party,baseline_pres_incumbent,admitted_by_write_in,True,0,True,,,,,,,,,,,,,,2019
two_party,baseline_year,pooled,all,346,False,11.937479,9.043206,-1.7925,0.731811,0.936416,6.616795,0.901734,0.253462,-3.036077,-1.07134,-1.964737,,,2019
two_party,baseline_year,fold,2014,81,False,12.311459,9.442559,1.38303,0.772791,0.950617,6.840413,0.901235,0.298305,,,,,,2019
two_party,baseline_year,fold,2015,2,True,7.599983,7.145019,-2.590067,0.448986,1.0,4.831422,0.5,0.550716,,,,,,2019
two_party,baseline_year,fold,2016,48,False,13.205939,10.397265,-6.633907,0.750939,0.916667,7.400483,0.9375,0.197304,,,,,,2019
two_party,baseline_year,fold,2017,4,True,10.334229,8.015282,-3.261087,0.797752,1.0,5.931893,0.75,0.423837,,,,,,2019
two_party,baseline_year,fold,2018,61,False,12.5897,9.620496,-5.915654,0.648143,0.885246,7.035745,0.918033,0.238098,,,,,,2019
two_party,baseline_year,fold,2020,47,False,13.408551,9.829521,-7.657231,0.60393,0.893617,7.325513,0.893617,0.299575,,,,,,2019
two_party,baseline_year,fold,2021,2,True,27.497567,23.843797,-13.696333,-0.246287,0.5,18.16059,1.0,0.052167,,,,,,2019
two_party,baseline_year,fold,2022,60,False,9.331817,7.031555,2.732816,0.696937,0.983333,5.333452,0.933333,0.199944,,,,,,2019
two_party,baseline_year,fold,2023,1,True,10.507812,10.507812,10.507812,,1.0,6.233736,0.0,0.783619,,,,,,2019
two_party,baseline_year,fold,2024,40,False,8.872502,7.243891,4.452053,0.861032,1.0,5.267058,0.85,0.244475,,,,,,2019
two_party,baseline_year,office,State Representative,256,False,12.379845,9.359717,-2.046905,0.726014,0.925781,6.839224,0.898438,0.254381,,,,,,2019
two_party,baseline_year,office,State Senate,90,False,10.578529,8.142906,-1.06886,0.740811,0.966667,5.984107,0.911111,0.250848,,,,,,2019
two_party,baseline_year,is_special,False,324,False,11.308629,8.697949,-1.495427,0.754448,0.944444,6.348817,0.907407,0.246317,,,,,,2019
two_party,baseline_year,is_special,True,22,False,18.915374,14.127898,-6.167584,0.470085,0.818182,10.563379,0.818182,0.358684,,,,,,2019
two_party,baseline_year,pres_elec,False,219,False,12.251075,9.174504,-1.07134,0.703067,0.931507,6.742647,0.908676,0.258872,,,,,,2019
two_party,baseline_year,pres_elec,True,127,False,11.376424,8.816795,-3.036077,0.774801,0.944882,6.399774,0.889764,0.244132,,,,,,2019
two_party,baseline_year,redistricting_cycle,2011,245,False,12.908144,9.823643,-3.970465,0.712073,0.914286,7.153011,0.906122,0.265871,,,,,,2019
two_party,baseline_year,redistricting_cycle,2021,101,False,9.165278,7.150067,3.490682,0.790843,0.990099,5.316071,0.891089,0.223359,,,,,,2019
two_party,baseline_year,no_dem_candidate,False,346,False,11.937479,9.043206,-1.7925,0.731811,0.936416,6.616795,0.901734,0.253462,,,,,,2019
two_party,baseline_year,no_dem_candidate,True,0,True,,,,,,,,,,,,,,2019
two_party,baseline_year,admitted_by_write_in,False,346,False,11.937479,9.043206,-1.7925,0.731811,0.936416,6.616795,0.901734,0.253462,,,,,,2019
two_party,baseline_year,admitted_by_write_in,True,0,True,,,,,,,,,,,,,,2019
two_party,baseline_year_pres,pooled,all,215,False,12.262073,9.199424,-2.115162,0.662112,0.930233,6.757652,0.888372,0.256027,2.533333,-4.981151,7.514484,"2017,2018","2014,2015,2016",2019
two_party,baseline_year_pres,fold,2017,4,True,12.312248,8.398747,-7.260084,0.71292,0.75,6.761143,0.75,0.447597,,,,2017,,2019
two_party,baseline_year_pres,fold,2018,61,False,15.150783,11.813643,-10.434717,0.490429,0.836066,8.598938,0.901639,0.300114,,,,2018,,2019
two_party,baseline_year_pres,fold,2020,47,False,12.568191,9.4017,-2.800803,0.65202,0.957447,6.811684,0.87234,0.256703,,,,,,2019
two_party,baseline_year_pres,fold,2021,2,True,27.553711,23.778191,-13.921372,-0.251382,0.5,18.078207,1.0,0.05363,,,,,,2019
two_party,baseline_year_pres,fold,2022,60,False,9.217715,6.874645,2.314474,0.704303,0.983333,5.26892,0.933333,0.200215,,,,,,2019
two_party,baseline_year_pres,fold,2023,1,True,10.311909,10.311909,10.311909,,1.0,6.065526,0.0,0.757686,,,,,,2019
two_party,baseline_year_pres,fold,2024,40,False,9.449286,7.785553,5.527461,0.842377,1.0,5.570229,0.85,0.250141,,,,,,2019
two_party,baseline_year_pres,office,State Representative,160,False,12.499728,9.212655,-2.434501,0.676959,0.91875,6.856348,0.89375,0.248155,,,,,,2019
two_party,baseline_year_pres,office,State Senate,55,False,11.542927,9.160937,-1.186174,0.591486,0.963636,6.470536,0.872727,0.278929,,,,,,2019
two_party,baseline_year_pres,is_special,False,202,False,11.422926,8.734617,-1.416675,0.694831,0.945545,6.391887,0.89604,0.248142,,,,,,2019
two_party,baseline_year_pres,is_special,True,13,False,21.428684,16.421812,-12.968572,0.227524,0.692308,12.44108,0.769231,0.378546,,,,,,2019
two_party,baseline_year_pres,pres_elec,False,133,False,13.725478,10.096593,-4.981151,0.549757,0.887218,7.511742,0.902256,0.259987,,,,,,2019
two_party,baseline_year_pres,pres_elec,True,82,False,9.416749,7.744261,2.533333,0.817259,1.0,5.534555,0.865854,0.249604,,,,,,2019
two_party,baseline_year_pres,redistricting_cycle,2011,114,False,14.373219,10.909329,-7.23718,0.562762,0.877193,7.963906,0.885965,0.283067,,,,,,2019
two_party,baseline_year_pres,redistricting_cycle,2021,101,False,9.321471,7.269433,3.666127,0.783653,0.990099,5.396138,0.891089,0.225507,,,,,,2019
two_party,baseline_year_pres,no_dem_candidate,False,215,False,12.262073,9.199424,-2.115162,0.662112,0.930233,6.757652,0.888372,0.256027,,,,,,2019
two_party,baseline_year_pres,no_dem_candidate,True,0,True,,,,,,,,,,,,,,2019
two_party,baseline_year_pres,admitted_by_write_in,False,215,False,12.262073,9.199424,-2.115162,0.662112,0.930233,6.757652,0.888372,0.256027,,,,,,2019
two_party,baseline_year_pres,admitted_by_write_in,True,0,True,,,,,,,,,,,,,,2019
two_party,baseline_national_env,pooled,all,346,False,11.941624,9.2426,-1.306727,0.731624,0.919075,7.081337,0.893064,0.267549,3.946708,-4.35324,8.299947,,,2019
two_party,baseline_national_env,fold,2014,81,False,13.031278,9.994525,-4.15795,0.745446,0.91358,7.213064,0.864198,0.340493,,,,,,2019
two_party,baseline_national_env,fold,2015,2,True,9.343461,6.932967,-6.263723,0.167176,1.0,5.446745,1.0,0.497374,,,,,,2019
two_party,baseline_national_env,fold,2016,48,False,11.667974,9.223207,1.803269,0.805573,0.9375,6.636888,0.916667,0.201226,,,,,,2019
two_party,baseline_national_env,fold,2017,4,True,12.251103,11.638549,7.318116,0.715764,1.0,43.909586,0.75,0.624542,,,,,,2019
two_party,baseline_national_env,fold,2018,61,False,11.5802,9.107058,-3.602069,0.702308,0.918033,6.553828,0.918033,0.217515,,,,,,2019
two_party,baseline_national_env,fold,2020,47,False,11.24924,8.641282,-1.611927,0.721224,0.93617,6.213325,0.893617,0.229093,,,,,,2019
two_party,baseline_national_env,fold,2021,2,True,31.371812,23.933814,-20.28209,-0.622217,0.5,20.348824,1.0,0.111163,,,,,,2019
two_party,baseline_national_env,fold,2022,60,False,10.024263,7.321826,-4.620217,0.650292,0.933333,5.604043,0.883333,0.260217,,,,,,2019
two_party,baseline_national_env,fold,2023,1,True,5.029993,5.029993,5.029993,,1.0,3.612936,1.0,0.45847,,,,,,2019
two_party,baseline_national_env,fold,2024,40,False,12.374459,10.784275,9.739958,0.729683,0.875,7.21048,0.9,0.287763,,,,,,2019
two_party,baseline_national_env,office,State Representative,256,False,12.35721,9.584438,-1.508299,0.727015,0.910156,7.154484,0.894531,0.271796,,,,,,2019
two_party,baseline_national_env,office,State Senate,90,False,10.671384,8.27026,-0.733368,0.736241,0.944444,6.873277,0.888889,0.255466,,,,,,2019
two_party,baseline_national_env,is_special,False,324,False,11.354277,8.938689,-1.015517,0.752461,0.929012,6.399138,0.891975,0.26005,,,,,,2019
two_party,baseline_national_env,is_special,True,22,False,18.550268,13.718373,-5.595461,0.490344,0.772727,17.128276,0.909091,0.377978,,,,,,2019
two_party,baseline_national_env,pres_elec,False,219,False,12.346232,9.254069,-4.35324,0.698437,0.913242,7.462542,0.890411,0.285032,,,,,,2019
two_party,baseline_national_env,pres_elec,True,127,False,11.209663,9.222822,3.946708,0.781355,0.929134,6.423984,0.897638,0.237401,,,,,,2019
two_party,baseline_national_env,redistricting_cycle,2011,245,False,12.315725,9.478486,-2.324665,0.737895,0.922449,7.436196,0.893878,0.265265,,,,,,2019
two_party,baseline_national_env,redistricting_cycle,2021,101,False,10.981325,8.670402,1.162528,0.699745,0.910891,6.220541,0.891089,0.273089,,,,,,2019
two_party,baseline_national_env,no_dem_candidate,False,346,False,11.941624,9.2426,-1.306727,0.731624,0.919075,7.081337,0.893064,0.267549,,,,,,2019
two_party,baseline_national_env,no_dem_candidate,True,0,True,,,,,,,,,,,,,,2019
two_party,baseline_national_env,admitted_by_write_in,False,346,False,11.941624,9.2426,-1.306727,0.731624,0.919075,7.081337,0.893064,0.267549,,,,,,2019
two_party,baseline_national_env,admitted_by_write_in,True,0,True,,,,,,,,,,,,,,2019
two_party_or_strongest,baseline,pooled,all,413,False,15.012283,11.227216,-2.907859,0.690213,0.898305,8.199502,0.910412,0.23528,2.958682,-6.505698,9.46438,,,2019
two_party_or_strongest,baseline,fold,2014,95,False,14.493426,11.087747,-4.773302,0.755988,0.894737,8.004045,0.894737,0.282426,,,,,,2019
two_party_or_strongest,baseline,fold,2015,3,True,30.338442,21.967907,-19.506697,0.280876,0.666667,17.858137,0.666667,0.375596,,,,,,2019
two_party_or_strongest,baseline,fold,2016,61,False,14.194989,11.008738,0.823736,0.764909,0.918033,7.943065,0.934426,0.170757,,,,,,2019
two_party_or_strongest,baseline,fold,2017,5,True,30.565203,19.399371,-16.741777,0.162406,0.8,16.292704,0.8,0.375338,,,,,,2019
two_party_or_strongest,baseline,fold,2018,72,False,18.507932,13.874983,-11.998921,0.552785,0.805556,10.265437,0.916667,0.250347,,,,,,2019
two_party_or_strongest,baseline,fold,2020,54,False,12.53595,9.681008,-2.310203,0.73334,0.944444,7.00283,0.907407,0.240295,,,,,,2019
two_party_or_strongest,baseline,fold,2021,2,True,27.355043,23.755551,-13.563633,-0.233402,0.5,17.56415,1.0,0.073403,,,,,,2019
two_party_or_strongest,baseline,fold,2022,70,False,10.720139,7.67301,-1.043224,0.758409,0.957143,6.093666,0.928571,0.194559,,,,,,2019
two_party_or_strongest,baseline,fold,2023,1,True,10.298801,10.298801,10.298801,,1.0,6.224331,0.0,0.778705,,,,,,2019
two_party_or_strongest,baseline,fold,2024,50,False,14.5612,12.647539,8.460528,0.655943,0.92,8.425432,0.92,0.227495,,,,,,2019
two_party_or_strongest,baseline,office,State Representative,313,False,15.407631,11.516573,-2.971833,0.699892,0.881789,8.455301,0.913738,0.233003,,,,,,2019
two_party_or_strongest,baseline,office,State Senate,100,False,13.701308,10.321528,-2.707621,0.643065,0.95,7.398851,0.9,0.242405,,,,,,2019
two_party_or_strongest,baseline,is_special,False,389,False,14.192825,10.81779,-2.390424,0.717502,0.910026,7.851348,0.915167,0.227669,,,,,,2019
two_party_or_strongest,baseline,is_special,True,24,False,24.764329,17.86333,-11.294613,0.35701,0.708333,13.842503,0.833333,0.358632,,,,,,2019
two_party_or_strongest,baseline,pres_elec,False,256,False,15.955229,11.487015,-6.505698,0.654718,0.875,8.582845,0.90625,0.253459,,,,,,2019
two_party_or_strongest,baseline,pres_elec,True,157,False,13.33247,10.803594,2.958682,0.749782,0.936306,7.574433,0.917197,0.205637,,,,,,2019
two_party_or_strongest,baseline,redistricting_cycle,2011,292,False,15.954264,11.839225,-5.34673,0.683079,0.880137,8.672403,0.907534,0.244513,,,,,,2019
two_party_or_strongest,baseline,redistricting_cycle,2021,121,False,12.4489,9.750301,2.977682,0.711578,0.942149,7.058286,0.917355,0.212996,,,,,,2019
two_party_or_strongest,baseline,no_dem_candidate,False,413,False,15.012283,11.227216,-2.907859,0.690213,0.898305,8.199502,0.910412,0.23528,,,,,,2019
two_party_or_strongest,baseline,no_dem_candidate,True,0,True,,,,,,,,,,,,,,2019
two_party_or_strongest,baseline,admitted_by_write_in,False,413,False,15.012283,11.227216,-2.907859,0.690213,0.898305,8.199502,0.910412,0.23528,,,,,,2019
two_party_or_strongest,baseline,admitted_by_write_in,True,0,True,,,,,,,,,,,,,,2019
two_party_or_strongest,baseline_special,pooled,all,413,False,15.029246,11.279735,-3.024136,0.689513,0.900726,8.220544,0.910412,0.236072,2.95405,-6.690445,9.644495,,,2019
two_party_or_strongest,baseline_special,fold,2014,95,False,14.484739,11.046326,-4.806034,0.75628,0.905263,7.97618,0.894737,0.278158,,,,,,2019
two_party_or_strongest,baseline_special,fold,2015,3,True,29.905008,21.526544,-18.816457,0.301277,0.666667,17.454965,0.666667,0.371122,,,,,,2019
two_party_or_strongest,baseline_special,fold,2016,61,False,14.061814,10.914057,1.042076,0.769299,0.918033,7.870197,0.934426,0.169505,,,,,,2019
two_party_or_strongest,baseline_special,fold,2017,5,True,28.775045,18.619073,-13.21948,0.257646,0.8,15.311505,0.8,0.351574,,,,,,2019
two_party_or_strongest,baseline_special,fold,2018,72,False,19.010822,14.379945,-12.544151,0.528152,0.805556,10.611928,0.916667,0.26027,,,,,,2019
two_party_or_strongest,baseline_special,fold,2020,54,False,12.274523,9.532603,-2.115629,0.744346,0.944444,6.877091,0.907407,0.235421,,,,,,2019
two_party_or_strongest,baseline_special,fold,2021,2,True,25.805579,23.673553,-10.270872,-0.097632,0.5,16.862786,1.0,0.048088,,,,,,2019
two_party_or_strongest,baseline_special,fold,2022,70,False,10.888042,7.798114,-1.799632,0.750782,0.957143,6.172355,0.928571,0.199672,,,,,,2019
two_party_or_strongest,baseline_special,fold,2023,1,True,14.136811,14.136811,14.136811,,1.0,8.402879,0.0,1.001712,,,,,,2019
two_party_or_strongest,baseline_special,fold,2024,50,False,14.480048,12.564572,8.327747,0.659768,0.92,8.374564,0.92,0.22669,,,,,,2019
two_party_or_strongest,baseline_special,office,State Representative,313,False,15.429893,11.545133,-3.11274,0.699024,0.884984,8.461372,0.916933,0.232554,,,,,,2019
two_party_or_strongest,baseline_special,office,State Senate,100,False,13.699695,10.449037,-2.746805,0.643149,0.95,7.466753,0.89,0.247082,,,,,,2019
two_party_or_strongest,baseline_special,is_special,False,389,False,14.307217,10.901508,-2.670409,0.71293,0.910026,7.907626,0.915167,0.230068,,,,,,2019
two_party_or_strongest,baseline_special,is_special,True,24,False,23.857902,17.410162,-8.757451,0.403218,0.75,13.292426,0.833333,0.333382,,,,,,2019
two_party_or_strongest,baseline_special,pres_elec,False,256,False,16.014955,11.597222,-6.690445,0.652128,0.878906,8.642261,0.90625,0.255156,,,,,,2019
two_party_or_strongest,baseline_special,pres_elec,True,157,False,13.265813,10.762048,2.95405,0.752278,0.936306,7.532904,0.917197,0.204954,,,,,,2019
two_party_or_strongest,baseline_special,redistricting_cycle,2011,292,False,15.952177,11.884579,-5.320267,0.683162,0.883562,8.684551,0.907534,0.243782,,,,,,2019
two_party_or_strongest,baseline_special,redistricting_cycle,2021,121,False,12.524984,9.82011,2.516942,0.708041,0.942149,7.100793,0.917355,0.217465,,,,,,2019
two_party_or_strongest,baseline_special,no_dem_candidate,False,413,False,15.029246,11.279735,-3.024136,0.689513,0.900726,8.220544,0.910412,0.236072,,,,,,2019
two_party_or_strongest,baseline_special,no_dem_candidate,True,0,True,,,,,,,,,,,,,,2019
two_party_or_strongest,baseline_special,admitted_by_write_in,False,413,False,15.029246,11.279735,-3.024136,0.689513,0.900726,8.220544,0.910412,0.236072,,,,,,2019
two_party_or_strongest,baseline_special,admitted_by_write_in,True,0,True,,,,,,,,,,,,,,2019
two_party_or_strongest,baseline_num_candidates,pooled,all,413,False,15.045692,11.252584,-2.902082,0.688833,0.898305,8.219269,0.90799,0.238254,2.837297,-6.421935,9.259232,,,2019
two_party_or_strongest,baseline_num_candidates,fold,2014,95,False,14.646833,11.167627,-4.872618,0.750795,0.894737,8.091248,0.894737,0.28633,,,,,,2019
two_party_or_strongest,baseline_num_candidates,fold,2015,3,True,30.178329,22.067978,-19.49047,0.288446,0.666667,17.845176,0.666667,0.391228,,,,,,2019
two_party_or_strongest,baseline_num_candidates,fold,2016,61,False,14.196236,11.022907,0.842795,0.764868,0.918033,7.927297,0.934426,0.170878,,,,,,2019
two_party_or_strongest,baseline_num_candidates,fold,2017,5,True,30.07153,18.789378,-17.129011,0.189244,0.8,15.989078,0.8,0.359157,,,,,,2019
two_party_or_strongest,baseline_num_candidates,fold,2018,72,False,18.396194,13.799102,-11.860668,0.558169,0.805556,10.196038,0.916667,0.253006,,,,,,2019
two_party_or_strongest,baseline_num_candidates,fold,2020,54,False,12.6358,9.874032,-2.40662,0.729075,0.944444,7.071483,0.888889,0.247982,,,,,,2019
two_party_or_strongest,baseline_num_candidates,fold,2021,2,True,28.693415,24.781784,-14.462891,-0.357045,0.5,18.613481,1.0,0.082839,,,,,,2019
two_party_or_strongest,baseline_num_candidates,fold,2022,70,False,10.589127,7.496199,-0.758353,0.764278,0.957143,6.018216,0.942857,0.192799,,,,,,2019
two_party_or_strongest,baseline_num_candidates,fold,2023,1,True,10.740545,10.740545,10.740545,,1.0,6.443281,0.0,0.789383,,,,,,2019
two_party_or_strongest,baseline_num_candidates,fold,2024,50,False,14.809014,12.841464,8.244809,0.644133,0.92,8.558464,0.9,0.234921,,,,,,2019
two_party_or_strongest,baseline_num_candidates,office,State Representative,313,False,15.483316,11.599897,-2.977208,0.696936,0.881789,8.501461,0.907348,0.237858,,,,,,2019
two_party_or_strongest,baseline_num_candidates,office,State Senate,100,False,13.585115,10.165491,-2.666937,0.649093,0.95,7.336006,0.91,0.239494,,,,,,2019
two_party_or_strongest,baseline_num_candidates,is_special,False,389,False,14.231951,10.852334,-2.387756,0.715943,0.910026,7.86979,0.912596,0.230994,,,,,,2019
two_party_or_strongest,baseline_num_candidates,is_special,True,24,False,24.749285,17.739965,-11.238455,0.357791,0.708333,13.883739,0.833333,0.355927,,,,,,2019
two_party_or_strongest,baseline_num_candidates,pres_elec,False,256,False,15.928568,11.434284,-6.421935,0.655871,0.875,8.571648,0.910156,0.254759,,,,,,2019
two_party_or_strongest,baseline_num_candidates,pres_elec,True,157,False,13.482674,10.956308,2.837297,0.744113,0.936306,7.644689,0.904459,0.211342,,,,,,2019
two_party_or_strongest,baseline_num_candidates,redistricting_cycle,2011,292,False,15.979676,11.882772,-5.371425,0.682068,0.880137,8.694919,0.90411,0.247834,,,,,,2019
two_party_or_strongest,baseline_num_candidates,redistricting_cycle,2021,121,False,12.507775,9.731799,3.056994,0.708843,0.942149,7.071418,0.917355,0.215135,,,,,,2019
two_party_or_strongest,baseline_num_candidates,no_dem_candidate,False,413,False,15.045692,11.252584,-2.902082,0.688833,0.898305,8.219269,0.90799,0.238254,,,,,,2019
two_party_or_strongest,baseline_num_candidates,no_dem_candidate,True,0,True,,,,,,,,,,,,,,2019
two_party_or_strongest,baseline_num_candidates,admitted_by_write_in,False,413,False,15.045692,11.252584,-2.902082,0.688833,0.898305,8.219269,0.90799,0.238254,,,,,,2019
two_party_or_strongest,baseline_num_candidates,admitted_by_write_in,True,0,True,,,,,,,,,,,,,,2019
two_party_or_strongest,baseline_pres_incumbent,pooled,all,413,False,14.971668,11.172891,-2.665647,0.691887,0.900726,8.176593,0.922518,0.235014,2.811344,-6.024582,8.835927,,,2019
two_party_or_strongest,baseline_pres_incumbent,fold,2014,95,False,14.59915,11.253153,-4.096221,0.752415,0.894737,8.08931,0.894737,0.29782,,,,,,2019
two_party_or_strongest,baseline_pres_incumbent,fold,2015,3,True,30.561843,22.001922,-19.978383,0.270246,0.666667,18.022924,1.0,0.367816,,,,,,2019
two_party_or_strongest,baseline_pres_incumbent,fold,2016,61,False,14.138019,10.973955,0.610981,0.766792,0.901639,7.907955,0.967213,0.157083,,,,,,2019
two_party_or_strongest,baseline_pres_incumbent,fold,2017,5,True,30.471523,19.2454,-16.739021,0.167532,0.8,16.284702,0.8,0.381463,,,,,,2019
two_party_or_strongest,baseline_pres_incumbent,fold,2018,72,False,18.098178,13.401632,-11.178547,0.572368,0.819444,9.942524,0.916667,0.251489,,,,,,2019
two_party_or_strongest,baseline_pres_incumbent,fold,2020,54,False,12.783482,9.918733,-2.697436,0.722705,0.962963,7.166927,0.925926,0.22898,,,,,,2019
two_party_or_strongest,baseline_pres_incumbent,fold,2021,2,True,27.331844,23.820664,-13.401703,-0.23131,0.5,17.595216,1.0,0.069311,,,,,,2019
two_party_or_strongest,baseline_pres_incumbent,fold,2022,70,False,10.606225,7.481951,-1.02942,0.763516,0.957143,6.010391,0.942857,0.198749,,,,,,2019
two_party_or_strongest,baseline_pres_incumbent,fold,2023,1,True,10.657165,10.657165,10.657165,,1.0,6.351844,0.0,0.786085,,,,,,2019
two_party_or_strongest,baseline_pres_incumbent,fold,2024,50,False,14.696341,12.622927,8.666239,0.649527,0.92,8.508507,0.92,0.217313,,,,,,2019
two_party_or_strongest,baseline_pres_incumbent,office,State Representative,313,False,15.372112,11.426937,-2.712612,0.701274,0.884984,8.433249,0.923323,0.23282,,,,,,2019
two_party_or_strongest,baseline_pres_incumbent,office,State Senate,100,False,13.642516,10.37773,-2.518644,0.646121,0.95,7.373261,0.92,0.241881,,,,,,2019
two_party_or_strongest,baseline_pres_incumbent,is_special,False,389,False,14.146107,10.762289,-2.133529,0.719359,0.912596,7.825196,0.92545,0.227486,,,,,,2019
two_party_or_strongest,baseline_pres_incumbent,is_special,True,24,False,24.77448,17.828071,-11.290387,0.356482,0.708333,13.872146,0.875,0.357025,,,,,,2019
two_party_or_strongest,baseline_pres_incumbent,pres_elec,False,256,False,15.838852,11.363698,-6.024582,0.659736,0.878906,8.504914,0.914062,0.260603,,,,,,2019
two_party_or_strongest,baseline_pres_incumbent,pres_elec,True,157,False,13.438175,10.861767,2.811344,0.745799,0.936306,7.641242,0.936306,0.193289,,,,,,2019
two_party_or_strongest,baseline_pres_incumbent,redistricting_cycle,2011,292,False,15.896407,11.811178,-5.04391,0.685373,0.883562,8.645302,0.921233,0.244851,,,,,,2019
two_party_or_strongest,baseline_pres_incumbent,redistricting_cycle,2021,121,False,12.460562,9.632563,3.073634,0.711037,0.942149,7.045493,0.92562,0.211274,,,,,,2019
two_party_or_strongest,baseline_pres_incumbent,no_dem_candidate,False,413,False,14.971668,11.172891,-2.665647,0.691887,0.900726,8.176593,0.922518,0.235014,,,,,,2019
two_party_or_strongest,baseline_pres_incumbent,no_dem_candidate,True,0,True,,,,,,,,,,,,,,2019
two_party_or_strongest,baseline_pres_incumbent,admitted_by_write_in,False,413,False,14.971668,11.172891,-2.665647,0.691887,0.900726,8.176593,0.922518,0.235014,,,,,,2019
two_party_or_strongest,baseline_pres_incumbent,admitted_by_write_in,True,0,True,,,,,,,,,,,,,,2019
two_party_or_strongest,baseline_year,pooled,all,413,False,14.208682,10.705192,-1.893862,0.722491,0.927361,7.800867,0.927361,0.218119,-2.105013,-1.764368,-0.340645,,,2019
two_party_or_strongest,baseline_year,fold,2014,95,False,13.62052,10.413119,-0.387701,0.784495,0.936842,7.558749,0.905263,0.264544,,,,,,2019
two_party_or_strongest,baseline_year,fold,2015,3,True,28.308579,20.781285,-16.463435,0.373886,0.666667,16.388813,0.666667,0.397758,,,,,,2019
two_party_or_strongest,baseline_year,fold,2016,61,False,15.367954,11.694494,-5.744421,0.724452,0.885246,8.469876,0.967213,0.17748,,,,,,2019
two_party_or_strongest,baseline_year,fold,2017,5,True,28.269329,18.323461,-12.07539,0.28351,0.8,14.986954,0.8,0.356362,,,,,,2019
two_party_or_strongest,baseline_year,fold,2018,72,False,15.426748,11.294558,-6.002413,0.689294,0.888889,8.43076,0.944444,0.202557,,,,,,2019
two_party_or_strongest,baseline_year,fold,2020,54,False,13.011383,10.156571,-5.917436,0.71273,0.962963,7.32533,0.925926,0.246937,,,,,,2019
two_party_or_strongest,baseline_year,fold,2021,2,True,25.807163,23.725984,-10.153195,-0.097767,0.5,16.806815,1.0,0.050597,,,,,,2019
two_party_or_strongest,baseline_year,fold,2022,70,False,11.213972,8.815571,3.16035,0.735638,0.985714,6.424755,0.942857,0.172702,,,,,,2019
two_party_or_strongest,baseline_year,fold,2023,1,True,13.075665,13.075665,13.075665,,1.0,7.770566,0.0,0.92256,,,,,,2019
two_party_or_strongest,baseline_year,fold,2024,50,False,12.93508,10.50784,5.051296,0.728498,0.94,7.384275,0.92,0.202372,,,,,,2019
two_party_or_strongest,baseline_year,office,State Representative,313,False,14.555949,11.104441,-2.024428,0.732153,0.916933,8.039592,0.929712,0.214935,,,,,,2019
two_party_or_strongest,baseline_year,office,State Senate,100,False,13.062199,9.455542,-1.485193,0.675587,0.96,7.053657,0.92,0.228086,,,,,,2019
two_party_or_strongest,baseline_year,is_special,False,389,False,13.453409,10.320434,-1.551475,0.746171,0.938303,7.488786,0.933162,0.211525,,,,,,2019
two_party_or_strongest,baseline_year,is_special,True,24,False,23.249049,16.941471,-7.443386,0.433289,0.75,12.859182,0.833333,0.325001,,,,,,2019
two_party_or_strongest,baseline_year,pres_elec,False,256,False,14.552321,10.727237,-1.764368,0.712768,0.921875,7.902638,0.921875,0.226021,,,,,,2019
two_party_or_strongest,baseline_year,pres_elec,True,157,False,13.629786,10.669246,-2.105013,0.738498,0.936306,7.634922,0.936306,0.205235,,,,,,2019
two_party_or_strongest,baseline_year,redistricting_cycle,2011,292,False,15.038726,11.183858,-4.345994,0.718408,0.910959,8.202195,0.928082,0.229291,,,,,,2019
two_party_or_strongest,baseline_year,redistricting_cycle,2021,121,False,11.97087,9.550063,4.023678,0.733303,0.966942,6.832373,0.92562,0.191159,,,,,,2019
two_party_or_strongest,baseline_year,no_dem_candidate,False,413,False,14.208682,10.705192,-1.893862,0.722491,0.927361,7.800867,0.927361,0.218119,,,,,,2019
two_party_or_strongest,baseline_year,no_dem_candidate,True,0,True,,,,,,,,,,,,,,2019
two_party_or_strongest,baseline_year,admitted_by_write_in,False,413,False,14.208682,10.705192,-1.893862,0.722491,0.927361,7.800867,0.927361,0.218119,,,,,,2019
two_party_or_strongest,baseline_year,admitted_by_write_in,True,0,True,,,,,,,,,,,,,,2019
two_party_or_strongest,baseline_year_pres,pooled,all,254,False,14.490497,10.812439,-1.513909,0.670685,0.929134,7.918898,0.92126,0.214403,3.116389,-4.471325,7.587714,2017,"2014,2015,2016",2019
two_party_or_strongest,baseline_year_pres,fold,2017,5,True,30.151333,19.168303,-15.872865,0.184935,0.8,16.025146,0.8,0.376356,,,,2017,,2019
two_party_or_strongest,baseline_year_pres,fold,2018,72,False,17.168932,12.585787,-9.751632,0.615154,0.847222,9.415558,0.930556,0.227439,,,,,,2019
two_party_or_strongest,baseline_year_pres,fold,2020,54,False,12.420377,9.618332,-1.973544,0.738234,0.962963,7.034216,0.907407,0.231251,,,,,,2019
two_party_or_strongest,baseline_year_pres,fold,2021,2,True,25.867172,23.695705,-10.374207,-0.102878,0.5,16.732418,1.0,0.053033,,,,,,2019
two_party_or_strongest,baseline_year_pres,fold,2022,70,False,11.088476,8.634597,2.769237,0.741522,0.985714,6.358046,0.942857,0.175319,,,,,,2019
two_party_or_strongest,baseline_year_pres,fold,2023,1,True,12.585513,12.585513,12.585513,,1.0,7.423944,0.0,0.89404,,,,,,2019
two_party_or_strongest,baseline_year_pres,fold,2024,50,False,13.513433,11.211053,6.356734,0.703676,0.96,7.751092,0.92,0.208819,,,,,,2019
two_party_or_strongest,baseline_year_pres,office,State Representative,192,False,14.544118,10.924579,-1.606873,0.697044,0.927083,8.033073,0.927083,0.206569,,,,,,2019
two_party_or_strongest,baseline_year_pres,office,State Senate,62,False,14.323174,10.465167,-1.22602,0.542345,0.935484,7.565325,0.903226,0.238665,,,,,,2019
two_party_or_strongest,baseline_year_pres,is_special,False,240,False,13.613833,10.385623,-0.835345,0.702888,0.941667,7.565489,0.925,0.207776,,,,,,2019
two_party_or_strongest,baseline_year_pres,is_special,True,14,False,25.146394,18.129284,-13.146433,0.187194,0.714286,13.977338,0.857143,0.328001,,,,,,2019
two_party_or_strongest,baseline_year_pres,pres_elec,False,155,False,15.797639,11.378542,-4.471325,0.619506,0.896774,8.485003,0.929032,0.2114,,,,,,2019
two_party_or_strongest,baseline_year_pres,pres_elec,True,99,False,12.165064,9.926115,3.116389,0.755058,0.979798,7.032573,0.909091,0.219105,,,,,,2019
two_party_or_strongest,baseline_year_pres,redistricting_cycle,2011,133,False,16.323259,11.795485,-6.833095,0.629234,0.887218,8.807206,0.917293,0.231963,,,,,,2019
two_party_or_strongest,baseline_year_pres,redistricting_cycle,2021,121,False,12.161394,9.731901,4.3328,0.724746,0.975207,6.942494,0.92562,0.195102,,,,,,2019
two_party_or_strongest,baseline_year_pres,no_dem_candidate,False,254,False,14.490497,10.812439,-1.513909,0.670685,0.929134,7.918898,0.92126,0.214403,,,,,,2019
two_party_or_strongest,baseline_year_pres,no_dem_candidate,True,0,True,,,,,,,,,,,,,,2019
two_party_or_strongest,baseline_year_pres,admitted_by_write_in,False,254,False,14.490497,10.812439,-1.513909,0.670685,0.929134,7.918898,0.92126,0.214403,,,,,,2019
two_party_or_strongest,baseline_year_pres,admitted_by_write_in,True,0,True,,,,,,,,,,,,,,2019
two_party_or_strongest,baseline_national_env,pooled,all,413,False,14.237315,10.947844,-0.413943,0.721371,0.922518,8.305672,0.915254,0.231682,2.926274,-2.462435,5.388709,,,2019
two_party_or_strongest,baseline_national_env,fold,2014,95,False,14.455359,11.066951,-4.76656,0.757268,0.894737,7.974262,0.894737,0.281779,,,,,,2019
two_party_or_strongest,baseline_national_env,fold,2015,3,True,30.36609,21.898528,-19.657369,0.279565,0.666667,17.897926,1.0,0.373577,,,,,,2019
two_party_or_strongest,baseline_national_env,fold,2016,61,False,14.217599,11.038937,0.812629,0.764159,0.918033,7.936063,0.934426,0.17003,,,,,,2019
two_party_or_strongest,baseline_national_env,fold,2017,5,True,26.277287,19.679641,-5.621075,0.380929,1.0,49.154739,0.8,0.619871,,,,,,2019
two_party_or_strongest,baseline_national_env,fold,2018,72,False,14.863722,12.094072,4.471436,0.71156,0.944444,8.449545,0.916667,0.215863,,,,,,2019
two_party_or_strongest,baseline_national_env,fold,2020,54,False,11.506422,9.093363,-1.801494,0.775341,0.962963,6.566947,0.907407,0.212273,,,,,,2019
two_party_or_strongest,baseline_national_env,fold,2021,2,True,29.503487,23.900299,-17.298307,-0.43475,0.5,18.924652,1.0,0.104309,,,,,,2019
two_party_or_strongest,baseline_national_env,fold,2022,70,False,11.655507,8.275431,-4.527402,0.71441,0.928571,6.494889,0.928571,0.218531,,,,,,2019
two_party_or_strongest,baseline_national_env,fold,2023,1,True,7.32251,7.32251,7.32251,,1.0,4.726978,1.0,0.591268,,,,,,2019
two_party_or_strongest,baseline_national_env,fold,2024,50,False,14.801856,12.728247,8.778029,0.644477,0.92,8.578386,0.92,0.224439,,,,,,2019
two_party_or_strongest,baseline_national_env,office,State Representative,313,False,14.748269,11.419997,-0.409422,0.725028,0.910543,8.468343,0.916933,0.231792,,,,,,2019
two_party_or_strongest,baseline_national_env,office,State Senate,100,False,12.503794,9.470005,-0.428092,0.702731,0.96,7.79651,0.91,0.231339,,,,,,2019
two_party_or_strongest,baseline_national_env,is_special,False,389,False,13.545036,10.588041,-0.020109,0.742701,0.930591,7.591442,0.915167,0.224481,,,,,,2019
two_party_or_strongest,baseline_national_env,is_special,True,24,False,22.68123,16.779654,-6.79733,0.460633,0.791667,19.882145,0.916667,0.348405,,,,,,2019
two_party_or_strongest,baseline_national_env,pres_elec,False,256,False,14.678928,10.988537,-2.462435,0.707749,0.914062,8.713488,0.914062,0.250672,,,,,,2019
two_party_or_strongest,baseline_national_env,pres_elec,True,157,False,13.486255,10.881492,2.926274,0.743977,0.936306,7.640697,0.917197,0.200718,,,,,,2019
two_party_or_strongest,baseline_national_env,redistricting_cycle,2011,292,False,14.71157,11.296043,-1.028302,0.730527,0.921233,8.705321,0.910959,0.234844,,,,,,2019
two_party_or_strongest,baseline_national_env,redistricting_cycle,2021,121,False,13.02189,10.107562,1.068643,0.684416,0.92562,7.341228,0.92562,0.224053,,,,,,2019
two_party_or_strongest,baseline_national_env,no_dem_candidate,False,413,False,14.237315,10.947844,-0.413943,0.721371,0.922518,8.305672,0.915254,0.231682,,,,,,2019
two_party_or_strongest,baseline_national_env,no_dem_candidate,True,0,True,,,,,,,,,,,,,,2019
two_party_or_strongest,baseline_national_env,admitted_by_write_in,False,413,False,14.237315,10.947844,-0.413943,0.721371,0.922518,8.305672,0.915254,0.231682,,,,,,2019
two_party_or_strongest,baseline_national_env,admitted_by_write_in,True,0,True,,,,,,,,,,,,,,2019
write_in_5pct,baseline,pooled,all,426,False,16.184398,11.852766,-2.717748,0.671631,0.889671,8.715089,0.915493,0.237657,3.25116,-6.454011,9.705172,,,2019
write_in_5pct,baseline,fold,2014,95,False,15.41202,11.638835,-4.725306,0.712054,0.884211,8.400356,0.894737,0.27517,,,,,,2019
write_in_5pct,baseline,fold,2015,3,True,31.208404,22.225792,-20.000744,0.24152,0.666667,18.24445,1.0,0.371535,,,,,,2019
write_in_5pct,baseline,fold,2016,62,False,13.736334,10.643339,0.45263,0.78934,0.935484,7.705407,0.967742,0.164729,,,,,,2019
write_in_5pct,baseline,fold,2017,5,True,31.134301,19.577027,-17.262508,0.128327,0.8,16.665547,0.6,0.390963,,,,,,2019
write_in_5pct,baseline,fold,2018,73,False,18.873413,14.30168,-11.870975,0.564834,0.794521,10.542085,0.917808,0.249245,,,,,,2019
write_in_5pct,baseline,fold,2020,55,False,12.593477,9.690817,-2.449807,0.74007,0.963636,7.042318,0.909091,0.238283,,,,,,2019
write_in_5pct,baseline,fold,2021,2,True,20.832805,18.642592,-9.298362,-0.151028,0.5,12.783275,1.0,0.084894,,,,,,2019
write_in_5pct,baseline,fold,2022,75,False,13.865865,9.54497,-1.395429,0.720473,0.893333,7.499912,0.946667,0.209782,,,,,,2019
write_in_5pct,baseline,fold,2023,1,True,10.683995,10.683995,10.683995,,1.0,6.406498,0.0,0.783072,,,,,,2019
write_in_5pct,baseline,fold,2024,55,False,18.792656,14.150548,9.514283,0.582732,0.927273,9.953299,0.890909,0.251475,,,,,,2019
write_in_5pct,baseline,office,State Representative,325,False,16.742498,12.222478,-2.697214,0.678073,0.873846,9.041725,0.916923,0.23489,,,,,,2019
write_in_5pct,baseline,office,State Senate,101,False,14.240876,10.663101,-2.783822,0.635347,0.940594,7.66403,0.910891,0.246561,,,,,,2019
write_in_5pct,baseline,is_special,False,402,False,15.593617,11.542415,-2.18696,0.693378,0.900498,8.447788,0.920398,0.229733,,,,,,2019
write_in_5pct,baseline,is_special,True,24,False,24.008265,17.05116,-11.608441,0.327872,0.708333,13.192371,0.833333,0.370379,,,,,,2019
write_in_5pct,baseline,pres_elec,False,262,False,16.952604,12.247783,-6.454011,0.637026,0.851145,9.144016,0.912214,0.254632,,,,,,2019
write_in_5pct,baseline,pres_elec,True,164,False,14.875053,11.221703,3.25116,0.724415,0.95122,8.029851,0.920732,0.210537,,,,,,2019
write_in_5pct,baseline,redistricting_cycle,2011,295,False,16.221598,12.015056,-5.379909,0.676843,0.881356,8.801005,0.915254,0.240319,,,,,,2019
write_in_5pct,baseline,redistricting_cycle,2021,131,False,16.100313,11.487305,3.277194,0.658678,0.908397,8.521613,0.916031,0.231663,,,,,,2019
write_in_5pct,baseline,no_dem_candidate,False,415,False,15.7168,11.456631,-3.102329,0.667722,0.903614,8.429929,0.918072,0.234123,,,,,,2019
write_in_5pct,baseline,no_dem_candidate,True,11,False,28.717782,26.797872,11.791438,0.073252,0.363636,19.47337,0.818182,0.370969,,,,,,2019
write_in_5pct,baseline,admitted_by_write_in,False,424,False,15.631493,11.635306,-2.849203,0.682431,0.893868,8.522323,0.917453,0.236453,,,,,,2019
write_in_5pct,baseline,admitted_by_write_in,True,2,True,63.176465,57.954343,25.150743,0.398551,0.0,49.581475,0.5,0.492983,,,,,,2019
write_in_5pct,baseline_special,pooled,all,426,False,16.21878,11.938821,-2.858458,0.670235,0.889671,8.759152,0.915493,0.238211,3.2227,-6.664984,9.887684,,,2019
write_in_5pct,baseline_special,fold,2014,95,False,15.417151,11.62889,-4.829493,0.711862,0.894737,8.405749,0.905263,0.271352,,,,,,2019
write_in_5pct,baseline_special,fold,2015,3,True,30.245954,21.68133,-18.128534,0.287581,0.666667,17.523067,0.666667,0.391936,,,,,,2019
write_in_5pct,baseline_special,fold,2016,62,False,13.636092,10.572689,0.648243,0.792404,0.935484,7.643031,0.967742,0.16189,,,,,,2019
write_in_5pct,baseline_special,fold,2017,5,True,29.14946,18.875765,-13.122432,0.235924,0.8,15.590346,0.8,0.359088,,,,,,2019
write_in_5pct,baseline_special,fold,2018,73,False,19.484413,14.918388,-12.554187,0.536202,0.794521,10.964501,0.931507,0.258056,,,,,,2019
write_in_5pct,baseline_special,fold,2020,55,False,12.213599,9.466439,-2.241311,0.755515,0.945455,6.881901,0.909091,0.23173,,,,,,2019
write_in_5pct,baseline_special,fold,2021,2,True,19.169832,18.486433,-5.072896,0.025399,1.0,11.861251,1.0,0.053432,,,,,,2019
write_in_5pct,baseline_special,fold,2022,75,False,14.107664,9.738721,-2.165741,0.710639,0.893333,7.644948,0.92,0.217531,,,,,,2019
write_in_5pct,baseline_special,fold,2023,1,True,14.156491,14.156491,14.156491,,1.0,8.475516,0.0,1.005464,,,,,,2019
write_in_5pct,baseline_special,fold,2024,55,False,18.672452,14.091522,9.437326,0.588053,0.909091,9.890574,0.890909,0.24874,,,,,,2019
write_in_5pct,baseline_special,office,State Representative,325,False,16.784495,12.283664,-2.874626,0.676456,0.873846,9.071402,0.92,0.233694,,,,,,2019
write_in_5pct,baseline_special,office,State Senate,101,False,14.246775,10.829176,-2.806433,0.635044,0.940594,7.754389,0.90099,0.252748,,,,,,2019
write_in_5pct,baseline_special,is_special,False,402,False,15.734298,11.654815,-2.531385,0.68782,0.895522,8.53328,0.920398,0.232058,,,,,,2019
write_in_5pct,baseline_special,is_special,True,24,False,22.854983,16.695921,-8.336925,0.390895,0.791667,12.542514,0.833333,0.341284,,,,,,2019
write_in_5pct,baseline_special,pres_elec,False,262,False,17.050484,12.420361,-6.664984,0.632823,0.858779,9.24409,0.912214,0.256859,,,,,,2019
write_in_5pct,baseline_special,pres_elec,True,164,False,14.793378,11.169531,3.2227,0.727433,0.939024,7.984435,0.920732,0.20842,,,,,,2019
write_in_5pct,baseline_special,redistricting_cycle,2011,295,False,16.235043,12.0893,-5.384685,0.676307,0.884746,8.832443,0.922034,0.238905,,,,,,2019
write_in_5pct,baseline_special,redistricting_cycle,2021,131,False,16.182097,11.599956,2.830373,0.655202,0.900763,8.594108,0.900763,0.236649,,,,,,2019
write_in_5pct,baseline_special,no_dem_candidate,False,415,False,15.757094,11.546989,-3.244513,0.666016,0.903614,8.477024,0.918072,0.23471,,,,,,2019
write_in_5pct,baseline_special,no_dem_candidate,True,11,False,28.635812,26.721556,11.706327,0.078535,0.363636,19.403079,0.818182,0.370308,,,,,,2019
write_in_5pct,baseline_special,admitted_by_write_in,False,424,False,15.66708,11.718949,-2.983975,0.680983,0.893868,8.564291,0.917453,0.237083,,,,,,2019
write_in_5pct,baseline_special,admitted_by_write_in,True,2,True,63.185662,58.551744,23.751235,0.398376,0.0,50.069767,0.5,0.477481,,,,,,2019
write_in_5pct,baseline_num_candidates,pooled,all,426,False,16.189023,11.893838,-2.592707,0.671443,0.882629,8.710827,0.913146,0.242027,3.127615,-6.173367,9.300982,,,2019
write_in_5pct,baseline_num_candidates,fold,2014,95,False,15.300718,11.550772,-4.664736,0.716198,0.884211,8.348303,0.894737,0.27343,,,,,,2019
write_in_5pct,baseline_num_candidates,fold,2015,3,True,30.689514,23.027128,-19.720167,0.266532,0.666667,18.27697,0.666667,0.439368,,,,,,2019
write_in_5pct,baseline_num_candidates,fold,2016,62,False,13.73346,10.71447,0.507455,0.789428,0.935484,7.70737,0.967742,0.164027,,,,,,2019
write_in_5pct,baseline_num_candidates,fold,2017,5,True,30.29932,19.399799,-18.207765,0.174454,0.8,16.229883,0.8,0.340479,,,,,,2019
write_in_5pct,baseline_num_candidates,fold,2018,73,False,18.68527,14.280741,-11.656858,0.573467,0.794521,10.428631,0.931507,0.254455,,,,,,2019
write_in_5pct,baseline_num_candidates,fold,2020,55,False,12.699003,9.930991,-2.520627,0.735695,0.963636,7.128416,0.890909,0.2518,,,,,,2019
write_in_5pct,baseline_num_candidates,fold,2021,2,True,23.058888,20.87884,-9.787051,-0.410156,0.5,14.514845,1.0,0.08915,,,,,,2019
write_in_5pct,baseline_num_candidates,fold,2022,75,False,13.502363,9.164995,-0.774701,0.734937,0.893333,7.311124,0.946667,0.207935,,,,,,2019
write_in_5pct,baseline_num_candidates,fold,2023,1,True,11.868931,11.868931,11.868931,,1.0,7.086207,0.0,0.852729,,,,,,2019
write_in_5pct,baseline_num_candidates,fold,2024,55,False,19.569603,14.715897,9.323393,0.547516,0.872727,10.292423,0.872727,0.270673,,,,,,2019
write_in_5pct,baseline_num_candidates,office,State Representative,325,False,16.806013,12.324792,-2.58526,0.675626,0.864615,9.068487,0.910769,0.242771,,,,,,2019
write_in_5pct,baseline_num_candidates,office,State Senate,101,False,14.020603,10.507103,-2.616671,0.64654,0.940594,7.559942,0.920792,0.239632,,,,,,2019
write_in_5pct,baseline_num_candidates,is_special,False,402,False,15.632162,11.583583,-2.073487,0.69186,0.893035,8.448551,0.91791,0.235041,,,,,,2019
write_in_5pct,baseline_num_candidates,is_special,True,24,False,23.64094,17.090606,-11.289652,0.348282,0.708333,13.103952,0.833333,0.359044,,,,,,2019
write_in_5pct,baseline_num_candidates,pres_elec,False,262,False,16.73224,12.109278,-6.173367,0.646402,0.851145,9.036499,0.916031,0.254416,,,,,,2019
write_in_5pct,baseline_num_candidates,pres_elec,True,164,False,15.281186,11.549659,3.127615,0.709161,0.932927,8.190546,0.908537,0.222234,,,,,,2019
write_in_5pct,baseline_num_candidates,redistricting_cycle,2011,295,False,16.131899,12.061549,-5.325581,0.680407,0.881356,8.777318,0.915254,0.243283,,,,,,2019
write_in_5pct,baseline_num_candidates,redistricting_cycle,2021,131,False,16.316929,11.516167,3.561473,0.649432,0.885496,8.561097,0.908397,0.239198,,,,,,2019
write_in_5pct,baseline_num_candidates,no_dem_candidate,False,415,False,15.722526,11.496161,-2.982807,0.66748,0.896386,8.423426,0.915663,0.238852,,,,,,2019
write_in_5pct,baseline_num_candidates,no_dem_candidate,True,11,False,28.700478,26.897085,12.124676,0.074368,0.363636,19.553686,0.818182,0.361809,,,,,,2019
write_in_5pct,baseline_num_candidates,admitted_by_write_in,False,424,False,15.584695,11.67559,-2.750324,0.684329,0.886792,8.516729,0.915094,0.239764,,,,,,2019
write_in_5pct,baseline_num_candidates,admitted_by_write_in,True,2,True,65.824411,58.162282,30.822103,0.347077,0.0,49.859666,0.5,0.721728,,,,,,2019
write_in_5pct,baseline_pres_incumbent,pooled,all,426,False,16.120302,11.790876,-2.64877,0.674227,0.889671,8.68795,0.91784,0.236116,3.021995,-6.19841,9.220405,,,2019
write_in_5pct,baseline_pres_incumbent,fold,2014,95,False,15.487547,11.666669,-4.621891,0.709225,0.884211,8.474711,0.894737,0.284454,,,,,,2019
write_in_5pct,baseline_pres_incumbent,fold,2015,3,True,31.285948,22.420335,-20.009157,0.237746,0.666667,18.368109,1.0,0.378143,,,,,,2019
write_in_5pct,baseline_pres_incumbent,fold,2016,62,False,13.625514,10.555916,0.28445,0.792725,0.935484,7.640819,0.967742,0.156655,,,,,,2019
write_in_5pct,baseline_pres_incumbent,fold,2017,5,True,31.095233,19.591651,-17.117567,0.130513,0.8,16.669333,0.6,0.383308,,,,,,2019
write_in_5pct,baseline_pres_incumbent,fold,2018,73,False,18.572027,13.967837,-11.265995,0.578621,0.808219,10.300833,0.917808,0.249796,,,,,,2019
write_in_5pct,baseline_pres_incumbent,fold,2020,55,False,12.837689,9.977144,-2.769982,0.729891,0.963636,7.197491,0.927273,0.227366,,,,,,2019
write_in_5pct,baseline_pres_incumbent,fold,2021,2,True,20.431803,18.470303,-8.735358,-0.107143,0.5,12.549145,1.0,0.080453,,,,,,2019
write_in_5pct,baseline_pres_incumbent,fold,2022,75,False,13.852751,9.415832,-1.284453,0.721001,0.893333,7.474578,0.946667,0.212796,,,,,,2019
write_in_5pct,baseline_pres_incumbent,fold,2023,1,True,10.884166,10.884166,10.884166,,1.0,6.523681,0.0,0.797397,,,,,,2019
write_in_5pct,baseline_pres_incumbent,fold,2024,55,False,18.607982,14.04521,9.388546,0.590893,0.909091,9.886346,0.890909,0.23892,,,,,,2019
write_in_5pct,baseline_pres_incumbent,office,State Representative,325,False,16.666855,12.172408,-2.648868,0.680976,0.873846,9.01109,0.92,0.233329,,,,,,2019
write_in_5pct,baseline_pres_incumbent,office,State Senate,101,False,14.219739,10.563176,-2.648457,0.636428,0.940594,7.648141,0.910891,0.245085,,,,,,2019
write_in_5pct,baseline_pres_incumbent,is_special,False,402,False,15.530226,11.482361,-2.133139,0.695865,0.900498,8.422074,0.922886,0.228459,,,,,,2019
write_in_5pct,baseline_pres_incumbent,is_special,True,24,False,23.930949,16.958506,-11.285596,0.332194,0.708333,13.141366,0.833333,0.36438,,,,,,2019
write_in_5pct,baseline_pres_incumbent,pres_elec,False,262,False,16.87139,12.120283,-6.19841,0.640496,0.854962,9.092385,0.912214,0.258727,,,,,,2019
write_in_5pct,baseline_pres_incumbent,pres_elec,True,164,False,14.841735,11.264629,3.021995,0.725648,0.945122,8.041839,0.926829,0.199995,,,,,,2019
write_in_5pct,baseline_pres_incumbent,redistricting_cycle,2011,295,False,16.171445,11.977475,-5.285751,0.678838,0.884746,8.780341,0.918644,0.23962,,,,,,2019
write_in_5pct,baseline_pres_incumbent,redistricting_cycle,2021,131,False,16.004533,11.370673,3.289467,0.662727,0.900763,8.479893,0.916031,0.228227,,,,,,2019
write_in_5pct,baseline_pres_incumbent,no_dem_candidate,False,415,False,15.64193,11.395303,-3.033626,0.67088,0.903614,8.401358,0.920482,0.232737,,,,,,2019
write_in_5pct,baseline_pres_incumbent,no_dem_candidate,True,11,False,28.86343,26.714783,11.87078,0.063827,0.363636,19.500261,0.818182,0.36361,,,,,,2019
write_in_5pct,baseline_pres_incumbent,admitted_by_write_in,False,424,False,15.594558,11.579724,-2.776444,0.68393,0.893868,8.502221,0.919811,0.235229,,,,,,2019
write_in_5pct,baseline_pres_incumbent,admitted_by_write_in,True,2,True,61.60135,56.555182,24.417979,0.428168,0.0,48.062453,0.5,0.424212,,,,,,2019
write_in_5pct,baseline_year,pooled,all,426,False,15.375425,11.277863,-1.725618,0.703638,0.915493,8.290536,0.92723,0.221087,-1.849171,-1.64828,-0.200891,,,2019
write_in_5pct,baseline_year,fold,2014,95,False,14.612571,10.807579,-0.219794,0.741152,0.926316,7.934218,0.926316,0.258066,,,,,,2019
write_in_5pct,baseline_year,fold,2015,3,True,29.452477,21.310109,-16.999097,0.32447,0.666667,17.022584,0.666667,0.402952,,,,,,2019
write_in_5pct,baseline_year,fold,2016,62,False,15.019489,11.469044,-5.928938,0.748145,0.919355,8.309219,0.967742,0.173433,,,,,,2019
write_in_5pct,baseline_year,fold,2017,5,True,28.50744,18.710536,-12.362723,0.269211,0.8,15.227795,0.8,0.353072,,,,,,2019
write_in_5pct,baseline_year,fold,2018,73,False,15.873013,11.715065,-5.85614,0.692197,0.890411,8.700523,0.945205,0.201899,,,,,,2019
write_in_5pct,baseline_year,fold,2020,55,False,13.103591,10.227308,-6.118643,0.718586,0.927273,7.388339,0.927273,0.244447,,,,,,2019
write_in_5pct,baseline_year,fold,2021,2,True,19.47835,18.724897,-5.365103,-0.006224,1.0,12.039035,1.0,0.05771,,,,,,2019
write_in_5pct,baseline_year,fold,2022,75,False,14.069375,10.480602,2.844291,0.712207,0.906667,7.716356,0.933333,0.188892,,,,,,2019
write_in_5pct,baseline_year,fold,2023,1,True,13.215778,13.215778,13.215778,,1.0,7.838279,0.0,0.924449,,,,,,2019
write_in_5pct,baseline_year,fold,2024,55,False,17.138536,11.903155,5.716151,0.652955,0.945455,8.790894,0.890909,0.228179,,,,,,2019
write_in_5pct,baseline_year,office,State Representative,325,False,15.877466,11.744861,-1.8115,0.71048,0.904615,8.586599,0.929231,0.217385,,,,,,2019
write_in_5pct,baseline_year,office,State Senate,101,False,13.635078,9.775146,-1.449265,0.665711,0.950495,7.337856,0.920792,0.233002,,,,,,2019
write_in_5pct,baseline_year,is_special,False,402,False,14.856705,10.978988,-1.373902,0.721673,0.922886,8.057606,0.932836,0.214523,,,,,,2019
write_in_5pct,baseline_year,is_special,True,24,False,22.340044,16.284024,-7.616871,0.418033,0.791667,12.192098,0.833333,0.331042,,,,,,2019
write_in_5pct,baseline_year,pres_elec,False,262,False,15.622751,11.409894,-1.64828,0.69174,0.900763,8.435919,0.927481,0.227515,,,,,,2019
write_in_5pct,baseline_year,pres_elec,True,164,False,14.971831,11.066935,-1.849171,0.720818,0.939024,8.058277,0.926829,0.210818,,,,,,2019
write_in_5pct,baseline_year,redistricting_cycle,2011,295,False,15.352596,11.357407,-4.325557,0.710539,0.911864,8.344759,0.935593,0.225566,,,,,,2019
write_in_5pct,baseline_year,redistricting_cycle,2021,131,False,15.42671,11.098736,4.129205,0.686641,0.923664,8.168429,0.908397,0.211002,,,,,,2019
write_in_5pct,baseline_year,no_dem_candidate,False,415,False,14.859263,10.901631,-2.036909,0.702992,0.927711,8.010381,0.93012,0.217286,,,,,,2019
write_in_5pct,baseline_year,no_dem_candidate,True,11,False,28.725865,25.472072,10.018529,0.07273,0.454545,18.859993,0.818182,0.364491,,,,,,2019
write_in_5pct,baseline_year,admitted_by_write_in,False,424,False,14.871354,11.079969,-1.852631,0.712566,0.919811,8.119101,0.929245,0.220435,,,,,,2019
write_in_5pct,baseline_year,admitted_by_write_in,True,2,True,58.895394,53.231276,25.201164,0.477302,0.0,44.634655,0.5,0.359358,,,,,,2019
write_in_5pct,baseline_year_pres,pooled,all,266,False,16.071654,11.703236,-1.18853,0.65853,0.906015,8.615247,0.917293,0.221961,3.710043,-4.383251,8.093294,"2017,2018","2014,2015,2016",2019
write_in_5pct,baseline_year_pres,fold,2017,5,True,30.47511,19.349683,-16.280452,0.164847,0.8,16.27499,0.8,0.380681,,,,2017,,2019
write_in_5pct,baseline_year_pres,fold,2018,73,False,17.554554,13.061597,-9.65019,0.623527,0.835616,9.669969,0.931507,0.225725,,,,2018,,2019
write_in_5pct,baseline_year_pres,fold,2020,55,False,12.486614,9.690804,-2.202359,0.744462,0.963636,7.074363,0.927273,0.229083,,,,,,2019
write_in_5pct,baseline_year_pres,fold,2021,2,True,19.331945,18.448225,-5.778157,0.008845,1.0,11.837112,1.0,0.061172,,,,,,2019
write_in_5pct,baseline_year_pres,fold,2022,75,False,13.943482,10.289356,2.376005,0.717335,0.906667,7.648747,0.933333,0.188428,,,,,,2019
write_in_5pct,baseline_year_pres,fold,2023,1,True,12.34117,12.34117,12.34117,,1.0,7.365669,0.0,0.885822,,,,,,2019
write_in_5pct,baseline_year_pres,fold,2024,55,False,17.843314,12.88877,7.488394,0.623825,0.945455,9.283403,0.890909,0.234916,,,,,,2019
write_in_5pct,baseline_year_pres,office,State Representative,203,False,16.3496,11.910669,-1.272705,0.679775,0.896552,8.806419,0.921182,0.214728,,,,,,2019
write_in_5pct,baseline_year_pres,office,State Senate,63,False,15.141383,11.034843,-0.9173,0.540369,0.936508,7.99925,0.904762,0.245266,,,,,,2019
write_in_5pct,baseline_year_pres,is_special,False,252,False,15.463743,11.377208,-0.547241,0.681562,0.912698,8.346547,0.920635,0.215835,,,,,,2019
write_in_5pct,baseline_year_pres,is_special,True,14,False,24.563606,17.571739,-12.73173,0.178391,0.785714,13.451857,0.857143,0.332226,,,,,,2019
write_in_5pct,baseline_year_pres,pres_elec,False,161,False,16.815248,12.236067,-4.383251,0.632453,0.863354,9.094848,0.925466,0.216173,,,,,,2019
write_in_5pct,baseline_year_pres,pres_elec,True,105,False,14.859379,10.886229,3.710043,0.695621,0.971429,7.879859,0.904762,0.230834,,,,,,2019
write_in_5pct,baseline_year_pres,redistricting_cycle,2011,135,False,16.434453,12.001005,-6.80409,0.639925,0.888889,8.889236,0.925926,0.230394,,,,,,2019
write_in_5pct,baseline_year_pres,redistricting_cycle,2021,131,False,15.689002,11.396375,4.598498,0.675895,0.923664,8.332892,0.908397,0.213269,,,,,,2019
write_in_5pct,baseline_year_pres,no_dem_candidate,False,256,False,15.313851,11.110848,-1.629037,0.65394,0.925781,8.180978,0.921875,0.215348,,,,,,2019
write_in_5pct,baseline_year_pres,no_dem_candidate,True,10,False,29.447743,26.868368,10.088451,0.096588,0.4,19.732546,0.8,0.391243,,,,,,2019
write_in_5pct,baseline_year_pres,admitted_by_write_in,False,264,False,15.25351,11.379945,-1.395712,0.672674,0.912879,8.33348,0.920455,0.220458,,,,,,2019
write_in_5pct,baseline_year_pres,admitted_by_write_in,True,2,True,60.342847,54.377726,26.15955,0.451294,0.0,45.808464,0.5,0.420275,,,,,,2019
write_in_5pct,baseline_national_env,pooled,all,426,False,15.472382,11.595114,-0.202461,0.699888,0.913146,8.792691,0.91784,0.234181,3.152397,-2.302448,5.454845,,,2019
write_in_5pct,baseline_national_env,fold,2014,95,False,15.383976,11.59562,-4.704353,0.713101,0.884211,8.39321,0.894737,0.274719,,,,,,2019
write_in_5pct,baseline_national_env,fold,2015,3,True,31.28111,22.466055,-19.924437,0.237982,0.666667,18.344421,0.666667,0.384998,,,,,,2019
write_in_5pct,baseline_national_env,fold,2016,62,False,13.709598,10.612655,0.393208,0.790159,0.935484,7.683054,0.967742,0.161527,,,,,,2019
write_in_5pct,baseline_national_env,fold,2017,5,True,25.829108,20.880707,-1.325484,0.400079,1.0,47.776674,0.8,0.615903,,,,,,2019
write_in_5pct,baseline_national_env,fold,2018,73,False,15.553454,12.536214,5.002352,0.704466,0.931507,8.777529,0.931507,0.213636,,,,,,2019
write_in_5pct,baseline_national_env,fold,2020,55,False,11.541033,9.155135,-1.986023,0.781699,0.981818,6.601258,0.927273,0.209575,,,,,,2019
write_in_5pct,baseline_national_env,fold,2021,2,True,22.465403,18.49064,-12.75894,-0.338501,0.5,13.792095,1.0,0.121376,,,,,,2019
write_in_5pct,baseline_national_env,fold,2022,75,False,14.566049,10.175291,-4.918144,0.691529,0.893333,7.870218,0.92,0.239135,,,,,,2019
write_in_5pct,baseline_national_env,fold,2023,1,True,7.715748,7.715748,7.715748,,1.0,4.99495,1.0,0.634878,,,,,,2019
write_in_5pct,baseline_national_env,fold,2024,55,False,18.881259,14.211424,9.698355,0.578788,0.890909,10.025291,0.890909,0.245068,,,,,,2019
write_in_5pct,baseline_national_env,office,State Representative,325,False,16.21976,12.169954,-0.158822,0.697862,0.901538,9.056864,0.916923,0.234879,,,,,,2019
write_in_5pct,baseline_national_env,office,State Senate,101,False,12.774086,9.745379,-0.342885,0.706596,0.950495,7.942627,0.920792,0.231934,,,,,,2019
write_in_5pct,baseline_national_env,is_special,False,402,False,15.044433,11.321665,0.143521,0.714595,0.920398,8.195931,0.920398,0.226879,,,,,,2019
write_in_5pct,baseline_national_env,is_special,True,24,False,21.404297,16.175373,-5.997667,0.465765,0.791667,18.788423,0.875,0.356495,,,,,,2019
write_in_5pct,baseline_national_env,pres_elec,False,262,False,15.787541,11.785713,-2.302448,0.685203,0.896947,9.247437,0.912214,0.253341,,,,,,2019
write_in_5pct,baseline_national_env,pres_elec,True,164,False,14.955123,11.290619,3.152397,0.721441,0.939024,8.066205,0.926829,0.203572,,,,,,2019
write_in_5pct,baseline_national_env,redistricting_cycle,2011,295,False,15.003077,11.481449,-0.876315,0.723569,0.922034,8.810284,0.922034,0.229533,,,,,,2019
write_in_5pct,baseline_national_env,redistricting_cycle,2021,131,False,16.480355,11.851075,1.314996,0.642375,0.89313,8.753071,0.908397,0.244647,,,,,,2019
write_in_5pct,baseline_national_env,no_dem_candidate,False,415,False,14.914877,11.193294,-0.487354,0.700765,0.922892,8.501214,0.920482,0.229384,,,,,,2019
write_in_5pct,baseline_national_env,no_dem_candidate,True,11,False,29.640088,26.754658,10.545764,0.012768,0.545455,19.789295,0.818182,0.41516,,,,,,2019
write_in_5pct,baseline_national_env,admitted_by_write_in,False,424,False,14.880176,11.370967,-0.3146,0.712224,0.917453,8.593768,0.919811,0.232964,,,,,,2019
write_in_5pct,baseline_national_env,admitted_by_write_in,True,2,True,63.640319,59.114246,23.571089,0.389687,0.0,50.964402,0.5,0.492272,,,,,,2019
no_dem_excluded,baseline,pooled,all,413,False,15.028873,11.13689,-2.958847,0.683606,0.900726,8.168068,0.920097,0.233458,2.695897,-6.426796,9.122693,,,2019
no_dem_excluded,baseline,fold,2014,95,False,15.289445,11.469095,-4.319627,0.716608,0.884211,8.322188,0.894737,0.275405,,,,,,2019
no_dem_excluded,baseline,fold,2015,3,True,31.23472,22.407452,-19.816238,0.24024,0.666667,18.292499,0.666667,0.386466,,,,,,2019
no_dem_excluded,baseline,fold,2016,61,False,13.656829,10.496256,0.374382,0.781986,0.934426,7.63971,0.95082,0.172615,,,,,,2019
no_dem_excluded,baseline,fold,2017,5,True,31.123756,19.498232,-17.230227,0.128917,0.8,16.692965,0.8,0.382471,,,,,,2019
no_dem_excluded,baseline,fold,2018,72,False,18.485728,13.858053,-11.966854,0.552076,0.805556,10.247379,0.930556,0.248346,,,,,,2019
no_dem_excluded,baseline,fold,2020,54,False,12.532747,9.609747,-2.415143,0.732461,0.944444,6.978504,0.907407,0.240758,,,,,,2019
no_dem_excluded,baseline,fold,2021,2,True,20.730756,18.46169,-9.430285,-0.139779,0.5,12.735337,1.0,0.085345,,,,,,2019
no_dem_excluded,baseline,fold,2022,70,False,10.842698,7.712653,-1.475846,0.752799,0.957143,6.14896,0.957143,0.193888,,,,,,2019
no_dem_excluded,baseline,fold,2023,1,True,10.4919,10.4919,10.4919,,1.0,6.272159,0.0,0.777072,,,,,,2019
no_dem_excluded,baseline,fold,2024,50,False,13.88743,12.019587,8.296645,0.676977,0.94,8.032383,0.92,0.22503,,,,,,2019
no_dem_excluded,baseline,office,State Representative,313,False,15.426202,11.417135,-2.960492,0.692333,0.884984,8.417031,0.920128,0.230037,,,,,,2019
no_dem_excluded,baseline,office,State Senate,100,False,13.711012,10.259724,-2.9537,0.641217,0.95,7.388815,0.92,0.244165,,,,,,2019
no_dem_excluded,baseline,is_special,False,389,False,14.290434,10.773348,-2.429031,0.710109,0.912596,7.857157,0.92545,0.225004,,,,,,2019
no_dem_excluded,baseline,is_special,True,24,False,24.01637,17.029301,-11.546294,0.327419,0.708333,13.207413,0.833333,0.370474,,,,,,2019
no_dem_excluded,baseline,pres_elec,False,256,False,16.218776,11.59936,-6.426796,0.6348,0.871094,8.6897,0.917969,0.251055,,,,,,2019
no_dem_excluded,baseline,pres_elec,True,157,False,12.854554,10.382799,2.695897,0.764735,0.949045,7.317509,0.923567,0.204764,,,,,,2019
no_dem_excluded,baseline,redistricting_cycle,2011,292,False,16.058591,11.808831,-5.287736,0.672337,0.880137,8.681828,0.914384,0.242525,,,,,,2019
no_dem_excluded,baseline,redistricting_cycle,2021,121,False,12.190839,9.515347,2.66128,0.719368,0.950413,6.928252,0.933884,0.211577,,,,,,2019
no_dem_excluded,baseline,no_dem_candidate,False,413,False,15.028873,11.13689,-2.958847,0.683606,0.900726,8.168068,0.920097,0.233458,,,,,,2019
no_dem_excluded,baseline,no_dem_candidate,True,0,True,,,,,,,,,,,,,,2019
no_dem_excluded,baseline,admitted_by_write_in,False,413,False,15.028873,11.13689,-2.958847,0.683606,0.900726,8.168068,0.920097,0.233458,,,,,,2019
no_dem_excluded,baseline,admitted_by_write_in,True,0,True,,,,,,,,,,,,,,2019
no_dem_train_only,baseline,pooled,all,413,False,15.117309,11.212247,-3.228497,0.679872,0.905569,8.225067,0.922518,0.232163,2.499635,-6.741453,9.241088,,,2019
no_dem_train_only,baseline,fold,2014,95,False,15.396158,11.598281,-4.704402,0.712639,0.884211,8.400091,0.894737,0.27525,,,,,,2019
no_dem_train_only,baseline,fold,2015,3,True,31.358,22.412546,-20.045602,0.234231,0.666667,18.356821,1.0,0.378095,,,,,,2019
no_dem_train_only,baseline,fold,2016,61,False,13.586007,10.475065,0.102486,0.784241,0.934426,7.593335,0.967213,0.163767,,,,,,2019
no_dem_train_only,baseline,fold,2017,5,True,30.971357,19.472902,-17.124776,0.137427,0.8,16.567852,0.6,0.384153,,,,,,2019
no_dem_train_only,baseline,fold,2018,72,False,18.759488,14.134587,-12.415816,0.538711,0.805556,10.43453,0.930556,0.250715,,,,,,2019
no_dem_train_only,baseline,fold,2020,54,False,12.616239,9.637482,-2.702033,0.728885,0.962963,7.046337,0.907407,0.239745,,,,,,2019
no_dem_train_only,baseline,fold,2021,2,True,20.682886,18.547688,-9.152325,-0.134521,0.5,12.636147,1.0,0.088643,,,,,,2019
no_dem_train_only,baseline,fold,2022,70,False,10.875536,7.754615,-1.640545,0.7513,0.957143,6.184723,0.957143,0.195247,,,,,,2019
no_dem_train_only,baseline,fold,2023,1,True,10.591815,10.591815,10.591815,,1.0,6.365373,0.0,0.789108,,,,,,2019
no_dem_train_only,baseline,fold,2024,50,False,13.913516,11.932315,8.309148,0.675762,0.96,8.029686,0.92,0.221168,,,,,,2019
no_dem_train_only,baseline,office,State Representative,313,False,15.51995,11.482546,-3.2558,0.688582,0.891374,8.475467,0.926518,0.228204,,,,,,2019
no_dem_train_only,baseline,office,State Senate,100,False,13.781216,10.366213,-3.143039,0.637533,0.95,7.441317,0.91,0.244556,,,,,,2019
no_dem_train_only,baseline,is_special,False,389,False,14.390261,10.852742,-2.713626,0.706045,0.917738,7.918488,0.928021,0.223751,,,,,,2019
no_dem_train_only,baseline,is_special,True,24,False,24.00536,17.039233,-11.573702,0.328035,0.708333,13.194203,0.833333,0.36852,,,,,,2019
no_dem_train_only,baseline,pres_elec,False,256,False,16.347368,11.738596,-6.741453,0.628986,0.871094,8.778517,0.917969,0.251796,,,,,,2019
no_dem_train_only,baseline,pres_elec,True,157,False,12.861737,10.353996,2.499635,0.764472,0.961783,7.322627,0.929936,0.200151,,,,,,2019
no_dem_train_only,baseline,redistricting_cycle,2011,292,False,16.166223,11.919957,-5.632125,0.66793,0.883562,8.754015,0.917808,0.240988,,,,,,2019
no_dem_train_only,baseline,redistricting_cycle,2021,121,False,12.220729,9.504385,2.571992,0.71799,0.958678,6.948598,0.933884,0.210866,,,,,,2019
no_dem_train_only,baseline,no_dem_candidate,False,413,False,15.117309,11.212247,-3.228497,0.679872,0.905569,8.225067,0.922518,0.232163,,,,,,2019
no_dem_train_only,baseline,no_dem_candidate,True,0,True,,,,,,,,,,,,,,2019
no_dem_train_only,baseline,admitted_by_write_in,False,413,False,15.117309,11.212247,-3.228497,0.679872,0.905569,8.225067,0.922518,0.232163,,,,,,2019
no_dem_train_only,baseline,admitted_by_write_in,True,0,True,,,,,,,,,,,,,,2019
