definition,left_variant,right_variant,omitted_date,remaining_races,remaining_clusters,rmse_difference,full_rmse_difference,sign_change
current,baseline,special_pooled_term,2014-11-04,333,22,-0.040023,-0.041981,False
current,baseline,special_pooled_term,2016-11-08,365,22,-0.063101,-0.041981,False
current,baseline,special_pooled_term,2018-11-06,352,22,0.111926,-0.041981,True
current,baseline,special_pooled_term,2020-11-03,374,22,-0.048088,-0.041981,False
current,baseline,special_pooled_term,2022-11-08,350,22,-0.015539,-0.041981,False
current,baseline,special_pooled_term,2024-11-05,370,22,-0.062669,-0.041981,False
current,baseline,special_pooled_plain,2014-11-04,333,22,-0.001637,0.001312,True
current,baseline,special_pooled_plain,2016-11-08,365,22,-0.005546,0.001312,True
current,baseline,special_pooled_plain,2018-11-06,352,22,0.008454,0.001312,False
current,baseline,special_pooled_plain,2020-11-03,374,22,-0.002289,0.001312,True
current,baseline,special_pooled_plain,2022-11-08,350,22,0.005543,0.001312,False
current,baseline,special_pooled_plain,2024-11-05,370,22,0.004853,0.001312,False
current,baseline,special_split,2014-11-04,333,22,-0.00085,-0.022306,False
current,baseline,special_split,2016-11-08,365,22,-0.106773,-0.022306,False
current,baseline,special_split,2018-11-06,352,22,0.130391,-0.022306,True
current,baseline,special_split,2020-11-03,374,22,-0.026024,-0.022306,False
current,baseline,special_split,2022-11-08,350,22,0.032725,-0.022306,True
current,baseline,special_split,2024-11-05,370,22,-0.035522,-0.022306,False
current,baseline,baseline_num_candidates,2014-11-04,333,22,0.026486,0.060216,False
current,baseline,baseline_num_candidates,2016-11-08,365,22,0.052967,0.060216,False
current,baseline,baseline_num_candidates,2018-11-06,352,22,0.032789,0.060216,False
current,baseline,baseline_num_candidates,2020-11-03,374,22,0.111664,0.060216,False
current,baseline,baseline_num_candidates,2022-11-08,350,22,0.049985,0.060216,False
current,baseline,baseline_num_candidates,2024-11-05,370,22,0.115496,0.060216,False
current,baseline,baseline_pres_incumbent,2014-11-04,333,22,0.061401,0.037622,False
current,baseline,baseline_pres_incumbent,2016-11-08,365,22,0.031107,0.037622,False
current,baseline,baseline_pres_incumbent,2018-11-06,352,22,-0.029575,0.037622,True
current,baseline,baseline_pres_incumbent,2020-11-03,374,22,0.06945,0.037622,False
current,baseline,baseline_pres_incumbent,2022-11-08,350,22,0.055434,0.037622,False
current,baseline,baseline_pres_incumbent,2024-11-05,370,22,0.041391,0.037622,False
current,baseline,baseline_year,2014-11-04,333,22,0.637236,0.690803,False
current,baseline,baseline_year,2016-11-08,365,22,1.013489,0.690803,False
current,baseline,baseline_year,2018-11-06,352,22,0.15875,0.690803,False
current,baseline,baseline_year,2020-11-03,374,22,0.859195,0.690803,False
current,baseline,baseline_year,2022-11-08,350,22,0.913016,0.690803,False
current,baseline,baseline_year,2024-11-05,370,22,0.573581,0.690803,False
current,baseline,baseline_national_env,2014-11-04,333,22,0.489774,0.395578,False
current,baseline,baseline_national_env,2016-11-08,365,22,0.44671,0.395578,False
current,baseline,baseline_national_env,2018-11-06,352,22,-0.442219,0.395578,True
current,baseline,baseline_national_env,2020-11-03,374,22,0.453934,0.395578,False
current,baseline,baseline_national_env,2022-11-08,350,22,0.597644,0.395578,False
current,baseline,baseline_national_env,2024-11-05,370,22,0.470833,0.395578,False
current,baseline,baseline_money_share,2014-11-04,323,20,2.112841,2.025043,False
current,baseline,baseline_money_share,2016-11-08,350,20,1.939702,2.025043,False
current,baseline,baseline_money_share,2018-11-06,339,20,1.813747,2.025043,False
current,baseline,baseline_money_share,2020-11-03,359,20,2.341266,2.025043,False
current,baseline,baseline_money_share,2022-11-08,339,20,1.916683,2.025043,False
current,baseline,baseline_money_share,2024-11-05,357,20,2.25004,2.025043,False
current,baseline,baseline_money_logratio,2014-11-04,323,20,2.226976,2.060124,False
current,baseline,baseline_money_logratio,2016-11-08,350,20,2.00879,2.060124,False
current,baseline,baseline_money_logratio,2018-11-06,339,20,1.93062,2.060124,False
current,baseline,baseline_money_logratio,2020-11-03,359,20,2.183363,2.060124,False
current,baseline,baseline_money_logratio,2022-11-08,339,20,2.042523,2.060124,False
current,baseline,baseline_money_logratio,2024-11-05,357,20,2.131581,2.060124,False
current,baseline,baseline_money_diff,2014-11-04,323,20,0.434756,0.426941,False
current,baseline,baseline_money_diff,2016-11-08,350,20,0.429113,0.426941,False
current,baseline,baseline_money_diff,2018-11-06,339,20,0.39059,0.426941,False
current,baseline,baseline_money_diff,2020-11-03,359,20,0.444506,0.426941,False
current,baseline,baseline_money_diff,2022-11-08,339,20,0.392378,0.426941,False
current,baseline,baseline_money_diff,2024-11-05,357,20,0.53265,0.426941,False
current,baseline,baseline_money_both,2014-11-04,323,20,2.198583,2.029565,False
current,baseline,baseline_money_both,2016-11-08,350,20,1.972502,2.029565,False
current,baseline,baseline_money_both,2018-11-06,339,20,1.904879,2.029565,False
current,baseline,baseline_money_both,2020-11-03,359,20,2.153226,2.029565,False
current,baseline,baseline_money_both,2022-11-08,339,20,2.016948,2.029565,False
current,baseline,baseline_money_both,2024-11-05,357,20,2.096298,2.029565,False
current,baseline,baseline_money_logratio_wide,2014-11-04,323,20,1.95243,1.830251,False
current,baseline,baseline_money_logratio_wide,2016-11-08,350,20,1.899962,1.830251,False
current,baseline,baseline_money_logratio_wide,2018-11-06,339,20,1.704402,1.830251,False
current,baseline,baseline_money_logratio_wide,2020-11-03,359,20,2.01196,1.830251,False
current,baseline,baseline_money_logratio_wide,2022-11-08,339,20,1.675568,1.830251,False
current,baseline,baseline_money_logratio_wide,2024-11-05,357,20,1.914492,1.830251,False
current,baseline,baseline_spend_share,2014-11-04,323,20,1.98715,1.958611,False
current,baseline,baseline_spend_share,2016-11-08,350,20,2.033409,1.958611,False
current,baseline,baseline_spend_share,2018-11-06,339,20,1.535957,1.958611,False
current,baseline,baseline_spend_share,2020-11-03,359,20,2.224092,1.958611,False
current,baseline,baseline_spend_share,2022-11-08,339,20,1.899262,1.958611,False
current,baseline,baseline_spend_share,2024-11-05,357,20,2.224842,1.958611,False
current,baseline,baseline_spend_logratio,2014-11-04,323,20,2.258986,2.17788,False
current,baseline,baseline_spend_logratio,2016-11-08,350,20,2.162888,2.17788,False
current,baseline,baseline_spend_logratio,2018-11-06,339,20,1.973462,2.17788,False
current,baseline,baseline_spend_logratio,2020-11-03,359,20,2.294202,2.17788,False
current,baseline,baseline_spend_logratio,2022-11-08,339,20,2.30968,2.17788,False
current,baseline,baseline_spend_logratio,2024-11-05,357,20,2.336077,2.17788,False
current,baseline,baseline_spend_diff,2014-11-04,323,20,0.276116,0.283491,False
current,baseline,baseline_spend_diff,2016-11-08,350,20,0.275065,0.283491,False
current,baseline,baseline_spend_diff,2018-11-06,339,20,0.255722,0.283491,False
current,baseline,baseline_spend_diff,2020-11-03,359,20,0.292939,0.283491,False
current,baseline,baseline_spend_diff,2022-11-08,339,20,0.269181,0.283491,False
current,baseline,baseline_spend_diff,2024-11-05,357,20,0.358357,0.283491,False
current,baseline,baseline_spend_both,2014-11-04,323,20,2.232024,2.158517,False
current,baseline,baseline_spend_both,2016-11-08,350,20,2.120406,2.158517,False
current,baseline,baseline_spend_both,2018-11-06,339,20,2.017712,2.158517,False
current,baseline,baseline_spend_both,2020-11-03,359,20,2.280724,2.158517,False
current,baseline,baseline_spend_both,2022-11-08,339,20,2.280599,2.158517,False
current,baseline,baseline_spend_both,2024-11-05,357,20,2.303353,2.158517,False
current,baseline,baseline_spend_logratio_wide,2014-11-04,323,20,1.830388,1.790335,False
current,baseline,baseline_spend_logratio_wide,2016-11-08,350,20,1.777246,1.790335,False
current,baseline,baseline_spend_logratio_wide,2018-11-06,339,20,1.606098,1.790335,False
current,baseline,baseline_spend_logratio_wide,2020-11-03,359,20,1.854452,1.790335,False
current,baseline,baseline_spend_logratio_wide,2022-11-08,339,20,1.742665,1.790335,False
current,baseline,baseline_spend_logratio_wide,2024-11-05,357,20,2.054674,1.790335,False
current,baseline_money_logratio,baseline_spend_share,2014-11-04,323,20,-0.239826,-0.101513,False
current,baseline_money_logratio,baseline_spend_share,2016-11-08,350,20,0.02462,-0.101513,True
current,baseline_money_logratio,baseline_spend_share,2018-11-06,339,20,-0.394664,-0.101513,False
current,baseline_money_logratio,baseline_spend_share,2020-11-03,359,20,0.04073,-0.101513,True
current,baseline_money_logratio,baseline_spend_share,2022-11-08,339,20,-0.143262,-0.101513,False
current,baseline_money_logratio,baseline_spend_share,2024-11-05,357,20,0.093261,-0.101513,True
current,baseline_money_logratio,baseline_spend_logratio,2014-11-04,323,20,0.03201,0.117756,False
current,baseline_money_logratio,baseline_spend_logratio,2016-11-08,350,20,0.154099,0.117756,False
current,baseline_money_logratio,baseline_spend_logratio,2018-11-06,339,20,0.042842,0.117756,False
current,baseline_money_logratio,baseline_spend_logratio,2020-11-03,359,20,0.110839,0.117756,False
current,baseline_money_logratio,baseline_spend_logratio,2022-11-08,339,20,0.267157,0.117756,False
current,baseline_money_logratio,baseline_spend_logratio,2024-11-05,357,20,0.204497,0.117756,False
current,baseline_money_logratio,baseline_spend_diff,2014-11-04,323,20,-1.95086,-1.776633,False
current,baseline_money_logratio,baseline_spend_diff,2016-11-08,350,20,-1.733725,-1.776633,False
current,baseline_money_logratio,baseline_spend_diff,2018-11-06,339,20,-1.674898,-1.776633,False
current,baseline_money_logratio,baseline_spend_diff,2020-11-03,359,20,-1.890423,-1.776633,False
current,baseline_money_logratio,baseline_spend_diff,2022-11-08,339,20,-1.773342,-1.776633,False
current,baseline_money_logratio,baseline_spend_diff,2024-11-05,357,20,-1.773223,-1.776633,False
current,baseline_money_logratio,baseline_spend_both,2014-11-04,323,20,0.005048,0.098393,False
current,baseline_money_logratio,baseline_spend_both,2016-11-08,350,20,0.111616,0.098393,False
current,baseline_money_logratio,baseline_spend_both,2018-11-06,339,20,0.087092,0.098393,False
current,baseline_money_logratio,baseline_spend_both,2020-11-03,359,20,0.097362,0.098393,False
current,baseline_money_logratio,baseline_spend_both,2022-11-08,339,20,0.238076,0.098393,False
current,baseline_money_logratio,baseline_spend_both,2024-11-05,357,20,0.171772,0.098393,False
current,baseline_money_logratio,baseline_spend_logratio_wide,2014-11-04,323,20,-0.396588,-0.269789,False
current,baseline_money_logratio,baseline_spend_logratio_wide,2016-11-08,350,20,-0.231543,-0.269789,False
current,baseline_money_logratio,baseline_spend_logratio_wide,2018-11-06,339,20,-0.324523,-0.269789,False
current,baseline_money_logratio,baseline_spend_logratio_wide,2020-11-03,359,20,-0.32891,-0.269789,False
current,baseline_money_logratio,baseline_spend_logratio_wide,2022-11-08,339,20,-0.299859,-0.269789,False
current,baseline_money_logratio,baseline_spend_logratio_wide,2024-11-05,357,20,-0.076907,-0.269789,False
current,special_pooled_plain,special_pooled_term,2014-11-04,333,22,-0.038386,-0.043293,False
current,special_pooled_plain,special_pooled_term,2016-11-08,365,22,-0.057555,-0.043293,False
current,special_pooled_plain,special_pooled_term,2018-11-06,352,22,0.103472,-0.043293,True
current,special_pooled_plain,special_pooled_term,2020-11-03,374,22,-0.045799,-0.043293,False
current,special_pooled_plain,special_pooled_term,2022-11-08,350,22,-0.021082,-0.043293,False
current,special_pooled_plain,special_pooled_term,2024-11-05,370,22,-0.067523,-0.043293,False
current,special_pooled_plain,special_split,2014-11-04,333,22,0.000787,-0.023618,True
current,special_pooled_plain,special_split,2016-11-08,365,22,-0.101227,-0.023618,False
current,special_pooled_plain,special_split,2018-11-06,352,22,0.121937,-0.023618,True
current,special_pooled_plain,special_split,2020-11-03,374,22,-0.023734,-0.023618,False
current,special_pooled_plain,special_split,2022-11-08,350,22,0.027183,-0.023618,True
current,special_pooled_plain,special_split,2024-11-05,370,22,-0.040376,-0.023618,False
current,special_pooled_term,special_split,2014-11-04,333,22,0.039173,0.019675,False
current,special_pooled_term,special_split,2016-11-08,365,22,-0.043672,0.019675,True
current,special_pooled_term,special_split,2018-11-06,352,22,0.018465,0.019675,False
current,special_pooled_term,special_split,2020-11-03,374,22,0.022064,0.019675,False
current,special_pooled_term,special_split,2022-11-08,350,22,0.048265,0.019675,False
current,special_pooled_term,special_split,2024-11-05,370,22,0.027147,0.019675,False
two_party,baseline,special_pooled_term,2014-11-04,269,21,-0.132336,-0.09696,False
two_party,baseline,special_pooled_term,2016-11-08,301,21,-0.109724,-0.09696,False
two_party,baseline,special_pooled_term,2018-11-06,286,21,-0.042899,-0.09696,False
two_party,baseline,special_pooled_term,2020-11-03,304,21,-0.109495,-0.09696,False
two_party,baseline,special_pooled_term,2022-11-08,286,21,-0.081343,-0.09696,False
two_party,baseline,special_pooled_term,2024-11-05,306,21,-0.104267,-0.09696,False
two_party,baseline,special_pooled_plain,2014-11-04,269,21,-0.00157,0.003727,True
two_party,baseline,special_pooled_plain,2016-11-08,301,21,0.015313,0.003727,False
two_party,baseline,special_pooled_plain,2018-11-06,286,21,0.004212,0.003727,False
two_party,baseline,special_pooled_plain,2020-11-03,304,21,0.004257,0.003727,False
two_party,baseline,special_pooled_plain,2022-11-08,286,21,0.005834,0.003727,False
two_party,baseline,special_pooled_plain,2024-11-05,306,21,0.000494,0.003727,False
two_party,baseline,special_split,2014-11-04,269,21,-0.070875,-0.024654,False
two_party,baseline,special_split,2016-11-08,301,21,-0.066003,-0.024654,False
two_party,baseline,special_split,2018-11-06,286,21,0.053111,-0.024654,True
two_party,baseline,special_split,2020-11-03,304,21,-0.03405,-0.024654,False
two_party,baseline,special_split,2022-11-08,286,21,-0.007328,-0.024654,False
two_party,baseline,special_split,2024-11-05,306,21,-0.029467,-0.024654,False
two_party,baseline,baseline_num_candidates,2014-11-04,269,21,-0.012693,-0.01437,False
two_party,baseline,baseline_num_candidates,2016-11-08,301,21,-0.020007,-0.01437,False
two_party,baseline,baseline_num_candidates,2018-11-06,286,21,-0.029678,-0.01437,False
two_party,baseline,baseline_num_candidates,2020-11-03,304,21,-0.003625,-0.01437,False
two_party,baseline,baseline_num_candidates,2022-11-08,286,21,-0.016157,-0.01437,False
two_party,baseline,baseline_num_candidates,2024-11-05,306,21,-0.013578,-0.01437,False
two_party,baseline,baseline_pres_incumbent,2014-11-04,269,21,0.009835,0.002846,False
two_party,baseline,baseline_pres_incumbent,2016-11-08,301,21,-0.007513,0.002846,True
two_party,baseline,baseline_pres_incumbent,2018-11-06,286,21,-0.214997,0.002846,True
two_party,baseline,baseline_pres_incumbent,2020-11-03,304,21,0.109038,0.002846,False
two_party,baseline,baseline_pres_incumbent,2022-11-08,286,21,-0.004368,0.002846,True
two_party,baseline,baseline_pres_incumbent,2024-11-05,306,21,0.07838,0.002846,False
two_party,baseline,baseline_year,2014-11-04,269,21,0.054048,0.104098,False
two_party,baseline,baseline_year,2016-11-08,301,21,0.611882,0.104098,False
two_party,baseline,baseline_year,2018-11-06,286,21,-0.365764,0.104098,True
two_party,baseline,baseline_year,2020-11-03,304,21,0.41181,0.104098,False
two_party,baseline,baseline_year,2022-11-08,286,21,0.155432,0.104098,False
two_party,baseline,baseline_year,2024-11-05,306,21,-0.244932,0.104098,True
two_party,baseline,baseline_national_env,2014-11-04,269,21,0.998547,0.777788,False
two_party,baseline,baseline_national_env,2016-11-08,301,21,0.890373,0.777788,False
two_party,baseline,baseline_national_env,2018-11-06,286,21,-0.037122,0.777788,True
two_party,baseline,baseline_national_env,2020-11-03,304,21,0.906353,0.777788,False
two_party,baseline,baseline_national_env,2022-11-08,286,21,1.087046,0.777788,False
two_party,baseline,baseline_national_env,2024-11-05,306,21,0.914929,0.777788,False
two_party,baseline,baseline_money_share,2014-11-04,261,19,1.37848,1.025033,False
two_party,baseline,baseline_money_share,2016-11-08,288,19,0.980166,1.025033,False
two_party,baseline,baseline_money_share,2018-11-06,275,19,0.670946,1.025033,False
two_party,baseline,baseline_money_share,2020-11-03,291,19,1.076635,1.025033,False
two_party,baseline,baseline_money_share,2022-11-08,276,19,0.951557,1.025033,False
two_party,baseline,baseline_money_share,2024-11-05,294,19,1.294303,1.025033,False
two_party,baseline,baseline_money_logratio,2014-11-04,261,19,1.376999,1.114834,False
two_party,baseline,baseline_money_logratio,2016-11-08,288,19,1.090723,1.114834,False
two_party,baseline,baseline_money_logratio,2018-11-06,275,19,0.902941,1.114834,False
two_party,baseline,baseline_money_logratio,2020-11-03,291,19,1.100295,1.114834,False
two_party,baseline,baseline_money_logratio,2022-11-08,276,19,1.046384,1.114834,False
two_party,baseline,baseline_money_logratio,2024-11-05,294,19,1.270181,1.114834,False
two_party,baseline,baseline_money_diff,2014-11-04,261,19,0.396884,0.398054,False
two_party,baseline,baseline_money_diff,2016-11-08,288,19,0.450183,0.398054,False
two_party,baseline,baseline_money_diff,2018-11-06,275,19,0.306027,0.398054,False
two_party,baseline,baseline_money_diff,2020-11-03,291,19,0.378951,0.398054,False
two_party,baseline,baseline_money_diff,2022-11-08,276,19,0.346742,0.398054,False
two_party,baseline,baseline_money_diff,2024-11-05,294,19,0.498264,0.398054,False
two_party,baseline,baseline_money_both,2014-11-04,261,19,1.295124,1.05007,False
two_party,baseline,baseline_money_both,2016-11-08,288,19,1.028171,1.05007,False
two_party,baseline,baseline_money_both,2018-11-06,275,19,0.7582,1.05007,False
two_party,baseline,baseline_money_both,2020-11-03,291,19,1.024791,1.05007,False
two_party,baseline,baseline_money_both,2022-11-08,276,19,1.060529,1.05007,False
two_party,baseline,baseline_money_both,2024-11-05,294,19,1.213068,1.05007,False
two_party,baseline,baseline_money_logratio_wide,2014-11-04,261,19,1.337335,1.16964,False
two_party,baseline,baseline_money_logratio_wide,2016-11-08,288,19,1.180103,1.16964,False
two_party,baseline,baseline_money_logratio_wide,2018-11-06,275,19,1.08424,1.16964,False
two_party,baseline,baseline_money_logratio_wide,2020-11-03,291,19,1.231049,1.16964,False
two_party,baseline,baseline_money_logratio_wide,2022-11-08,276,19,1.016312,1.16964,False
two_party,baseline,baseline_money_logratio_wide,2024-11-05,294,19,1.299489,1.16964,False
two_party,baseline,baseline_spend_share,2014-11-04,261,19,1.193516,1.06861,False
two_party,baseline,baseline_spend_share,2016-11-08,288,19,1.173391,1.06861,False
two_party,baseline,baseline_spend_share,2018-11-06,275,19,0.647624,1.06861,False
two_party,baseline,baseline_spend_share,2020-11-03,291,19,1.089918,1.06861,False
two_party,baseline,baseline_spend_share,2022-11-08,276,19,1.11889,1.06861,False
two_party,baseline,baseline_spend_share,2024-11-05,294,19,1.336556,1.06861,False
two_party,baseline,baseline_spend_logratio,2014-11-04,261,19,1.434598,1.387264,False
two_party,baseline,baseline_spend_logratio,2016-11-08,288,19,1.411386,1.387264,False
two_party,baseline,baseline_spend_logratio,2018-11-06,275,19,1.181244,1.387264,False
two_party,baseline,baseline_spend_logratio,2020-11-03,291,19,1.367766,1.387264,False
two_party,baseline,baseline_spend_logratio,2022-11-08,276,19,1.469316,1.387264,False
two_party,baseline,baseline_spend_logratio,2024-11-05,294,19,1.575275,1.387264,False
two_party,baseline,baseline_spend_diff,2014-11-04,261,19,0.287597,0.317867,False
two_party,baseline,baseline_spend_diff,2016-11-08,288,19,0.346709,0.317867,False
two_party,baseline,baseline_spend_diff,2018-11-06,275,19,0.266843,0.317867,False
two_party,baseline,baseline_spend_diff,2020-11-03,291,19,0.292064,0.317867,False
two_party,baseline,baseline_spend_diff,2022-11-08,276,19,0.302213,0.317867,False
two_party,baseline,baseline_spend_diff,2024-11-05,294,19,0.395007,0.317867,False
two_party,baseline,baseline_spend_both,2014-11-04,261,19,1.393924,1.350228,False
two_party,baseline,baseline_spend_both,2016-11-08,288,19,1.364539,1.350228,False
two_party,baseline,baseline_spend_both,2018-11-06,275,19,1.165169,1.350228,False
two_party,baseline,baseline_spend_both,2020-11-03,291,19,1.32973,1.350228,False
two_party,baseline,baseline_spend_both,2022-11-08,276,19,1.429901,1.350228,False
two_party,baseline,baseline_spend_both,2024-11-05,294,19,1.537684,1.350228,False
two_party,baseline,baseline_spend_logratio_wide,2014-11-04,261,19,1.27578,1.275177,False
two_party,baseline,baseline_spend_logratio_wide,2016-11-08,288,19,1.308061,1.275177,False
two_party,baseline,baseline_spend_logratio_wide,2018-11-06,275,19,1.083993,1.275177,False
two_party,baseline,baseline_spend_logratio_wide,2020-11-03,291,19,1.274874,1.275177,False
two_party,baseline,baseline_spend_logratio_wide,2022-11-08,276,19,1.232202,1.275177,False
two_party,baseline,baseline_spend_logratio_wide,2024-11-05,294,19,1.506871,1.275177,False
two_party,baseline_money_logratio,baseline_spend_share,2014-11-04,261,19,-0.183483,-0.046224,False
two_party,baseline_money_logratio,baseline_spend_share,2016-11-08,288,19,0.082668,-0.046224,True
two_party,baseline_money_logratio,baseline_spend_share,2018-11-06,275,19,-0.255317,-0.046224,False
two_party,baseline_money_logratio,baseline_spend_share,2020-11-03,291,19,-0.010377,-0.046224,False
two_party,baseline_money_logratio,baseline_spend_share,2022-11-08,276,19,0.072506,-0.046224,True
two_party,baseline_money_logratio,baseline_spend_share,2024-11-05,294,19,0.066375,-0.046224,True
two_party,baseline_money_logratio,baseline_spend_logratio,2014-11-04,261,19,0.0576,0.27243,False
two_party,baseline_money_logratio,baseline_spend_logratio,2016-11-08,288,19,0.320663,0.27243,False
two_party,baseline_money_logratio,baseline_spend_logratio,2018-11-06,275,19,0.278303,0.27243,False
two_party,baseline_money_logratio,baseline_spend_logratio,2020-11-03,291,19,0.267471,0.27243,False
two_party,baseline_money_logratio,baseline_spend_logratio,2022-11-08,276,19,0.422931,0.27243,False
two_party,baseline_money_logratio,baseline_spend_logratio,2024-11-05,294,19,0.305094,0.27243,False
two_party,baseline_money_logratio,baseline_spend_diff,2014-11-04,261,19,-1.089401,-0.796966,False
two_party,baseline_money_logratio,baseline_spend_diff,2016-11-08,288,19,-0.744014,-0.796966,False
two_party,baseline_money_logratio,baseline_spend_diff,2018-11-06,275,19,-0.636098,-0.796966,False
two_party,baseline_money_logratio,baseline_spend_diff,2020-11-03,291,19,-0.808231,-0.796966,False
two_party,baseline_money_logratio,baseline_spend_diff,2022-11-08,276,19,-0.744171,-0.796966,False
two_party,baseline_money_logratio,baseline_spend_diff,2024-11-05,294,19,-0.875174,-0.796966,False
two_party,baseline_money_logratio,baseline_spend_both,2014-11-04,261,19,0.016925,0.235395,False
two_party,baseline_money_logratio,baseline_spend_both,2016-11-08,288,19,0.273816,0.235395,False
two_party,baseline_money_logratio,baseline_spend_both,2018-11-06,275,19,0.262228,0.235395,False
two_party,baseline_money_logratio,baseline_spend_both,2020-11-03,291,19,0.229435,0.235395,False
two_party,baseline_money_logratio,baseline_spend_both,2022-11-08,276,19,0.383517,0.235395,False
two_party,baseline_money_logratio,baseline_spend_both,2024-11-05,294,19,0.267503,0.235395,False
two_party,baseline_money_logratio,baseline_spend_logratio_wide,2014-11-04,261,19,-0.101218,0.160343,True
two_party,baseline_money_logratio,baseline_spend_logratio_wide,2016-11-08,288,19,0.217338,0.160343,False
two_party,baseline_money_logratio,baseline_spend_logratio_wide,2018-11-06,275,19,0.181052,0.160343,False
two_party,baseline_money_logratio,baseline_spend_logratio_wide,2020-11-03,291,19,0.174579,0.160343,False
two_party,baseline_money_logratio,baseline_spend_logratio_wide,2022-11-08,276,19,0.185818,0.160343,False
two_party,baseline_money_logratio,baseline_spend_logratio_wide,2024-11-05,294,19,0.23669,0.160343,False
two_party,special_pooled_plain,special_pooled_term,2014-11-04,269,21,-0.130766,-0.100687,False
two_party,special_pooled_plain,special_pooled_term,2016-11-08,301,21,-0.125037,-0.100687,False
two_party,special_pooled_plain,special_pooled_term,2018-11-06,286,21,-0.047111,-0.100687,False
two_party,special_pooled_plain,special_pooled_term,2020-11-03,304,21,-0.113752,-0.100687,False
two_party,special_pooled_plain,special_pooled_term,2022-11-08,286,21,-0.087178,-0.100687,False
two_party,special_pooled_plain,special_pooled_term,2024-11-05,306,21,-0.104761,-0.100687,False
two_party,special_pooled_plain,special_split,2014-11-04,269,21,-0.069305,-0.028381,False
two_party,special_pooled_plain,special_split,2016-11-08,301,21,-0.081316,-0.028381,False
two_party,special_pooled_plain,special_split,2018-11-06,286,21,0.048899,-0.028381,True
two_party,special_pooled_plain,special_split,2020-11-03,304,21,-0.038307,-0.028381,False
two_party,special_pooled_plain,special_split,2022-11-08,286,21,-0.013163,-0.028381,False
two_party,special_pooled_plain,special_split,2024-11-05,306,21,-0.029961,-0.028381,False
two_party,special_pooled_term,special_split,2014-11-04,269,21,0.061461,0.072306,False
two_party,special_pooled_term,special_split,2016-11-08,301,21,0.043721,0.072306,False
two_party,special_pooled_term,special_split,2018-11-06,286,21,0.09601,0.072306,False
two_party,special_pooled_term,special_split,2020-11-03,304,21,0.075445,0.072306,False
two_party,special_pooled_term,special_split,2022-11-08,286,21,0.074015,0.072306,False
two_party,special_pooled_term,special_split,2024-11-05,306,21,0.0748,0.072306,False
two_party_or_strongest,baseline,special_pooled_term,2014-11-04,322,22,-0.0666,-0.064019,False
two_party_or_strongest,baseline,special_pooled_term,2016-11-08,355,22,-0.095154,-0.064019,False
two_party_or_strongest,baseline,special_pooled_term,2018-11-06,342,22,0.076461,-0.064019,True
two_party_or_strongest,baseline,special_pooled_term,2020-11-03,364,22,-0.071313,-0.064019,False
two_party_or_strongest,baseline,special_pooled_term,2022-11-08,343,22,-0.041013,-0.064019,False
two_party_or_strongest,baseline,special_pooled_term,2024-11-05,363,22,-0.082395,-0.064019,False
two_party_or_strongest,baseline,special_pooled_plain,2014-11-04,322,22,0.006854,-0.000705,True
two_party_or_strongest,baseline,special_pooled_plain,2016-11-08,355,22,-0.007922,-0.000705,False
two_party_or_strongest,baseline,special_pooled_plain,2018-11-06,342,22,-0.004588,-0.000705,False
two_party_or_strongest,baseline,special_pooled_plain,2020-11-03,364,22,-0.00281,-0.000705,False
two_party_or_strongest,baseline,special_pooled_plain,2022-11-08,343,22,0.000467,-0.000705,True
two_party_or_strongest,baseline,special_pooled_plain,2024-11-05,363,22,-0.002255,-0.000705,False
two_party_or_strongest,baseline,special_split,2014-11-04,322,22,0.022781,-0.019134,True
two_party_or_strongest,baseline,special_split,2016-11-08,355,22,-0.120676,-0.019134,False
two_party_or_strongest,baseline,special_split,2018-11-06,342,22,0.124288,-0.019134,True
two_party_or_strongest,baseline,special_split,2020-11-03,364,22,-0.020849,-0.019134,False
two_party_or_strongest,baseline,special_split,2022-11-08,343,22,0.026614,-0.019134,True
two_party_or_strongest,baseline,special_split,2024-11-05,363,22,-0.040963,-0.019134,False
two_party_or_strongest,baseline,baseline_num_candidates,2014-11-04,322,22,-0.015832,-0.026595,False
two_party_or_strongest,baseline,baseline_num_candidates,2016-11-08,355,22,-0.0404,-0.026595,False
two_party_or_strongest,baseline,baseline_num_candidates,2018-11-06,342,22,-0.067935,-0.026595,False
two_party_or_strongest,baseline,baseline_num_candidates,2020-11-03,364,22,-0.001192,-0.026595,False
two_party_or_strongest,baseline,baseline_num_candidates,2022-11-08,343,22,-0.039857,-0.026595,False
two_party_or_strongest,baseline,baseline_num_candidates,2024-11-05,363,22,0.006452,-0.026595,True
two_party_or_strongest,baseline,baseline_pres_incumbent,2014-11-04,322,22,0.089677,0.02807,False
two_party_or_strongest,baseline,baseline_pres_incumbent,2016-11-08,355,22,0.012817,0.02807,False
two_party_or_strongest,baseline,baseline_pres_incumbent,2018-11-06,342,22,-0.08872,0.02807,True
two_party_or_strongest,baseline,baseline_pres_incumbent,2020-11-03,364,22,0.062267,0.02807,False
two_party_or_strongest,baseline,baseline_pres_incumbent,2022-11-08,343,22,0.0261,0.02807,False
two_party_or_strongest,baseline,baseline_pres_incumbent,2024-11-05,363,22,0.049525,0.02807,False
two_party_or_strongest,baseline,baseline_year,2014-11-04,322,22,0.600021,0.663319,False
two_party_or_strongest,baseline,baseline_year,2016-11-08,355,22,1.009243,0.663319,False
two_party_or_strongest,baseline,baseline_year,2018-11-06,342,22,0.116509,0.663319,False
two_party_or_strongest,baseline,baseline_year,2020-11-03,364,22,0.846484,0.663319,False
two_party_or_strongest,baseline,baseline_year,2022-11-08,343,22,0.85079,0.663319,False
two_party_or_strongest,baseline,baseline_year,2024-11-05,363,22,0.544844,0.663319,False
two_party_or_strongest,baseline,baseline_national_env,2018-11-06,182,13,-1.305984,0.515514,True
two_party_or_strongest,baseline,baseline_national_env,2020-11-03,204,13,0.646433,0.515514,False
two_party_or_strongest,baseline,baseline_national_env,2022-11-08,183,13,0.935024,0.515514,False
two_party_or_strongest,baseline,baseline_national_env,2024-11-05,203,13,0.707898,0.515514,False
two_party_or_strongest,baseline,baseline_money_share,2014-11-04,312,20,1.853951,1.55516,False
two_party_or_strongest,baseline,baseline_money_share,2016-11-08,340,20,1.414565,1.55516,False
two_party_or_strongest,baseline,baseline_money_share,2018-11-06,329,20,1.237779,1.55516,False
two_party_or_strongest,baseline,baseline_money_share,2020-11-03,349,20,1.783543,1.55516,False
two_party_or_strongest,baseline,baseline_money_share,2022-11-08,332,20,1.556544,1.55516,False
two_party_or_strongest,baseline,baseline_money_share,2024-11-05,350,20,1.769259,1.55516,False
two_party_or_strongest,baseline,baseline_money_logratio,2014-11-04,312,20,1.991305,1.725386,False
two_party_or_strongest,baseline,baseline_money_logratio,2016-11-08,340,20,1.627722,1.725386,False
two_party_or_strongest,baseline,baseline_money_logratio,2018-11-06,329,20,1.550474,1.725386,False
two_party_or_strongest,baseline,baseline_money_logratio,2020-11-03,349,20,1.806129,1.725386,False
two_party_or_strongest,baseline,baseline_money_logratio,2022-11-08,332,20,1.746423,1.725386,False
two_party_or_strongest,baseline,baseline_money_logratio,2024-11-05,350,20,1.833247,1.725386,False
two_party_or_strongest,baseline,baseline_money_diff,2014-11-04,312,20,0.38757,0.322401,False
two_party_or_strongest,baseline,baseline_money_diff,2016-11-08,340,20,0.298258,0.322401,False
two_party_or_strongest,baseline,baseline_money_diff,2018-11-06,329,20,0.279446,0.322401,False
two_party_or_strongest,baseline,baseline_money_diff,2020-11-03,349,20,0.329827,0.322401,False
two_party_or_strongest,baseline,baseline_money_diff,2022-11-08,332,20,0.298295,0.322401,False
two_party_or_strongest,baseline,baseline_money_diff,2024-11-05,350,20,0.424379,0.322401,False
two_party_or_strongest,baseline,baseline_money_both,2014-11-04,312,20,1.965826,1.698235,False
two_party_or_strongest,baseline,baseline_money_both,2016-11-08,340,20,1.597215,1.698235,False
two_party_or_strongest,baseline,baseline_money_both,2018-11-06,329,20,1.526107,1.698235,False
two_party_or_strongest,baseline,baseline_money_both,2020-11-03,349,20,1.779005,1.698235,False
two_party_or_strongest,baseline,baseline_money_both,2022-11-08,332,20,1.720542,1.698235,False
two_party_or_strongest,baseline,baseline_money_both,2024-11-05,350,20,1.798272,1.698235,False
two_party_or_strongest,baseline,baseline_money_logratio_wide,2014-11-04,312,20,1.709315,1.547342,False
two_party_or_strongest,baseline,baseline_money_logratio_wide,2016-11-08,340,20,1.555248,1.547342,False
two_party_or_strongest,baseline,baseline_money_logratio_wide,2018-11-06,329,20,1.403611,1.547342,False
two_party_or_strongest,baseline,baseline_money_logratio_wide,2020-11-03,349,20,1.678817,1.547342,False
two_party_or_strongest,baseline,baseline_money_logratio_wide,2022-11-08,332,20,1.437293,1.547342,False
two_party_or_strongest,baseline,baseline_money_logratio_wide,2024-11-05,350,20,1.707607,1.547342,False
two_party_or_strongest,baseline,baseline_spend_share,2014-11-04,312,20,1.694094,1.505718,False
two_party_or_strongest,baseline,baseline_spend_share,2016-11-08,340,20,1.523455,1.505718,False
two_party_or_strongest,baseline,baseline_spend_share,2018-11-06,329,20,1.030839,1.505718,False
two_party_or_strongest,baseline,baseline_spend_share,2020-11-03,349,20,1.696454,1.505718,False
two_party_or_strongest,baseline,baseline_spend_share,2022-11-08,332,20,1.559249,1.505718,False
two_party_or_strongest,baseline,baseline_spend_share,2024-11-05,350,20,1.742787,1.505718,False
two_party_or_strongest,baseline,baseline_spend_logratio,2014-11-04,312,20,2.19717,2.017459,False
two_party_or_strongest,baseline,baseline_spend_logratio,2016-11-08,340,20,1.939544,2.017459,False
two_party_or_strongest,baseline,baseline_spend_logratio,2018-11-06,329,20,1.789675,2.017459,False
two_party_or_strongest,baseline,baseline_spend_logratio,2020-11-03,349,20,2.106148,2.017459,False
two_party_or_strongest,baseline,baseline_spend_logratio,2022-11-08,332,20,2.197733,2.017459,False
two_party_or_strongest,baseline,baseline_spend_logratio,2024-11-05,350,20,2.176305,2.017459,False
two_party_or_strongest,baseline,baseline_spend_diff,2014-11-04,312,20,0.281459,0.24233,False
two_party_or_strongest,baseline,baseline_spend_diff,2016-11-08,340,20,0.205568,0.24233,False
two_party_or_strongest,baseline,baseline_spend_diff,2018-11-06,329,20,0.203359,0.24233,False
two_party_or_strongest,baseline,baseline_spend_diff,2020-11-03,349,20,0.242382,0.24233,False
two_party_or_strongest,baseline,baseline_spend_diff,2022-11-08,332,20,0.234249,0.24233,False
two_party_or_strongest,baseline,baseline_spend_diff,2024-11-05,350,20,0.326257,0.24233,False
two_party_or_strongest,baseline,baseline_spend_both,2014-11-04,312,20,2.252326,2.071437,False
two_party_or_strongest,baseline,baseline_spend_both,2016-11-08,340,20,1.97195,2.071437,False
two_party_or_strongest,baseline,baseline_spend_both,2018-11-06,329,20,1.912333,2.071437,False
two_party_or_strongest,baseline,baseline_spend_both,2020-11-03,349,20,2.170685,2.071437,False
two_party_or_strongest,baseline,baseline_spend_both,2022-11-08,332,20,2.243728,2.071437,False
two_party_or_strongest,baseline,baseline_spend_both,2024-11-05,350,20,2.196386,2.071437,False
two_party_or_strongest,baseline,baseline_spend_logratio_wide,2014-11-04,312,20,1.720128,1.626844,False
two_party_or_strongest,baseline,baseline_spend_logratio_wide,2016-11-08,340,20,1.538486,1.626844,False
two_party_or_strongest,baseline,baseline_spend_logratio_wide,2018-11-06,329,20,1.447447,1.626844,False
two_party_or_strongest,baseline,baseline_spend_logratio_wide,2020-11-03,349,20,1.657802,1.626844,False
two_party_or_strongest,baseline,baseline_spend_logratio_wide,2022-11-08,332,20,1.622554,1.626844,False
two_party_or_strongest,baseline,baseline_spend_logratio_wide,2024-11-05,350,20,1.930066,1.626844,False
two_party_or_strongest,baseline_money_logratio,baseline_spend_share,2014-11-04,312,20,-0.297211,-0.219667,False
two_party_or_strongest,baseline_money_logratio,baseline_spend_share,2016-11-08,340,20,-0.104267,-0.219667,False
two_party_or_strongest,baseline_money_logratio,baseline_spend_share,2018-11-06,329,20,-0.519635,-0.219667,False
two_party_or_strongest,baseline_money_logratio,baseline_spend_share,2020-11-03,349,20,-0.109675,-0.219667,False
two_party_or_strongest,baseline_money_logratio,baseline_spend_share,2022-11-08,332,20,-0.187174,-0.219667,False
two_party_or_strongest,baseline_money_logratio,baseline_spend_share,2024-11-05,350,20,-0.09046,-0.219667,False
two_party_or_strongest,baseline_money_logratio,baseline_spend_logratio,2014-11-04,312,20,0.205865,0.292073,False
two_party_or_strongest,baseline_money_logratio,baseline_spend_logratio,2016-11-08,340,20,0.311822,0.292073,False
two_party_or_strongest,baseline_money_logratio,baseline_spend_logratio,2018-11-06,329,20,0.239201,0.292073,False
two_party_or_strongest,baseline_money_logratio,baseline_spend_logratio,2020-11-03,349,20,0.300018,0.292073,False
two_party_or_strongest,baseline_money_logratio,baseline_spend_logratio,2022-11-08,332,20,0.45131,0.292073,False
two_party_or_strongest,baseline_money_logratio,baseline_spend_logratio,2024-11-05,350,20,0.343058,0.292073,False
two_party_or_strongest,baseline_money_logratio,baseline_spend_diff,2014-11-04,312,20,-1.709846,-1.483055,False
two_party_or_strongest,baseline_money_logratio,baseline_spend_diff,2016-11-08,340,20,-1.422154,-1.483055,False
two_party_or_strongest,baseline_money_logratio,baseline_spend_diff,2018-11-06,329,20,-1.347114,-1.483055,False
two_party_or_strongest,baseline_money_logratio,baseline_spend_diff,2020-11-03,349,20,-1.563747,-1.483055,False
two_party_or_strongest,baseline_money_logratio,baseline_spend_diff,2022-11-08,332,20,-1.512174,-1.483055,False
two_party_or_strongest,baseline_money_logratio,baseline_spend_diff,2024-11-05,350,20,-1.506991,-1.483055,False
two_party_or_strongest,baseline_money_logratio,baseline_spend_both,2014-11-04,312,20,0.261021,0.346051,False
two_party_or_strongest,baseline_money_logratio,baseline_spend_both,2016-11-08,340,20,0.344228,0.346051,False
two_party_or_strongest,baseline_money_logratio,baseline_spend_both,2018-11-06,329,20,0.361859,0.346051,False
two_party_or_strongest,baseline_money_logratio,baseline_spend_both,2020-11-03,349,20,0.364556,0.346051,False
two_party_or_strongest,baseline_money_logratio,baseline_spend_both,2022-11-08,332,20,0.497305,0.346051,False
two_party_or_strongest,baseline_money_logratio,baseline_spend_both,2024-11-05,350,20,0.363139,0.346051,False
two_party_or_strongest,baseline_money_logratio,baseline_spend_logratio_wide,2014-11-04,312,20,-0.271176,-0.098542,False
two_party_or_strongest,baseline_money_logratio,baseline_spend_logratio_wide,2016-11-08,340,20,-0.089236,-0.098542,False
two_party_or_strongest,baseline_money_logratio,baseline_spend_logratio_wide,2018-11-06,329,20,-0.103026,-0.098542,False
two_party_or_strongest,baseline_money_logratio,baseline_spend_logratio_wide,2020-11-03,349,20,-0.148327,-0.098542,False
two_party_or_strongest,baseline_money_logratio,baseline_spend_logratio_wide,2022-11-08,332,20,-0.123869,-0.098542,False
two_party_or_strongest,baseline_money_logratio,baseline_spend_logratio_wide,2024-11-05,350,20,0.096819,-0.098542,True
two_party_or_strongest,special_pooled_plain,special_pooled_term,2014-11-04,322,22,-0.073454,-0.063314,False
two_party_or_strongest,special_pooled_plain,special_pooled_term,2016-11-08,355,22,-0.087232,-0.063314,False
two_party_or_strongest,special_pooled_plain,special_pooled_term,2018-11-06,342,22,0.081049,-0.063314,True
two_party_or_strongest,special_pooled_plain,special_pooled_term,2020-11-03,364,22,-0.068503,-0.063314,False
two_party_or_strongest,special_pooled_plain,special_pooled_term,2022-11-08,343,22,-0.04148,-0.063314,False
two_party_or_strongest,special_pooled_plain,special_pooled_term,2024-11-05,363,22,-0.08014,-0.063314,False
two_party_or_strongest,special_pooled_plain,special_split,2014-11-04,322,22,0.015927,-0.01843,True
two_party_or_strongest,special_pooled_plain,special_split,2016-11-08,355,22,-0.112754,-0.01843,False
two_party_or_strongest,special_pooled_plain,special_split,2018-11-06,342,22,0.128877,-0.01843,True
two_party_or_strongest,special_pooled_plain,special_split,2020-11-03,364,22,-0.018039,-0.01843,False
two_party_or_strongest,special_pooled_plain,special_split,2022-11-08,343,22,0.026147,-0.01843,True
two_party_or_strongest,special_pooled_plain,special_split,2024-11-05,363,22,-0.038708,-0.01843,False
two_party_or_strongest,special_pooled_term,special_split,2014-11-04,322,22,0.089382,0.044885,False
two_party_or_strongest,special_pooled_term,special_split,2016-11-08,355,22,-0.025522,0.044885,True
two_party_or_strongest,special_pooled_term,special_split,2018-11-06,342,22,0.047827,0.044885,False
two_party_or_strongest,special_pooled_term,special_split,2020-11-03,364,22,0.050464,0.044885,False
two_party_or_strongest,special_pooled_term,special_split,2022-11-08,343,22,0.067627,0.044885,False
two_party_or_strongest,special_pooled_term,special_split,2024-11-05,363,22,0.041432,0.044885,False
write_in_5pct,baseline,special_pooled_term,2014-11-04,335,22,-0.060154,-0.063598,False
write_in_5pct,baseline,special_pooled_term,2016-11-08,367,22,-0.076612,-0.063598,False
write_in_5pct,baseline,special_pooled_term,2018-11-06,354,22,0.087423,-0.063598,True
write_in_5pct,baseline,special_pooled_term,2020-11-03,376,22,-0.071155,-0.063598,False
write_in_5pct,baseline,special_pooled_term,2022-11-08,351,22,-0.031062,-0.063598,False
write_in_5pct,baseline,special_pooled_term,2024-11-05,371,22,-0.104937,-0.063598,False
write_in_5pct,baseline,special_pooled_plain,2014-11-04,335,22,-0.007602,-0.016912,False
write_in_5pct,baseline,special_pooled_plain,2016-11-08,367,22,-0.016533,-0.016912,False
write_in_5pct,baseline,special_pooled_plain,2018-11-06,354,22,-0.012772,-0.016912,False
write_in_5pct,baseline,special_pooled_plain,2020-11-03,376,22,-0.017477,-0.016912,False
write_in_5pct,baseline,special_pooled_plain,2022-11-08,351,22,-0.015702,-0.016912,False
write_in_5pct,baseline,special_pooled_plain,2024-11-05,371,22,-0.023705,-0.016912,False
write_in_5pct,baseline,special_split,2014-11-04,335,22,-0.031833,-0.059157,False
write_in_5pct,baseline,special_split,2016-11-08,367,22,-0.135245,-0.059157,False
write_in_5pct,baseline,special_split,2018-11-06,354,22,0.094412,-0.059157,True
write_in_5pct,baseline,special_split,2020-11-03,376,22,-0.06206,-0.059157,False
write_in_5pct,baseline,special_split,2022-11-08,351,22,0.002759,-0.059157,True
write_in_5pct,baseline,special_split,2024-11-05,371,22,-0.090065,-0.059157,False
write_in_5pct,baseline,baseline_num_candidates,2014-11-04,335,22,-0.054806,-0.014956,False
write_in_5pct,baseline,baseline_num_candidates,2016-11-08,367,22,-0.029883,-0.014956,False
write_in_5pct,baseline,baseline_num_candidates,2018-11-06,354,22,-0.045243,-0.014956,False
write_in_5pct,baseline,baseline_num_candidates,2020-11-03,376,22,0.024765,-0.014956,True
write_in_5pct,baseline,baseline_num_candidates,2022-11-08,351,22,-0.063713,-0.014956,False
write_in_5pct,baseline,baseline_num_candidates,2024-11-05,371,22,0.118338,-0.014956,True
write_in_5pct,baseline,baseline_pres_incumbent,2014-11-04,335,22,0.08411,0.043009,False
write_in_5pct,baseline,baseline_pres_incumbent,2016-11-08,367,22,0.040458,0.043009,False
write_in_5pct,baseline,baseline_pres_incumbent,2018-11-06,354,22,-0.011985,0.043009,True
write_in_5pct,baseline,baseline_pres_incumbent,2020-11-03,376,22,0.073278,0.043009,False
write_in_5pct,baseline,baseline_pres_incumbent,2022-11-08,351,22,0.056818,0.043009,False
write_in_5pct,baseline,baseline_pres_incumbent,2024-11-05,371,22,0.016849,0.043009,False
write_in_5pct,baseline,baseline_year,2014-11-04,335,22,0.715097,0.727703,False
write_in_5pct,baseline,baseline_year,2016-11-08,367,22,1.043458,0.727703,False
write_in_5pct,baseline,baseline_year,2018-11-06,354,22,0.221491,0.727703,False
write_in_5pct,baseline,baseline_year,2020-11-03,376,22,0.887935,0.727703,False
write_in_5pct,baseline,baseline_year,2022-11-08,351,22,0.926365,0.727703,False
write_in_5pct,baseline,baseline_year,2024-11-05,371,22,0.587931,0.727703,False
write_in_5pct,baseline,baseline_national_env,2014-11-04,335,22,0.443752,0.340759,False
write_in_5pct,baseline,baseline_national_env,2016-11-08,367,22,0.391718,0.340759,False
write_in_5pct,baseline,baseline_national_env,2018-11-06,354,22,-0.4626,0.340759,True
write_in_5pct,baseline,baseline_national_env,2020-11-03,376,22,0.396966,0.340759,False
write_in_5pct,baseline,baseline_national_env,2022-11-08,351,22,0.538341,0.340759,False
write_in_5pct,baseline,baseline_national_env,2024-11-05,371,22,0.42363,0.340759,False
write_in_5pct,baseline,baseline_money_share,2014-11-04,325,20,1.867577,1.817709,False
write_in_5pct,baseline,baseline_money_share,2016-11-08,352,20,1.716708,1.817709,False
write_in_5pct,baseline,baseline_money_share,2018-11-06,341,20,1.575076,1.817709,False
write_in_5pct,baseline,baseline_money_share,2020-11-03,361,20,2.099304,1.817709,False
write_in_5pct,baseline,baseline_money_share,2022-11-08,340,20,1.741276,1.817709,False
write_in_5pct,baseline,baseline_money_share,2024-11-05,358,20,2.155521,1.817709,False
write_in_5pct,baseline,baseline_money_logratio,2014-11-04,325,20,1.994137,1.8632,False
write_in_5pct,baseline,baseline_money_logratio,2016-11-08,352,20,1.796453,1.8632,False
write_in_5pct,baseline,baseline_money_logratio,2018-11-06,341,20,1.702027,1.8632,False
write_in_5pct,baseline,baseline_money_logratio,2020-11-03,361,20,1.969078,1.8632,False
write_in_5pct,baseline,baseline_money_logratio,2022-11-08,340,20,1.882495,1.8632,False
write_in_5pct,baseline,baseline_money_logratio,2024-11-05,358,20,2.00933,1.8632,False
write_in_5pct,baseline,baseline_money_diff,2014-11-04,325,20,0.395368,0.371819,False
write_in_5pct,baseline,baseline_money_diff,2016-11-08,352,20,0.373603,0.371819,False
write_in_5pct,baseline,baseline_money_diff,2018-11-06,341,20,0.316387,0.371819,False
write_in_5pct,baseline,baseline_money_diff,2020-11-03,361,20,0.383662,0.371819,False
write_in_5pct,baseline,baseline_money_diff,2022-11-08,340,20,0.349974,0.371819,False
write_in_5pct,baseline,baseline_money_diff,2024-11-05,358,20,0.480192,0.371819,False
write_in_5pct,baseline,baseline_money_both,2014-11-04,325,20,1.994969,1.867531,False
write_in_5pct,baseline,baseline_money_both,2016-11-08,352,20,1.800934,1.867531,False
write_in_5pct,baseline,baseline_money_both,2018-11-06,341,20,1.711632,1.867531,False
write_in_5pct,baseline,baseline_money_both,2020-11-03,361,20,1.975181,1.867531,False
write_in_5pct,baseline,baseline_money_both,2022-11-08,340,20,1.894255,1.867531,False
write_in_5pct,baseline,baseline_money_both,2024-11-05,358,20,2.007478,1.867531,False
write_in_5pct,baseline,baseline_money_logratio_wide,2014-11-04,325,20,1.936724,1.811869,False
write_in_5pct,baseline,baseline_money_logratio_wide,2016-11-08,352,20,1.880405,1.811869,False
write_in_5pct,baseline,baseline_money_logratio_wide,2018-11-06,341,20,1.691362,1.811869,False
write_in_5pct,baseline,baseline_money_logratio_wide,2020-11-03,361,20,1.985765,1.811869,False
write_in_5pct,baseline,baseline_money_logratio_wide,2022-11-08,340,20,1.710718,1.811869,False
write_in_5pct,baseline,baseline_money_logratio_wide,2024-11-05,358,20,1.846366,1.811869,False
write_in_5pct,baseline,baseline_spend_share,2014-11-04,325,20,1.832211,1.819613,False
write_in_5pct,baseline,baseline_spend_share,2016-11-08,352,20,1.883394,1.819613,False
write_in_5pct,baseline,baseline_spend_share,2018-11-06,341,20,1.383038,1.819613,False
write_in_5pct,baseline,baseline_spend_share,2020-11-03,361,20,2.059566,1.819613,False
write_in_5pct,baseline,baseline_spend_share,2022-11-08,340,20,1.799056,1.819613,False
write_in_5pct,baseline,baseline_spend_share,2024-11-05,358,20,2.139748,1.819613,False
write_in_5pct,baseline,baseline_spend_logratio,2014-11-04,325,20,2.066126,2.011824,False
write_in_5pct,baseline,baseline_spend_logratio,2016-11-08,352,20,1.982946,2.011824,False
write_in_5pct,baseline,baseline_spend_logratio,2018-11-06,341,20,1.773904,2.011824,False
write_in_5pct,baseline,baseline_spend_logratio,2020-11-03,361,20,2.109339,2.011824,False
write_in_5pct,baseline,baseline_spend_logratio,2022-11-08,340,20,2.194372,2.011824,False
write_in_5pct,baseline,baseline_spend_logratio,2024-11-05,358,20,2.226422,2.011824,False
write_in_5pct,baseline,baseline_spend_diff,2014-11-04,325,20,0.254493,0.243834,False
write_in_5pct,baseline,baseline_spend_diff,2016-11-08,352,20,0.232134,0.243834,False
write_in_5pct,baseline,baseline_spend_diff,2018-11-06,341,20,0.193878,0.243834,False
write_in_5pct,baseline,baseline_spend_diff,2020-11-03,361,20,0.250351,0.243834,False
write_in_5pct,baseline,baseline_spend_diff,2022-11-08,340,20,0.247239,0.243834,False
write_in_5pct,baseline,baseline_spend_diff,2024-11-05,358,20,0.320541,0.243834,False
write_in_5pct,baseline,baseline_spend_both,2014-11-04,325,20,2.054403,2.006073,False
write_in_5pct,baseline,baseline_spend_both,2016-11-08,352,20,1.952689,2.006073,False
write_in_5pct,baseline,baseline_spend_both,2018-11-06,341,20,1.829335,2.006073,False
write_in_5pct,baseline,baseline_spend_both,2020-11-03,361,20,2.103162,2.006073,False
write_in_5pct,baseline,baseline_spend_both,2022-11-08,340,20,2.187704,2.006073,False
write_in_5pct,baseline,baseline_spend_both,2024-11-05,358,20,2.205572,2.006073,False
write_in_5pct,baseline,baseline_spend_logratio_wide,2014-11-04,325,20,1.788311,1.753956,False
write_in_5pct,baseline,baseline_spend_logratio_wide,2016-11-08,352,20,1.740809,1.753956,False
write_in_5pct,baseline,baseline_spend_logratio_wide,2018-11-06,341,20,1.578648,1.753956,False
write_in_5pct,baseline,baseline_spend_logratio_wide,2020-11-03,361,20,1.810985,1.753956,False
write_in_5pct,baseline,baseline_spend_logratio_wide,2022-11-08,340,20,1.771463,1.753956,False
write_in_5pct,baseline,baseline_spend_logratio_wide,2024-11-05,358,20,1.964436,1.753956,False
write_in_5pct,baseline_money_logratio,baseline_spend_share,2014-11-04,325,20,-0.161925,-0.043587,False
write_in_5pct,baseline_money_logratio,baseline_spend_share,2016-11-08,352,20,0.086941,-0.043587,True
write_in_5pct,baseline_money_logratio,baseline_spend_share,2018-11-06,341,20,-0.318989,-0.043587,False
write_in_5pct,baseline_money_logratio,baseline_spend_share,2020-11-03,361,20,0.090488,-0.043587,True
write_in_5pct,baseline_money_logratio,baseline_spend_share,2022-11-08,340,20,-0.083439,-0.043587,False
write_in_5pct,baseline_money_logratio,baseline_spend_share,2024-11-05,358,20,0.130418,-0.043587,True
write_in_5pct,baseline_money_logratio,baseline_spend_logratio,2014-11-04,325,20,0.071989,0.148624,False
write_in_5pct,baseline_money_logratio,baseline_spend_logratio,2016-11-08,352,20,0.186493,0.148624,False
write_in_5pct,baseline_money_logratio,baseline_spend_logratio,2018-11-06,341,20,0.071877,0.148624,False
write_in_5pct,baseline_money_logratio,baseline_spend_logratio,2020-11-03,361,20,0.140262,0.148624,False
write_in_5pct,baseline_money_logratio,baseline_spend_logratio,2022-11-08,340,20,0.311877,0.148624,False
write_in_5pct,baseline_money_logratio,baseline_spend_logratio,2024-11-05,358,20,0.217091,0.148624,False
write_in_5pct,baseline_money_logratio,baseline_spend_diff,2014-11-04,325,20,-1.739644,-1.619366,False
write_in_5pct,baseline_money_logratio,baseline_spend_diff,2016-11-08,352,20,-1.564319,-1.619366,False
write_in_5pct,baseline_money_logratio,baseline_spend_diff,2018-11-06,341,20,-1.508149,-1.619366,False
write_in_5pct,baseline_money_logratio,baseline_spend_diff,2020-11-03,361,20,-1.718726,-1.619366,False
write_in_5pct,baseline_money_logratio,baseline_spend_diff,2022-11-08,340,20,-1.635256,-1.619366,False
write_in_5pct,baseline_money_logratio,baseline_spend_diff,2024-11-05,358,20,-1.688789,-1.619366,False
write_in_5pct,baseline_money_logratio,baseline_spend_both,2014-11-04,325,20,0.060266,0.142873,False
write_in_5pct,baseline_money_logratio,baseline_spend_both,2016-11-08,352,20,0.156236,0.142873,False
write_in_5pct,baseline_money_logratio,baseline_spend_both,2018-11-06,341,20,0.127308,0.142873,False
write_in_5pct,baseline_money_logratio,baseline_spend_both,2020-11-03,361,20,0.134084,0.142873,False
write_in_5pct,baseline_money_logratio,baseline_spend_both,2022-11-08,340,20,0.305209,0.142873,False
write_in_5pct,baseline_money_logratio,baseline_spend_both,2024-11-05,358,20,0.196242,0.142873,False
write_in_5pct,baseline_money_logratio,baseline_spend_logratio_wide,2014-11-04,325,20,-0.205826,-0.109244,False
write_in_5pct,baseline_money_logratio,baseline_spend_logratio_wide,2016-11-08,352,20,-0.055644,-0.109244,False
write_in_5pct,baseline_money_logratio,baseline_spend_logratio_wide,2018-11-06,341,20,-0.123379,-0.109244,False
write_in_5pct,baseline_money_logratio,baseline_spend_logratio_wide,2020-11-03,361,20,-0.158093,-0.109244,False
write_in_5pct,baseline_money_logratio,baseline_spend_logratio_wide,2022-11-08,340,20,-0.111032,-0.109244,False
write_in_5pct,baseline_money_logratio,baseline_spend_logratio_wide,2024-11-05,358,20,-0.044894,-0.109244,False
write_in_5pct,special_pooled_plain,special_pooled_term,2014-11-04,335,22,-0.052552,-0.046686,False
write_in_5pct,special_pooled_plain,special_pooled_term,2016-11-08,367,22,-0.060079,-0.046686,False
write_in_5pct,special_pooled_plain,special_pooled_term,2018-11-06,354,22,0.100195,-0.046686,True
write_in_5pct,special_pooled_plain,special_pooled_term,2020-11-03,376,22,-0.053678,-0.046686,False
write_in_5pct,special_pooled_plain,special_pooled_term,2022-11-08,351,22,-0.01536,-0.046686,False
write_in_5pct,special_pooled_plain,special_pooled_term,2024-11-05,371,22,-0.081232,-0.046686,False
write_in_5pct,special_pooled_plain,special_split,2014-11-04,335,22,-0.024231,-0.042245,False
write_in_5pct,special_pooled_plain,special_split,2016-11-08,367,22,-0.118712,-0.042245,False
write_in_5pct,special_pooled_plain,special_split,2018-11-06,354,22,0.107184,-0.042245,True
write_in_5pct,special_pooled_plain,special_split,2020-11-03,376,22,-0.044583,-0.042245,False
write_in_5pct,special_pooled_plain,special_split,2022-11-08,351,22,0.018461,-0.042245,True
write_in_5pct,special_pooled_plain,special_split,2024-11-05,371,22,-0.06636,-0.042245,False
write_in_5pct,special_pooled_term,special_split,2014-11-04,335,22,0.028321,0.004441,False
write_in_5pct,special_pooled_term,special_split,2016-11-08,367,22,-0.058633,0.004441,True
write_in_5pct,special_pooled_term,special_split,2018-11-06,354,22,0.006989,0.004441,False
write_in_5pct,special_pooled_term,special_split,2020-11-03,376,22,0.009095,0.004441,False
write_in_5pct,special_pooled_term,special_split,2022-11-08,351,22,0.033821,0.004441,False
write_in_5pct,special_pooled_term,special_split,2024-11-05,371,22,0.014872,0.004441,False
generals_only,baseline,baseline_timing,2014-11-04,298,5,0.939813,0.754471,False
generals_only,baseline,baseline_timing,2016-11-08,331,5,0.875682,0.754471,False
generals_only,baseline,baseline_timing,2018-11-06,318,5,-0.208403,0.754471,True
generals_only,baseline,baseline_timing,2020-11-03,340,5,0.86674,0.754471,False
generals_only,baseline,baseline_timing,2022-11-08,319,5,1.096953,0.754471,False
generals_only,baseline,baseline_timing,2024-11-05,339,5,0.884502,0.754471,False
two_party_or_strongest,baseline,baseline_timing,2014-11-04,322,22,0.949498,0.770881,False
two_party_or_strongest,baseline,baseline_timing,2016-11-08,355,22,0.874663,0.770881,False
two_party_or_strongest,baseline,baseline_timing,2018-11-06,342,22,-0.071306,0.770881,True
two_party_or_strongest,baseline,baseline_timing,2020-11-03,364,22,0.868506,0.770881,False
two_party_or_strongest,baseline,baseline_timing,2022-11-08,343,22,1.077101,0.770881,False
two_party_or_strongest,baseline,baseline_timing,2024-11-05,363,22,0.888933,0.770881,False
generals_only,baseline_national_env,baseline_timing,2018-11-06,169,3,-0.06768,-0.076733,False
generals_only,baseline_national_env,baseline_timing,2020-11-03,191,3,-0.098554,-0.076733,False
generals_only,baseline_national_env,baseline_timing,2022-11-08,170,3,-0.003299,-0.076733,False
generals_only,baseline_national_env,baseline_timing,2024-11-05,190,3,-0.131977,-0.076733,False
two_party_or_strongest,baseline_national_env,baseline_timing,2018-11-06,182,13,0.962463,0.670708,False
two_party_or_strongest,baseline_national_env,baseline_timing,2020-11-03,204,13,0.791966,0.670708,False
two_party_or_strongest,baseline_national_env,baseline_timing,2022-11-08,183,13,0.96112,0.670708,False
two_party_or_strongest,baseline_national_env,baseline_timing,2024-11-05,203,13,0.8102,0.670708,False
generals_only,baseline_year,baseline_timing,2014-11-04,298,5,0.404964,0.138172,False
generals_only,baseline_year,baseline_timing,2016-11-08,331,5,-0.138204,0.138172,True
generals_only,baseline_year,baseline_timing,2018-11-06,318,5,-0.165,0.138172,True
generals_only,baseline_year,baseline_timing,2020-11-03,340,5,0.061494,0.138172,False
generals_only,baseline_year,baseline_timing,2022-11-08,319,5,0.250436,0.138172,False
generals_only,baseline_year,baseline_timing,2024-11-05,339,5,0.414918,0.138172,False
two_party_or_strongest,baseline_year,baseline_timing,2014-11-04,322,22,0.349478,0.107562,False
two_party_or_strongest,baseline_year,baseline_timing,2016-11-08,355,22,-0.134579,0.107562,True
two_party_or_strongest,baseline_year,baseline_timing,2018-11-06,342,22,-0.187816,0.107562,True
two_party_or_strongest,baseline_year,baseline_timing,2020-11-03,364,22,0.022022,0.107562,False
two_party_or_strongest,baseline_year,baseline_timing,2022-11-08,343,22,0.226311,0.107562,False
two_party_or_strongest,baseline_year,baseline_timing,2024-11-05,363,22,0.344089,0.107562,False
two_party_or_strongest,baseline_money_logratio_no_timing,baseline_timing_money,2014-11-04,312,20,0.516417,0.280295,False
two_party_or_strongest,baseline_money_logratio_no_timing,baseline_timing_money,2016-11-08,340,20,0.008058,0.280295,False
two_party_or_strongest,baseline_money_logratio_no_timing,baseline_timing_money,2018-11-06,329,20,-0.180875,0.280295,True
two_party_or_strongest,baseline_money_logratio_no_timing,baseline_timing_money,2020-11-03,349,20,0.184856,0.280295,False
two_party_or_strongest,baseline_money_logratio_no_timing,baseline_timing_money,2022-11-08,332,20,0.481725,0.280295,False
two_party_or_strongest,baseline_money_logratio_no_timing,baseline_timing_money,2024-11-05,350,20,0.723404,0.280295,False
generals_only,baseline_money_logratio_no_timing,baseline_timing_money,2014-11-04,290,5,0.450418,0.211199,False
generals_only,baseline_money_logratio_no_timing,baseline_timing_money,2016-11-08,318,5,-0.098197,0.211199,True
generals_only,baseline_money_logratio_no_timing,baseline_timing_money,2018-11-06,307,5,-0.312759,0.211199,True
generals_only,baseline_money_logratio_no_timing,baseline_timing_money,2020-11-03,327,5,0.100854,0.211199,False
generals_only,baseline_money_logratio_no_timing,baseline_timing_money,2022-11-08,310,5,0.42355,0.211199,False
generals_only,baseline_money_logratio_no_timing,baseline_timing_money,2024-11-05,328,5,0.693276,0.211199,False
two_party_or_strongest,baseline_money_logratio_no_timing_wide,baseline_timing_money_wide,2014-11-04,312,20,0.419159,0.163713,False
two_party_or_strongest,baseline_money_logratio_no_timing_wide,baseline_timing_money_wide,2016-11-08,340,20,-0.131569,0.163713,True
two_party_or_strongest,baseline_money_logratio_no_timing_wide,baseline_timing_money_wide,2018-11-06,329,20,-0.28937,0.163713,True
two_party_or_strongest,baseline_money_logratio_no_timing_wide,baseline_timing_money_wide,2020-11-03,349,20,0.078773,0.163713,False
two_party_or_strongest,baseline_money_logratio_no_timing_wide,baseline_timing_money_wide,2022-11-08,332,20,0.340837,0.163713,False
two_party_or_strongest,baseline_money_logratio_no_timing_wide,baseline_timing_money_wide,2024-11-05,350,20,0.574742,0.163713,False
generals_only,baseline_money_logratio_no_timing_wide,baseline_timing_money_wide,2014-11-04,290,5,0.434768,0.142412,False
generals_only,baseline_money_logratio_no_timing_wide,baseline_timing_money_wide,2016-11-08,318,5,-0.186861,0.142412,True
generals_only,baseline_money_logratio_no_timing_wide,baseline_timing_money_wide,2018-11-06,307,5,-0.378902,0.142412,True
generals_only,baseline_money_logratio_no_timing_wide,baseline_timing_money_wide,2020-11-03,327,5,0.045149,0.142412,False
generals_only,baseline_money_logratio_no_timing_wide,baseline_timing_money_wide,2022-11-08,310,5,0.325745,0.142412,False
generals_only,baseline_money_logratio_no_timing_wide,baseline_timing_money_wide,2024-11-05,328,5,0.599992,0.142412,False
current,baseline,baseline_tenure_cap4,2014-11-04,333,22,0.05771,0.065566,False
current,baseline,baseline_tenure_cap4,2016-11-08,365,22,0.026246,0.065566,False
current,baseline,baseline_tenure_cap4,2018-11-06,352,22,0.105912,0.065566,False
current,baseline,baseline_tenure_cap4,2020-11-03,374,22,0.077175,0.065566,False
current,baseline,baseline_tenure_cap4,2022-11-08,350,22,0.080569,0.065566,False
current,baseline,baseline_tenure_cap4,2024-11-05,370,22,0.051627,0.065566,False
current,baseline,baseline_tenure_cap2,2014-11-04,333,22,-0.01061,-0.006129,False
current,baseline,baseline_tenure_cap2,2016-11-08,365,22,0.005372,-0.006129,True
current,baseline,baseline_tenure_cap2,2018-11-06,352,22,0.001777,-0.006129,True
current,baseline,baseline_tenure_cap2,2020-11-03,374,22,-0.019731,-0.006129,False
current,baseline,baseline_tenure_cap2,2022-11-08,350,22,-0.004907,-0.006129,False
current,baseline,baseline_tenure_cap2,2024-11-05,370,22,0.000406,-0.006129,True
current,baseline,baseline_tenure_cap6,2014-11-04,333,22,0.133294,0.16444,False
current,baseline,baseline_tenure_cap6,2016-11-08,365,22,0.106785,0.16444,False
current,baseline,baseline_tenure_cap6,2018-11-06,352,22,0.185371,0.16444,False
current,baseline,baseline_tenure_cap6,2020-11-03,374,22,0.172075,0.16444,False
current,baseline,baseline_tenure_cap6,2022-11-08,350,22,0.205651,0.16444,False
current,baseline,baseline_tenure_cap6,2024-11-05,370,22,0.174551,0.16444,False
two_party,baseline,baseline_tenure_cap4,2014-11-04,269,21,-0.075991,-0.066611,False
two_party,baseline,baseline_tenure_cap4,2016-11-08,301,21,-0.15568,-0.066611,False
two_party,baseline,baseline_tenure_cap4,2018-11-06,286,21,0.079933,-0.066611,True
two_party,baseline,baseline_tenure_cap4,2020-11-03,304,21,-0.072739,-0.066611,False
two_party,baseline,baseline_tenure_cap4,2022-11-08,286,21,-0.056768,-0.066611,False
two_party,baseline,baseline_tenure_cap4,2024-11-05,306,21,-0.08377,-0.066611,False
two_party,baseline,baseline_tenure_cap2,2014-11-04,269,21,-0.040489,-0.054719,False
two_party,baseline,baseline_tenure_cap2,2016-11-08,301,21,-0.044461,-0.054719,False
two_party,baseline,baseline_tenure_cap2,2018-11-06,286,21,-0.054529,-0.054719,False
two_party,baseline,baseline_tenure_cap2,2020-11-03,304,21,-0.066778,-0.054719,False
two_party,baseline,baseline_tenure_cap2,2022-11-08,286,21,-0.055079,-0.054719,False
two_party,baseline,baseline_tenure_cap2,2024-11-05,306,21,-0.052633,-0.054719,False
two_party,baseline,baseline_tenure_cap6,2014-11-04,269,21,-0.07455,0.002019,True
two_party,baseline,baseline_tenure_cap6,2016-11-08,301,21,-0.111598,0.002019,True
two_party,baseline,baseline_tenure_cap6,2018-11-06,286,21,0.180407,0.002019,False
two_party,baseline,baseline_tenure_cap6,2020-11-03,304,21,0.013974,0.002019,False
two_party,baseline,baseline_tenure_cap6,2022-11-08,286,21,0.024786,0.002019,False
two_party,baseline,baseline_tenure_cap6,2024-11-05,306,21,0.005468,0.002019,False
two_party_or_strongest,baseline,baseline_tenure_cap4,2014-11-04,322,22,0.04217,0.056136,False
two_party_or_strongest,baseline,baseline_tenure_cap4,2016-11-08,355,22,0.002415,0.056136,False
two_party_or_strongest,baseline,baseline_tenure_cap4,2018-11-06,342,22,0.113706,0.056136,False
two_party_or_strongest,baseline,baseline_tenure_cap4,2020-11-03,364,22,0.061814,0.056136,False
two_party_or_strongest,baseline,baseline_tenure_cap4,2022-11-08,343,22,0.076558,0.056136,False
two_party_or_strongest,baseline,baseline_tenure_cap4,2024-11-05,363,22,0.047613,0.056136,False
two_party_or_strongest,baseline,baseline_tenure_cap2,2014-11-04,322,22,-0.010683,-0.014996,False
two_party_or_strongest,baseline,baseline_tenure_cap2,2016-11-08,355,22,-0.012452,-0.014996,False
two_party_or_strongest,baseline,baseline_tenure_cap2,2018-11-06,342,22,-0.008665,-0.014996,False
two_party_or_strongest,baseline,baseline_tenure_cap2,2020-11-03,364,22,-0.030786,-0.014996,False
two_party_or_strongest,baseline,baseline_tenure_cap2,2022-11-08,343,22,-0.015537,-0.014996,False
two_party_or_strongest,baseline,baseline_tenure_cap2,2024-11-05,363,22,0.000316,-0.014996,True
two_party_or_strongest,baseline,baseline_tenure_cap6,2014-11-04,322,22,0.118599,0.134963,False
two_party_or_strongest,baseline,baseline_tenure_cap6,2016-11-08,355,22,0.056748,0.134963,False
two_party_or_strongest,baseline,baseline_tenure_cap6,2018-11-06,342,22,0.172269,0.134963,False
two_party_or_strongest,baseline,baseline_tenure_cap6,2020-11-03,364,22,0.135225,0.134963,False
two_party_or_strongest,baseline,baseline_tenure_cap6,2022-11-08,343,22,0.168162,0.134963,False
two_party_or_strongest,baseline,baseline_tenure_cap6,2024-11-05,363,22,0.148644,0.134963,False
generals_only,baseline,baseline_tenure_cap4,2014-11-04,298,5,0.028301,0.05062,False
generals_only,baseline,baseline_tenure_cap4,2016-11-08,331,5,0.00361,0.05062,False
generals_only,baseline,baseline_tenure_cap4,2018-11-06,318,5,0.109724,0.05062,False
generals_only,baseline,baseline_tenure_cap4,2020-11-03,340,5,0.057453,0.05062,False
generals_only,baseline,baseline_tenure_cap4,2022-11-08,319,5,0.07135,0.05062,False
generals_only,baseline,baseline_tenure_cap4,2024-11-05,339,5,0.03832,0.05062,False
generals_only,baseline,baseline_tenure_cap2,2014-11-04,298,5,-0.041712,-0.029494,False
generals_only,baseline,baseline_tenure_cap2,2016-11-08,331,5,-0.016533,-0.029494,False
generals_only,baseline,baseline_tenure_cap2,2018-11-06,318,5,-0.025599,-0.029494,False
generals_only,baseline,baseline_tenure_cap2,2020-11-03,340,5,-0.041554,-0.029494,False
generals_only,baseline,baseline_tenure_cap2,2022-11-08,319,5,-0.036252,-0.029494,False
generals_only,baseline,baseline_tenure_cap2,2024-11-05,339,5,-0.015588,-0.029494,False
generals_only,baseline,baseline_tenure_cap6,2014-11-04,298,5,0.096355,0.133955,False
generals_only,baseline,baseline_tenure_cap6,2016-11-08,331,5,0.060849,0.133955,False
generals_only,baseline,baseline_tenure_cap6,2018-11-06,318,5,0.195341,0.133955,False
generals_only,baseline,baseline_tenure_cap6,2020-11-03,340,5,0.139907,0.133955,False
generals_only,baseline,baseline_tenure_cap6,2022-11-08,319,5,0.164622,0.133955,False
generals_only,baseline,baseline_tenure_cap6,2024-11-05,339,5,0.150466,0.133955,False
no_dem_excluded,baseline,baseline_tenure_cap4,2014-11-04,322,22,0.042726,0.052006,False
no_dem_excluded,baseline,baseline_tenure_cap4,2016-11-08,355,22,0.007052,0.052006,False
no_dem_excluded,baseline,baseline_tenure_cap4,2018-11-06,342,22,0.093918,0.052006,False
no_dem_excluded,baseline,baseline_tenure_cap4,2020-11-03,364,22,0.055502,0.052006,False
no_dem_excluded,baseline,baseline_tenure_cap4,2022-11-08,343,22,0.074041,0.052006,False
no_dem_excluded,baseline,baseline_tenure_cap4,2024-11-05,363,22,0.049856,0.052006,False
no_dem_excluded,baseline,baseline_tenure_cap2,2014-11-04,322,22,0.004684,-0.000745,True
no_dem_excluded,baseline,baseline_tenure_cap2,2016-11-08,355,22,-0.000898,-0.000745,False
no_dem_excluded,baseline,baseline_tenure_cap2,2018-11-06,342,22,-0.002353,-0.000745,False
no_dem_excluded,baseline,baseline_tenure_cap2,2020-11-03,364,22,-0.011165,-0.000745,False
no_dem_excluded,baseline,baseline_tenure_cap2,2022-11-08,343,22,-0.003373,-0.000745,False
no_dem_excluded,baseline,baseline_tenure_cap2,2024-11-05,363,22,0.016006,-0.000745,True
no_dem_excluded,baseline,baseline_tenure_cap6,2014-11-04,322,22,0.110563,0.138117,False
no_dem_excluded,baseline,baseline_tenure_cap6,2016-11-08,355,22,0.073183,0.138117,False
no_dem_excluded,baseline,baseline_tenure_cap6,2018-11-06,342,22,0.174003,0.138117,False
no_dem_excluded,baseline,baseline_tenure_cap6,2020-11-03,364,22,0.135545,0.138117,False
no_dem_excluded,baseline,baseline_tenure_cap6,2022-11-08,343,22,0.169097,0.138117,False
no_dem_excluded,baseline,baseline_tenure_cap6,2024-11-05,363,22,0.15995,0.138117,False
no_dem_train_only,baseline,baseline_tenure_cap4,2014-11-04,322,22,0.018471,0.028234,False
no_dem_train_only,baseline,baseline_tenure_cap4,2016-11-08,355,22,-0.009011,0.028234,True
no_dem_train_only,baseline,baseline_tenure_cap4,2018-11-06,342,22,0.067559,0.028234,False
no_dem_train_only,baseline,baseline_tenure_cap4,2020-11-03,364,22,0.033247,0.028234,False
no_dem_train_only,baseline,baseline_tenure_cap4,2022-11-08,343,22,0.045212,0.028234,False
no_dem_train_only,baseline,baseline_tenure_cap4,2024-11-05,363,22,0.022906,0.028234,False
no_dem_train_only,baseline,baseline_tenure_cap2,2014-11-04,322,22,-0.038204,-0.028634,False
no_dem_train_only,baseline,baseline_tenure_cap2,2016-11-08,355,22,-0.018031,-0.028634,False
no_dem_train_only,baseline,baseline_tenure_cap2,2018-11-06,342,22,-0.026272,-0.028634,False
no_dem_train_only,baseline,baseline_tenure_cap2,2020-11-03,364,22,-0.041847,-0.028634,False
no_dem_train_only,baseline,baseline_tenure_cap2,2022-11-08,343,22,-0.031797,-0.028634,False
no_dem_train_only,baseline,baseline_tenure_cap2,2024-11-05,363,22,-0.013648,-0.028634,False
no_dem_train_only,baseline,baseline_tenure_cap6,2014-11-04,322,22,0.055605,0.102905,False
no_dem_train_only,baseline,baseline_tenure_cap6,2016-11-08,355,22,0.046664,0.102905,False
no_dem_train_only,baseline,baseline_tenure_cap6,2018-11-06,342,22,0.134788,0.102905,False
no_dem_train_only,baseline,baseline_tenure_cap6,2020-11-03,364,22,0.111149,0.102905,False
no_dem_train_only,baseline,baseline_tenure_cap6,2022-11-08,343,22,0.135716,0.102905,False
no_dem_train_only,baseline,baseline_tenure_cap6,2024-11-05,363,22,0.122122,0.102905,False
write_in_5pct,baseline,baseline_tenure_cap4,2014-11-04,335,22,0.069894,0.055579,False
write_in_5pct,baseline,baseline_tenure_cap4,2016-11-08,367,22,0.019538,0.055579,False
write_in_5pct,baseline,baseline_tenure_cap4,2018-11-06,354,22,0.094708,0.055579,False
write_in_5pct,baseline,baseline_tenure_cap4,2020-11-03,376,22,0.061453,0.055579,False
write_in_5pct,baseline,baseline_tenure_cap4,2022-11-08,351,22,0.063285,0.055579,False
write_in_5pct,baseline,baseline_tenure_cap4,2024-11-05,371,22,0.039445,0.055579,False
write_in_5pct,baseline,baseline_tenure_cap2,2014-11-04,335,22,0.007367,-0.012063,True
write_in_5pct,baseline,baseline_tenure_cap2,2016-11-08,367,22,-0.003785,-0.012063,False
write_in_5pct,baseline,baseline_tenure_cap2,2018-11-06,354,22,-0.005219,-0.012063,False
write_in_5pct,baseline,baseline_tenure_cap2,2020-11-03,376,22,-0.028581,-0.012063,False
write_in_5pct,baseline,baseline_tenure_cap2,2022-11-08,351,22,-0.020756,-0.012063,False
write_in_5pct,baseline,baseline_tenure_cap2,2024-11-05,371,22,-0.013958,-0.012063,False
write_in_5pct,baseline,baseline_tenure_cap6,2014-11-04,335,22,0.100977,0.122239,False
write_in_5pct,baseline,baseline_tenure_cap6,2016-11-08,367,22,0.060363,0.122239,False
write_in_5pct,baseline,baseline_tenure_cap6,2018-11-06,354,22,0.150403,0.122239,False
write_in_5pct,baseline,baseline_tenure_cap6,2020-11-03,376,22,0.125924,0.122239,False
write_in_5pct,baseline,baseline_tenure_cap6,2022-11-08,351,22,0.151125,0.122239,False
write_in_5pct,baseline,baseline_tenure_cap6,2024-11-05,371,22,0.138707,0.122239,False
two_party_or_strongest,forecast_14d,forecast_tenure_replacement_14d,2014-11-04,322,22,-0.264012,-0.105787,False
two_party_or_strongest,forecast_14d,forecast_tenure_replacement_14d,2016-11-08,355,22,-0.110148,-0.105787,False
two_party_or_strongest,forecast_14d,forecast_tenure_replacement_14d,2018-11-06,342,22,-0.065001,-0.105787,False
two_party_or_strongest,forecast_14d,forecast_tenure_replacement_14d,2020-11-03,364,22,-0.043357,-0.105787,False
two_party_or_strongest,forecast_14d,forecast_tenure_replacement_14d,2022-11-08,343,22,-0.065634,-0.105787,False
two_party_or_strongest,forecast_14d,forecast_tenure_replacement_14d,2024-11-05,363,22,-0.124116,-0.105787,False
two_party_or_strongest,forecast_60d,forecast_tenure_replacement_60d,2014-11-04,322,22,-0.232265,-0.073593,False
two_party_or_strongest,forecast_60d,forecast_tenure_replacement_60d,2016-11-08,355,22,-0.073862,-0.073593,False
two_party_or_strongest,forecast_60d,forecast_tenure_replacement_60d,2018-11-06,342,22,-0.030457,-0.073593,False
two_party_or_strongest,forecast_60d,forecast_tenure_replacement_60d,2020-11-03,364,22,-0.005103,-0.073593,False
two_party_or_strongest,forecast_60d,forecast_tenure_replacement_60d,2022-11-08,343,22,-0.022591,-0.073593,False
two_party_or_strongest,forecast_60d,forecast_tenure_replacement_60d,2024-11-05,363,22,-0.108539,-0.073593,False
