definition,left_variant,right_variant,segment_type,segment_value,n_races,left_rmse,right_rmse,rmse_difference,ci_low,ci_high,interval_spans_zero,verdict,races_favouring_left,races_favouring_right,nesting,terms_added,terms_removed,bootstrap_resamples,bootstrap_seed
current,baseline,baseline_special,pooled,all,424,15.611261,15.63837,-0.02711,-0.134339,0.082231,True,undecided,240,184,nested,is_special,,10000,20260912
current,baseline,baseline_special,is_special,False,400,14.957476,15.097195,-0.139719,-0.212713,-0.069116,False,baseline lower,230,170,nested,is_special,,10000,20260912
current,baseline,baseline_special,is_special,True,24,24.016681,22.842521,1.17416,0.364009,1.793771,False,baseline_special lower,10,14,nested,is_special,,10000,20260912
current,baseline,baseline_special,office,State Representative,323,16.028504,16.061418,-0.032914,-0.139825,0.074201,True,undecided,182,141,nested,is_special,,10000,20260912
current,baseline,baseline_special,office,State Senate,101,14.194819,14.201112,-0.006293,-0.317872,0.305671,True,undecided,58,43,nested,is_special,,10000,20260912
current,baseline,baseline_special,pres_elec,False,261,16.842673,16.922035,-0.079362,-0.239329,0.081758,True,undecided,157,104,nested,is_special,,10000,20260912
current,baseline,baseline_special,pres_elec,True,163,13.405961,13.327893,0.078068,0.006418,0.150714,False,baseline_special lower,83,80,nested,is_special,,10000,20260912
current,baseline,baseline_special,no_dem_candidate,False,413,15.123194,15.153321,-0.030126,-0.143735,0.084435,True,undecided,234,179,nested,is_special,,10000,20260912
current,baseline,baseline_special,no_dem_candidate,True,11,28.406169,28.378142,0.028027,-0.205481,0.276501,True,undecided,6,5,nested,is_special,,10000,20260912
current,baseline,baseline_num_candidates,pooled,all,424,15.611261,15.584996,0.026265,-0.087192,0.130144,True,undecided,207,217,nested,num_candidates,,10000,20260912
current,baseline,baseline_num_candidates,is_special,False,400,14.957476,14.960334,-0.002857,-0.118133,0.102862,True,undecided,197,203,nested,num_candidates,,10000,20260912
current,baseline,baseline_num_candidates,is_special,True,24,24.016681,23.68334,0.333341,-0.206024,0.734803,True,undecided,10,14,nested,num_candidates,,10000,20260912
current,baseline,baseline_num_candidates,office,State Representative,323,16.028504,16.044378,-0.015874,-0.153171,0.106378,True,undecided,162,161,nested,num_candidates,,10000,20260912
current,baseline,baseline_num_candidates,office,State Senate,101,14.194819,14.015167,0.179652,-0.013731,0.360505,True,undecided,45,56,nested,num_candidates,,10000,20260912
current,baseline,baseline_num_candidates,pres_elec,False,261,16.842673,16.685102,0.15757,0.014873,0.27948,False,baseline_num_candidates lower,106,155,nested,num_candidates,,10000,20260912
current,baseline,baseline_num_candidates,pres_elec,True,163,13.405961,13.639929,-0.233968,-0.418694,-0.059522,False,baseline lower,101,62,nested,num_candidates,,10000,20260912
current,baseline,baseline_num_candidates,no_dem_candidate,False,413,15.123194,15.084665,0.038529,-0.081712,0.145412,True,undecided,200,213,nested,num_candidates,,10000,20260912
current,baseline,baseline_num_candidates,no_dem_candidate,True,11,28.406169,28.618628,-0.212458,-0.432394,-0.005745,False,baseline lower,7,4,nested,num_candidates,,10000,20260912
current,baseline,baseline_pres_incumbent,pooled,all,424,15.611261,15.566947,0.044314,-0.042147,0.133689,True,undecided,218,206,nested,"pres_elec_x_incumbent_dem,pres_elec_x_incumbent_gop",,10000,20260912
current,baseline,baseline_pres_incumbent,is_special,False,400,14.957476,14.913954,0.043523,-0.053009,0.1404,True,undecided,206,194,nested,"pres_elec_x_incumbent_dem,pres_elec_x_incumbent_gop",,10000,20260912
current,baseline,baseline_pres_incumbent,is_special,True,24,24.016681,23.959557,0.057124,-0.029834,0.155914,True,undecided,12,12,nested,"pres_elec_x_incumbent_dem,pres_elec_x_incumbent_gop",,10000,20260912
current,baseline,baseline_pres_incumbent,office,State Representative,323,16.028504,15.967755,0.060749,-0.041736,0.160522,True,undecided,168,155,nested,"pres_elec_x_incumbent_dem,pres_elec_x_incumbent_gop",,10000,20260912
current,baseline,baseline_pres_incumbent,office,State Senate,101,14.194819,14.209465,-0.014646,-0.170835,0.14651,True,undecided,50,51,nested,"pres_elec_x_incumbent_dem,pres_elec_x_incumbent_gop",,10000,20260912
current,baseline,baseline_pres_incumbent,pres_elec,False,261,16.842673,16.741674,0.100999,0.008109,0.197229,False,baseline_pres_incumbent lower,135,126,nested,"pres_elec_x_incumbent_dem,pres_elec_x_incumbent_gop",,10000,20260912
current,baseline,baseline_pres_incumbent,pres_elec,True,163,13.405961,13.474316,-0.068356,-0.247722,0.112608,True,undecided,83,80,nested,"pres_elec_x_incumbent_dem,pres_elec_x_incumbent_gop",,10000,20260912
current,baseline,baseline_pres_incumbent,no_dem_candidate,False,413,15.123194,15.064121,0.059073,-0.023707,0.143068,True,undecided,213,200,nested,"pres_elec_x_incumbent_dem,pres_elec_x_incumbent_gop",,10000,20260912
current,baseline,baseline_pres_incumbent,no_dem_candidate,True,11,28.406169,28.646266,-0.240096,-0.9949,0.57667,True,undecided,5,6,nested,"pres_elec_x_incumbent_dem,pres_elec_x_incumbent_gop",,10000,20260912
current,baseline,baseline_year,pooled,all,424,15.611261,14.861918,0.749343,0.359659,1.143946,False,baseline_year lower,188,236,non-nested,1|election_year,pres_elec,10000,20260912
current,baseline,baseline_year,is_special,False,400,14.957476,14.28843,0.669047,0.241373,1.082141,False,baseline_year lower,178,222,non-nested,1|election_year,pres_elec,10000,20260912
current,baseline,baseline_year,is_special,True,24,24.016681,22.349488,1.667193,0.592992,2.485101,False,baseline_year lower,10,14,non-nested,1|election_year,pres_elec,10000,20260912
current,baseline,baseline_year,office,State Representative,323,16.028504,15.229512,0.798992,0.341434,1.231609,False,baseline_year lower,147,176,non-nested,1|election_year,pres_elec,10000,20260912
current,baseline,baseline_year,office,State Senate,101,14.194819,13.619909,0.574911,-0.20991,1.345393,True,undecided,41,60,non-nested,1|election_year,pres_elec,10000,20260912
current,baseline,baseline_year,pres_elec,False,261,16.842673,15.543908,1.298765,0.846422,1.717945,False,baseline_year lower,113,148,non-nested,1|election_year,pres_elec,10000,20260912
current,baseline,baseline_year,pres_elec,True,163,13.405961,13.699373,-0.293412,-0.979674,0.430409,True,undecided,75,88,non-nested,1|election_year,pres_elec,10000,20260912
current,baseline,baseline_year,no_dem_candidate,False,413,15.123194,14.321104,0.80209,0.406704,1.196518,False,baseline_year lower,183,230,non-nested,1|election_year,pres_elec,10000,20260912
current,baseline,baseline_year,no_dem_candidate,True,11,28.406169,28.520883,-0.114713,-2.103351,2.149199,True,undecided,5,6,non-nested,1|election_year,pres_elec,10000,20260912
current,baseline,baseline_year_pres,pooled,all,264,15.828143,15.238426,0.589717,0.363167,0.804753,False,baseline_year_pres lower,102,162,nested,1|election_year,,10000,20260912
current,baseline,baseline_year_pres,is_special,False,250,15.105414,14.534626,0.570788,0.324364,0.808944,False,baseline_year_pres lower,97,153,nested,1|election_year,,10000,20260912
current,baseline,baseline_year_pres,is_special,True,14,25.490294,24.62505,0.865244,0.260397,1.510716,False,baseline_year_pres lower,5,9,nested,1|election_year,,10000,20260912
current,baseline,baseline_year_pres,office,State Representative,201,15.899352,15.263998,0.635354,0.381441,0.876253,False,baseline_year_pres lower,81,120,nested,1|election_year,,10000,20260912
current,baseline,baseline_year_pres,office,State Senate,63,15.59878,15.156549,0.442231,-0.026006,0.948628,True,undecided,21,42,nested,1|election_year,,10000,20260912
current,baseline,baseline_year_pres,pres_elec,False,160,17.378384,16.721374,0.65701,0.370607,0.933908,False,baseline_year_pres lower,64,96,nested,1|election_year,,10000,20260912
current,baseline,baseline_year_pres,pres_elec,True,104,13.089423,12.621198,0.468226,0.105739,0.820185,False,baseline_year_pres lower,38,66,nested,1|election_year,,10000,20260912
current,baseline,baseline_year_pres,no_dem_candidate,False,254,15.074459,14.415153,0.659306,0.442632,0.864589,False,baseline_year_pres lower,97,157,nested,1|election_year,,10000,20260912
current,baseline,baseline_year_pres,no_dem_candidate,True,10,29.019248,29.194169,-0.174921,-1.486399,1.276069,True,undecided,5,5,nested,1|election_year,,10000,20260912
current,baseline,baseline_national_env,pooled,all,424,15.611261,14.891649,0.719612,0.128637,1.302509,False,baseline_national_env lower,228,196,nested,national_env,,10000,20260912
current,baseline,baseline_national_env,is_special,False,400,14.957476,14.371881,0.585596,-0.024809,1.196836,True,undecided,217,183,nested,national_env,,10000,20260912
current,baseline,baseline_national_env,is_special,True,24,24.016681,21.800586,2.216096,0.291387,3.922919,False,baseline_national_env lower,11,13,nested,national_env,,10000,20260912
current,baseline,baseline_national_env,office,State Representative,323,16.028504,15.463999,0.564505,-0.132603,1.270966,True,undecided,174,149,nested,national_env,,10000,20260912
current,baseline,baseline_national_env,office,State Senate,101,14.194819,12.891806,1.303013,0.401814,2.165224,False,baseline_national_env lower,54,47,nested,national_env,,10000,20260912
current,baseline,baseline_national_env,pres_elec,False,261,16.842673,15.693127,1.149546,0.263592,2.018734,False,baseline_national_env lower,133,128,nested,national_env,,10000,20260912
current,baseline,baseline_national_env,pres_elec,True,163,13.405961,13.509638,-0.103677,-0.221468,0.013261,True,undecided,95,68,nested,national_env,,10000,20260912
current,baseline,baseline_national_env,no_dem_candidate,False,413,15.123194,14.304309,0.818886,0.231123,1.404291,False,baseline_national_env lower,224,189,nested,national_env,,10000,20260912
current,baseline,baseline_national_env,no_dem_candidate,True,11,28.406169,29.4209,-1.01473,-4.536149,2.490429,True,undecided,4,7,nested,national_env,,10000,20260912
two_party,baseline,baseline_special,pooled,all,346,12.733888,12.8303,-0.096412,-0.163626,-0.027505,False,baseline lower,196,150,nested,is_special,,10000,20260912
two_party,baseline,baseline_special,is_special,False,324,12.026748,12.118657,-0.091909,-0.137049,-0.046149,False,baseline lower,183,141,nested,is_special,,10000,20260912
two_party,baseline,baseline_special,is_special,True,22,20.494276,20.642089,-0.147813,-0.681959,0.37775,True,undecided,13,9,nested,is_special,,10000,20260912
two_party,baseline,baseline_special,office,State Representative,256,13.108911,13.184068,-0.075157,-0.151449,0.006909,True,undecided,147,109,nested,is_special,,10000,20260912
two_party,baseline,baseline_special,office,State Senate,90,11.60106,11.766011,-0.164951,-0.287566,-0.038084,False,baseline lower,49,41,nested,is_special,,10000,20260912
two_party,baseline,baseline_special,pres_elec,False,219,13.645003,13.790908,-0.145905,-0.23963,-0.043935,False,baseline lower,128,91,nested,is_special,,10000,20260912
two_party,baseline,baseline_special,pres_elec,True,127,10.98668,10.978119,0.008561,-0.023744,0.04164,True,undecided,68,59,nested,is_special,,10000,20260912
two_party,baseline,baseline_special,no_dem_candidate,False,346,12.733888,12.8303,-0.096412,-0.162351,-0.029295,False,baseline lower,196,150,nested,is_special,,10000,20260912
two_party,baseline,baseline_num_candidates,pooled,all,346,12.733888,12.798123,-0.064235,-0.107093,-0.022966,False,baseline lower,195,151,nested,num_candidates,,10000,20260912
two_party,baseline,baseline_num_candidates,is_special,False,324,12.026748,12.087914,-0.061166,-0.098576,-0.026177,False,baseline lower,182,142,nested,num_candidates,,10000,20260912
two_party,baseline,baseline_num_candidates,is_special,True,22,20.494276,20.593352,-0.099076,-0.394637,0.139223,True,undecided,13,9,nested,num_candidates,,10000,20260912
two_party,baseline,baseline_num_candidates,office,State Representative,256,13.108911,13.182791,-0.07388,-0.127346,-0.024514,False,baseline lower,145,111,nested,num_candidates,,10000,20260912
two_party,baseline,baseline_num_candidates,office,State Senate,90,11.60106,11.634626,-0.033565,-0.097811,0.022845,True,undecided,50,40,nested,num_candidates,,10000,20260912
two_party,baseline,baseline_num_candidates,pres_elec,False,219,13.645003,13.727877,-0.082874,-0.14402,-0.027378,False,baseline lower,135,84,nested,num_candidates,,10000,20260912
two_party,baseline,baseline_num_candidates,pres_elec,True,127,10.98668,11.01197,-0.02529,-0.070145,0.019425,True,undecided,60,67,nested,num_candidates,,10000,20260912
two_party,baseline,baseline_num_candidates,no_dem_candidate,False,346,12.733888,12.798123,-0.064235,-0.10731,-0.023772,False,baseline lower,195,151,nested,num_candidates,,10000,20260912
two_party,baseline,baseline_pres_incumbent,pooled,all,346,12.733888,12.744128,-0.01024,-0.196396,0.17354,True,undecided,202,144,nested,"pres_elec_x_incumbent_dem,pres_elec_x_incumbent_gop",,10000,20260912
two_party,baseline,baseline_pres_incumbent,is_special,False,324,12.026748,12.013164,0.013584,-0.194768,0.223888,True,undecided,187,137,nested,"pres_elec_x_incumbent_dem,pres_elec_x_incumbent_gop",,10000,20260912
two_party,baseline,baseline_pres_incumbent,is_special,True,22,20.494276,20.71057,-0.216294,-0.405503,-0.075014,False,baseline lower,15,7,nested,"pres_elec_x_incumbent_dem,pres_elec_x_incumbent_gop",,10000,20260912
two_party,baseline,baseline_pres_incumbent,office,State Representative,256,13.108911,13.110629,-0.001718,-0.234708,0.233257,True,undecided,145,111,nested,"pres_elec_x_incumbent_dem,pres_elec_x_incumbent_gop",,10000,20260912
two_party,baseline,baseline_pres_incumbent,office,State Senate,90,11.60106,11.638706,-0.037646,-0.296999,0.219923,True,undecided,57,33,nested,"pres_elec_x_incumbent_dem,pres_elec_x_incumbent_gop",,10000,20260912
two_party,baseline,baseline_pres_incumbent,pres_elec,False,219,13.645003,13.434936,0.210066,-0.023989,0.447946,True,undecided,124,95,nested,"pres_elec_x_incumbent_dem,pres_elec_x_incumbent_gop",,10000,20260912
two_party,baseline,baseline_pres_incumbent,pres_elec,True,127,10.98668,11.455452,-0.468771,-0.76366,-0.184782,False,baseline lower,78,49,nested,"pres_elec_x_incumbent_dem,pres_elec_x_incumbent_gop",,10000,20260912
two_party,baseline,baseline_pres_incumbent,no_dem_candidate,False,346,12.733888,12.744128,-0.01024,-0.194811,0.177263,True,undecided,202,144,nested,"pres_elec_x_incumbent_dem,pres_elec_x_incumbent_gop",,10000,20260912
two_party,baseline,baseline_year,pooled,all,346,12.733888,11.937479,0.796409,0.306462,1.289714,False,baseline_year lower,146,200,non-nested,1|election_year,pres_elec,10000,20260912
two_party,baseline,baseline_year,is_special,False,324,12.026748,11.308629,0.718119,0.185178,1.251635,False,baseline_year lower,138,186,non-nested,1|election_year,pres_elec,10000,20260912
two_party,baseline,baseline_year,is_special,True,22,20.494276,18.915374,1.578902,0.202863,2.676104,False,baseline_year lower,8,14,non-nested,1|election_year,pres_elec,10000,20260912
two_party,baseline,baseline_year,office,State Representative,256,13.108911,12.379845,0.729066,0.145554,1.286385,False,baseline_year lower,113,143,non-nested,1|election_year,pres_elec,10000,20260912
two_party,baseline,baseline_year,office,State Senate,90,11.60106,10.578529,1.022531,0.060827,1.987694,False,baseline_year lower,33,57,non-nested,1|election_year,pres_elec,10000,20260912
two_party,baseline,baseline_year,pres_elec,False,219,13.645003,12.251075,1.393928,0.899106,1.849142,False,baseline_year lower,92,127,non-nested,1|election_year,pres_elec,10000,20260912
two_party,baseline,baseline_year,pres_elec,True,127,10.98668,11.376424,-0.389744,-1.384089,0.667007,True,undecided,54,73,non-nested,1|election_year,pres_elec,10000,20260912
two_party,baseline,baseline_year,no_dem_candidate,False,346,12.733888,11.937479,0.796409,0.305172,1.292023,False,baseline_year lower,146,200,non-nested,1|election_year,pres_elec,10000,20260912
two_party,baseline,baseline_year_pres,pooled,all,215,12.902846,12.262073,0.640773,0.40553,0.868581,False,baseline_year_pres lower,76,139,nested,1|election_year,,10000,20260912
two_party,baseline,baseline_year_pres,is_special,False,202,12.024936,11.422926,0.60201,0.347102,0.856811,False,baseline_year_pres lower,73,129,nested,1|election_year,,10000,20260912
two_party,baseline,baseline_year_pres,is_special,True,13,22.506278,21.428684,1.077593,0.32616,1.664088,False,baseline_year_pres lower,3,10,nested,1|election_year,,10000,20260912
two_party,baseline,baseline_year_pres,office,State Representative,160,13.135214,12.499728,0.635486,0.390896,0.876616,False,baseline_year_pres lower,61,99,nested,1|election_year,,10000,20260912
two_party,baseline,baseline_year_pres,office,State Senate,55,12.201733,11.542927,0.658807,0.06035,1.248021,False,baseline_year_pres lower,15,40,nested,1|election_year,,10000,20260912
two_party,baseline,baseline_year_pres,pres_elec,False,133,14.141341,13.725478,0.415864,0.1401,0.662286,False,baseline_year_pres lower,46,87,nested,1|election_year,,10000,20260912
two_party,baseline,baseline_year_pres,pres_elec,True,82,10.590452,9.416749,1.173703,0.700641,1.644556,False,baseline_year_pres lower,30,52,nested,1|election_year,,10000,20260912
two_party,baseline,baseline_year_pres,no_dem_candidate,False,215,12.902846,12.262073,0.640773,0.406162,0.864701,False,baseline_year_pres lower,76,139,nested,1|election_year,,10000,20260912
two_party,baseline,baseline_national_env,pooled,all,346,12.733888,11.941624,0.792264,0.416969,1.173935,False,baseline_national_env lower,180,166,nested,national_env,,10000,20260912
two_party,baseline,baseline_national_env,is_special,False,324,12.026748,11.354277,0.672471,0.323701,1.028109,False,baseline_national_env lower,171,153,nested,national_env,,10000,20260912
two_party,baseline,baseline_national_env,is_special,True,22,20.494276,18.550268,1.944008,-0.163854,4.034362,True,undecided,9,13,nested,national_env,,10000,20260912
two_party,baseline,baseline_national_env,office,State Representative,256,13.108911,12.35721,0.751701,0.301342,1.204038,False,baseline_national_env lower,137,119,nested,national_env,,10000,20260912
two_party,baseline,baseline_national_env,office,State Senate,90,11.60106,10.671384,0.929676,0.234363,1.603807,False,baseline_national_env lower,43,47,nested,national_env,,10000,20260912
two_party,baseline,baseline_national_env,pres_elec,False,219,13.645003,12.346232,1.298771,0.745067,1.846284,False,baseline_national_env lower,107,112,nested,national_env,,10000,20260912
two_party,baseline,baseline_national_env,pres_elec,True,127,10.98668,11.209663,-0.222982,-0.341413,-0.110043,False,baseline lower,73,54,nested,national_env,,10000,20260912
two_party,baseline,baseline_national_env,no_dem_candidate,False,346,12.733888,11.941624,0.792264,0.413819,1.180416,False,baseline_national_env lower,180,166,nested,national_env,,10000,20260912
two_party_or_strongest,baseline,baseline_special,pooled,all,413,15.012283,15.029246,-0.016963,-0.115915,0.086166,True,undecided,217,196,nested,is_special,,10000,20260912
two_party_or_strongest,baseline,baseline_special,is_special,False,389,14.192825,14.307217,-0.114392,-0.179744,-0.050659,False,baseline lower,208,181,nested,is_special,,10000,20260912
two_party_or_strongest,baseline,baseline_special,is_special,True,24,24.764329,23.857902,0.906427,0.152042,1.548699,False,baseline_special lower,9,15,nested,is_special,,10000,20260912
two_party_or_strongest,baseline,baseline_special,office,State Representative,313,15.407631,15.429893,-0.022263,-0.115274,0.070653,True,undecided,162,151,nested,is_special,,10000,20260912
two_party_or_strongest,baseline,baseline_special,office,State Senate,100,13.701308,13.699695,0.001613,-0.316499,0.310048,True,undecided,55,45,nested,is_special,,10000,20260912
two_party_or_strongest,baseline,baseline_special,pres_elec,False,256,15.955229,16.014955,-0.059726,-0.204402,0.095028,True,undecided,134,122,nested,is_special,,10000,20260912
two_party_or_strongest,baseline,baseline_special,pres_elec,True,157,13.33247,13.265813,0.066657,0.004101,0.129838,False,baseline_special lower,83,74,nested,is_special,,10000,20260912
two_party_or_strongest,baseline,baseline_special,no_dem_candidate,False,413,15.012283,15.029246,-0.016963,-0.116658,0.086083,True,undecided,217,196,nested,is_special,,10000,20260912
two_party_or_strongest,baseline,baseline_num_candidates,pooled,all,413,15.012283,15.045692,-0.033409,-0.1074,0.034981,True,undecided,208,205,nested,num_candidates,,10000,20260912
two_party_or_strongest,baseline,baseline_num_candidates,is_special,False,389,14.192825,14.231951,-0.039125,-0.112012,0.029739,True,undecided,196,193,nested,num_candidates,,10000,20260912
two_party_or_strongest,baseline,baseline_num_candidates,is_special,True,24,24.764329,24.749285,0.015044,-0.354455,0.315815,True,undecided,12,12,nested,num_candidates,,10000,20260912
two_party_or_strongest,baseline,baseline_num_candidates,office,State Representative,313,15.407631,15.483316,-0.075685,-0.162995,0.004981,True,undecided,164,149,nested,num_candidates,,10000,20260912
two_party_or_strongest,baseline,baseline_num_candidates,office,State Senate,100,13.701308,13.585115,0.116193,-0.000528,0.223152,True,undecided,44,56,nested,num_candidates,,10000,20260912
two_party_or_strongest,baseline,baseline_num_candidates,pres_elec,False,256,15.955229,15.928568,0.026661,-0.068015,0.109549,True,undecided,119,137,nested,num_candidates,,10000,20260912
two_party_or_strongest,baseline,baseline_num_candidates,pres_elec,True,157,13.33247,13.482674,-0.150204,-0.270722,-0.039246,False,baseline lower,89,68,nested,num_candidates,,10000,20260912
two_party_or_strongest,baseline,baseline_num_candidates,no_dem_candidate,False,413,15.012283,15.045692,-0.033409,-0.107333,0.034814,True,undecided,208,205,nested,num_candidates,,10000,20260912
two_party_or_strongest,baseline,baseline_pres_incumbent,pooled,all,413,15.012283,14.971668,0.040615,-0.072758,0.151534,True,undecided,215,198,nested,"pres_elec_x_incumbent_dem,pres_elec_x_incumbent_gop",,10000,20260912
two_party_or_strongest,baseline,baseline_pres_incumbent,is_special,False,389,14.192825,14.146107,0.046718,-0.076774,0.175886,True,undecided,204,185,nested,"pres_elec_x_incumbent_dem,pres_elec_x_incumbent_gop",,10000,20260912
two_party_or_strongest,baseline,baseline_pres_incumbent,is_special,True,24,24.764329,24.77448,-0.010151,-0.100899,0.072234,True,undecided,11,13,nested,"pres_elec_x_incumbent_dem,pres_elec_x_incumbent_gop",,10000,20260912
two_party_or_strongest,baseline,baseline_pres_incumbent,office,State Representative,313,15.407631,15.372112,0.035519,-0.103044,0.178009,True,undecided,162,151,nested,"pres_elec_x_incumbent_dem,pres_elec_x_incumbent_gop",,10000,20260912
two_party_or_strongest,baseline,baseline_pres_incumbent,office,State Senate,100,13.701308,13.642516,0.058792,-0.095582,0.216821,True,undecided,53,47,nested,"pres_elec_x_incumbent_dem,pres_elec_x_incumbent_gop",,10000,20260912
two_party_or_strongest,baseline,baseline_pres_incumbent,pres_elec,False,256,15.955229,15.838852,0.116377,-0.026645,0.261053,True,undecided,135,121,nested,"pres_elec_x_incumbent_dem,pres_elec_x_incumbent_gop",,10000,20260912
two_party_or_strongest,baseline,baseline_pres_incumbent,pres_elec,True,157,13.33247,13.438175,-0.105705,-0.293218,0.083998,True,undecided,80,77,nested,"pres_elec_x_incumbent_dem,pres_elec_x_incumbent_gop",,10000,20260912
two_party_or_strongest,baseline,baseline_pres_incumbent,no_dem_candidate,False,413,15.012283,14.971668,0.040615,-0.073683,0.1536,True,undecided,215,198,nested,"pres_elec_x_incumbent_dem,pres_elec_x_incumbent_gop",,10000,20260912
two_party_or_strongest,baseline,baseline_year,pooled,all,413,15.012283,14.208682,0.803601,0.409671,1.17864,False,baseline_year lower,180,233,non-nested,1|election_year,pres_elec,10000,20260912
two_party_or_strongest,baseline,baseline_year,is_special,False,389,14.192825,13.453409,0.739417,0.315483,1.152355,False,baseline_year lower,171,218,non-nested,1|election_year,pres_elec,10000,20260912
two_party_or_strongest,baseline,baseline_year,is_special,True,24,24.764329,23.249049,1.51528,0.389054,2.392806,False,baseline_year lower,9,15,non-nested,1|election_year,pres_elec,10000,20260912
two_party_or_strongest,baseline,baseline_year,office,State Representative,313,15.407631,14.555949,0.851681,0.394338,1.276334,False,baseline_year lower,141,172,non-nested,1|election_year,pres_elec,10000,20260912
two_party_or_strongest,baseline,baseline_year,office,State Senate,100,13.701308,13.062199,0.639109,-0.155654,1.406945,True,undecided,39,61,non-nested,1|election_year,pres_elec,10000,20260912
two_party_or_strongest,baseline,baseline_year,pres_elec,False,256,15.955229,14.552321,1.402908,0.985567,1.786127,False,baseline_year lower,110,146,non-nested,1|election_year,pres_elec,10000,20260912
two_party_or_strongest,baseline,baseline_year,pres_elec,True,157,13.33247,13.629786,-0.297316,-0.997459,0.428201,True,undecided,70,87,non-nested,1|election_year,pres_elec,10000,20260912
two_party_or_strongest,baseline,baseline_year,no_dem_candidate,False,413,15.012283,14.208682,0.803601,0.416926,1.181842,False,baseline_year lower,180,233,non-nested,1|election_year,pres_elec,10000,20260912
two_party_or_strongest,baseline,baseline_year_pres,pooled,all,254,15.12012,14.490497,0.629623,0.405132,0.838615,False,baseline_year_pres lower,95,159,nested,1|election_year,,10000,20260912
two_party_or_strongest,baseline,baseline_year_pres,is_special,False,240,14.228564,13.613833,0.614731,0.373375,0.843841,False,baseline_year_pres lower,91,149,nested,1|election_year,,10000,20260912
two_party_or_strongest,baseline,baseline_year_pres,is_special,True,14,26.022642,25.146394,0.876248,0.265624,1.509365,False,baseline_year_pres lower,4,10,nested,1|election_year,,10000,20260912
two_party_or_strongest,baseline,baseline_year_pres,office,State Representative,192,15.21011,14.544118,0.665993,0.422159,0.897579,False,baseline_year_pres lower,76,116,nested,1|election_year,,10000,20260912
two_party_or_strongest,baseline,baseline_year_pres,office,State Senate,62,14.837979,14.323174,0.514805,0.040147,1.029076,False,baseline_year_pres lower,19,43,nested,1|election_year,,10000,20260912
two_party_or_strongest,baseline,baseline_year_pres,pres_elec,False,155,16.497668,15.797639,0.700029,0.405674,0.985312,False,baseline_year_pres lower,60,95,nested,1|election_year,,10000,20260912
two_party_or_strongest,baseline,baseline_year_pres,pres_elec,True,99,12.665932,12.165064,0.500867,0.211647,0.78654,False,baseline_year_pres lower,35,64,nested,1|election_year,,10000,20260912
two_party_or_strongest,baseline,baseline_year_pres,no_dem_candidate,False,254,15.12012,14.490497,0.629623,0.403413,0.843138,False,baseline_year_pres lower,95,159,nested,1|election_year,,10000,20260912
two_party_or_strongest,baseline,baseline_national_env,pooled,all,413,15.012283,14.237315,0.774968,0.201274,1.36343,False,baseline_national_env lower,220,193,nested,national_env,,10000,20260912
two_party_or_strongest,baseline,baseline_national_env,is_special,False,389,14.192825,13.545036,0.647789,0.039778,1.26701,False,baseline_national_env lower,207,182,nested,national_env,,10000,20260912
two_party_or_strongest,baseline,baseline_national_env,is_special,True,24,24.764329,22.68123,2.0831,-0.051019,4.129904,True,undecided,13,11,nested,national_env,,10000,20260912
two_party_or_strongest,baseline,baseline_national_env,office,State Representative,313,15.407631,14.748269,0.659362,-0.021808,1.352894,True,undecided,167,146,nested,national_env,,10000,20260912
two_party_or_strongest,baseline,baseline_national_env,office,State Senate,100,13.701308,12.503794,1.197514,0.217437,2.110783,False,baseline_national_env lower,53,47,nested,national_env,,10000,20260912
two_party_or_strongest,baseline,baseline_national_env,pres_elec,False,256,15.955229,14.678928,1.276301,0.383185,2.144603,False,baseline_national_env lower,132,124,nested,national_env,,10000,20260912
two_party_or_strongest,baseline,baseline_national_env,pres_elec,True,157,13.33247,13.486255,-0.153785,-0.269002,-0.03963,False,baseline lower,88,69,nested,national_env,,10000,20260912
two_party_or_strongest,baseline,baseline_national_env,no_dem_candidate,False,413,15.012283,14.237315,0.774968,0.183002,1.361527,False,baseline_national_env lower,220,193,nested,national_env,,10000,20260912
write_in_5pct,baseline,baseline_special,pooled,all,426,16.184398,16.21878,-0.034381,-0.14283,0.077092,True,undecided,221,205,nested,is_special,,10000,20260912
write_in_5pct,baseline,baseline_special,is_special,False,402,15.593617,15.734298,-0.140681,-0.21548,-0.068451,False,baseline lower,211,191,nested,is_special,,10000,20260912
write_in_5pct,baseline,baseline_special,is_special,True,24,24.008265,22.854983,1.153282,0.290951,1.846727,False,baseline_special lower,10,14,nested,is_special,,10000,20260912
write_in_5pct,baseline,baseline_special,office,State Representative,325,16.742498,16.784495,-0.041998,-0.149796,0.062639,True,undecided,161,164,nested,is_special,,10000,20260912
write_in_5pct,baseline,baseline_special,office,State Senate,101,14.240876,14.246775,-0.005899,-0.335657,0.329091,True,undecided,60,41,nested,is_special,,10000,20260912
write_in_5pct,baseline,baseline_special,pres_elec,False,262,16.952604,17.050484,-0.09788,-0.265687,0.07337,True,undecided,146,116,nested,is_special,,10000,20260912
write_in_5pct,baseline,baseline_special,pres_elec,True,164,14.875053,14.793378,0.081675,0.018801,0.139979,False,baseline_special lower,75,89,nested,is_special,,10000,20260912
write_in_5pct,baseline,baseline_special,no_dem_candidate,False,415,15.7168,15.757094,-0.040294,-0.156191,0.077954,True,undecided,216,199,nested,is_special,,10000,20260912
write_in_5pct,baseline,baseline_special,no_dem_candidate,True,11,28.717782,28.635812,0.08197,-0.098216,0.268752,True,undecided,5,6,nested,is_special,,10000,20260912
write_in_5pct,baseline,baseline_num_candidates,pooled,all,426,16.184398,16.189023,-0.004625,-0.174656,0.151639,True,undecided,199,227,nested,num_candidates,,10000,20260912
write_in_5pct,baseline,baseline_num_candidates,is_special,False,402,15.593617,15.632162,-0.038545,-0.213587,0.122305,True,undecided,189,213,nested,num_candidates,,10000,20260912
write_in_5pct,baseline,baseline_num_candidates,is_special,True,24,24.008265,23.64094,0.367325,-0.215829,0.771566,True,undecided,10,14,nested,num_candidates,,10000,20260912
write_in_5pct,baseline,baseline_num_candidates,office,State Representative,325,16.742498,16.806013,-0.063515,-0.270427,0.124034,True,undecided,153,172,nested,num_candidates,,10000,20260912
write_in_5pct,baseline,baseline_num_candidates,office,State Senate,101,14.240876,14.020603,0.220273,0.016606,0.401446,False,baseline_num_candidates lower,46,55,nested,num_candidates,,10000,20260912
write_in_5pct,baseline,baseline_num_candidates,pres_elec,False,262,16.952604,16.73224,0.220363,0.071468,0.357285,False,baseline_num_candidates lower,101,161,nested,num_candidates,,10000,20260912
write_in_5pct,baseline,baseline_num_candidates,pres_elec,True,164,14.875053,15.281186,-0.406133,-0.715414,-0.102299,False,baseline lower,98,66,nested,num_candidates,,10000,20260912
write_in_5pct,baseline,baseline_num_candidates,no_dem_candidate,False,415,15.7168,15.722526,-0.005726,-0.188656,0.154796,True,undecided,191,224,nested,num_candidates,,10000,20260912
write_in_5pct,baseline,baseline_num_candidates,no_dem_candidate,True,11,28.717782,28.700478,0.017305,-0.26338,0.282913,True,undecided,8,3,nested,num_candidates,,10000,20260912
write_in_5pct,baseline,baseline_pres_incumbent,pooled,all,426,16.184398,16.120302,0.064097,-0.025335,0.156257,True,undecided,216,210,nested,"pres_elec_x_incumbent_dem,pres_elec_x_incumbent_gop",,10000,20260912
write_in_5pct,baseline,baseline_pres_incumbent,is_special,False,402,15.593617,15.530226,0.063391,-0.037174,0.163422,True,undecided,204,198,nested,"pres_elec_x_incumbent_dem,pres_elec_x_incumbent_gop",,10000,20260912
write_in_5pct,baseline,baseline_pres_incumbent,is_special,True,24,24.008265,23.930949,0.077317,-0.048848,0.203546,True,undecided,12,12,nested,"pres_elec_x_incumbent_dem,pres_elec_x_incumbent_gop",,10000,20260912
write_in_5pct,baseline,baseline_pres_incumbent,office,State Representative,325,16.742498,16.666855,0.075643,-0.036579,0.183786,True,undecided,169,156,nested,"pres_elec_x_incumbent_dem,pres_elec_x_incumbent_gop",,10000,20260912
write_in_5pct,baseline,baseline_pres_incumbent,office,State Senate,101,14.240876,14.219739,0.021137,-0.126318,0.176164,True,undecided,47,54,nested,"pres_elec_x_incumbent_dem,pres_elec_x_incumbent_gop",,10000,20260912
write_in_5pct,baseline,baseline_pres_incumbent,pres_elec,False,262,16.952604,16.87139,0.081214,-0.012442,0.179325,True,undecided,131,131,nested,"pres_elec_x_incumbent_dem,pres_elec_x_incumbent_gop",,10000,20260912
write_in_5pct,baseline,baseline_pres_incumbent,pres_elec,True,164,14.875053,14.841735,0.033318,-0.164819,0.212982,True,undecided,85,79,nested,"pres_elec_x_incumbent_dem,pres_elec_x_incumbent_gop",,10000,20260912
write_in_5pct,baseline,baseline_pres_incumbent,no_dem_candidate,False,415,15.7168,15.64193,0.074869,-0.013043,0.162658,True,undecided,211,204,nested,"pres_elec_x_incumbent_dem,pres_elec_x_incumbent_gop",,10000,20260912
write_in_5pct,baseline,baseline_pres_incumbent,no_dem_candidate,True,11,28.717782,28.86343,-0.145647,-0.954823,0.697614,True,undecided,5,6,nested,"pres_elec_x_incumbent_dem,pres_elec_x_incumbent_gop",,10000,20260912
write_in_5pct,baseline,baseline_year,pooled,all,426,16.184398,15.375425,0.808974,0.432239,1.176426,False,baseline_year lower,188,238,non-nested,1|election_year,pres_elec,10000,20260912
write_in_5pct,baseline,baseline_year,is_special,False,402,15.593617,14.856705,0.736913,0.333482,1.132095,False,baseline_year lower,178,224,non-nested,1|election_year,pres_elec,10000,20260912
write_in_5pct,baseline,baseline_year,is_special,True,24,24.008265,22.340044,1.668221,0.566737,2.521257,False,baseline_year lower,10,14,non-nested,1|election_year,pres_elec,10000,20260912
write_in_5pct,baseline,baseline_year,office,State Representative,325,16.742498,15.877466,0.865032,0.434614,1.289063,False,baseline_year lower,148,177,non-nested,1|election_year,pres_elec,10000,20260912
write_in_5pct,baseline,baseline_year,office,State Senate,101,14.240876,13.635078,0.605798,-0.185811,1.394082,True,undecided,40,61,non-nested,1|election_year,pres_elec,10000,20260912
write_in_5pct,baseline,baseline_year,pres_elec,False,262,16.952604,15.622751,1.329853,0.900554,1.74185,False,baseline_year lower,113,149,non-nested,1|election_year,pres_elec,10000,20260912
write_in_5pct,baseline,baseline_year,pres_elec,True,164,14.875053,14.971831,-0.096778,-0.794257,0.56334,True,undecided,75,89,non-nested,1|election_year,pres_elec,10000,20260912
write_in_5pct,baseline,baseline_year,no_dem_candidate,False,415,15.7168,14.859263,0.857537,0.47604,1.229372,False,baseline_year lower,183,232,non-nested,1|election_year,pres_elec,10000,20260912
write_in_5pct,baseline,baseline_year,no_dem_candidate,True,11,28.717782,28.725865,-0.008083,-1.947995,2.16991,True,undecided,5,6,non-nested,1|election_year,pres_elec,10000,20260912
write_in_5pct,baseline,baseline_year_pres,pooled,all,266,16.724025,16.071654,0.652371,0.42821,0.865868,False,baseline_year_pres lower,102,164,nested,1|election_year,,10000,20260912
write_in_5pct,baseline,baseline_year_pres,is_special,False,252,16.090553,15.463743,0.62681,0.385372,0.85461,False,baseline_year_pres lower,97,155,nested,1|election_year,,10000,20260912
write_in_5pct,baseline,baseline_year_pres,is_special,True,14,25.570707,24.563606,1.007101,0.420132,1.583589,False,baseline_year_pres lower,5,9,nested,1|election_year,,10000,20260912
write_in_5pct,baseline,baseline_year_pres,office,State Representative,203,17.047696,16.3496,0.698096,0.446669,0.932424,False,baseline_year_pres lower,81,122,nested,1|election_year,,10000,20260912
write_in_5pct,baseline,baseline_year_pres,office,State Senate,63,15.635574,15.141383,0.494191,-0.004113,1.013701,True,undecided,21,42,nested,1|election_year,,10000,20260912
write_in_5pct,baseline,baseline_year_pres,pres_elec,False,161,17.547763,16.815248,0.732515,0.429567,1.019452,False,baseline_year_pres lower,64,97,nested,1|election_year,,10000,20260912
write_in_5pct,baseline,baseline_year_pres,pres_elec,True,105,15.375484,14.859379,0.516105,0.187323,0.814435,False,baseline_year_pres lower,38,67,nested,1|election_year,,10000,20260912
write_in_5pct,baseline,baseline_year_pres,no_dem_candidate,False,256,16.029665,15.313851,0.715814,0.505125,0.917646,False,baseline_year_pres lower,97,159,nested,1|election_year,,10000,20260912
write_in_5pct,baseline,baseline_year_pres,no_dem_candidate,True,10,29.358312,29.447743,-0.089431,-1.458171,1.352667,True,undecided,5,5,nested,1|election_year,,10000,20260912
write_in_5pct,baseline,baseline_national_env,pooled,all,426,16.184398,15.472382,0.712016,0.111229,1.31585,False,baseline_national_env lower,208,218,nested,national_env,,10000,20260912
write_in_5pct,baseline,baseline_national_env,is_special,False,402,15.593617,15.044433,0.549185,-0.037239,1.15289,True,undecided,197,205,nested,national_env,,10000,20260912
write_in_5pct,baseline,baseline_national_env,is_special,True,24,24.008265,21.404297,2.603968,-0.3038,5.285763,True,undecided,11,13,nested,national_env,,10000,20260912
write_in_5pct,baseline,baseline_national_env,office,State Representative,325,16.742498,16.21976,0.522738,-0.149209,1.191728,True,undecided,160,165,nested,national_env,,10000,20260912
write_in_5pct,baseline,baseline_national_env,office,State Senate,101,14.240876,12.774086,1.46679,0.260178,2.663958,False,baseline_national_env lower,48,53,nested,national_env,,10000,20260912
write_in_5pct,baseline,baseline_national_env,pres_elec,False,262,16.952604,15.787541,1.165063,0.233121,2.069961,False,baseline_national_env lower,126,136,nested,national_env,,10000,20260912
write_in_5pct,baseline,baseline_national_env,pres_elec,True,164,14.875053,14.955123,-0.080069,-0.198487,0.029578,True,undecided,82,82,nested,national_env,,10000,20260912
write_in_5pct,baseline,baseline_national_env,no_dem_candidate,False,415,15.7168,14.914877,0.801923,0.199603,1.396161,False,baseline_national_env lower,205,210,nested,national_env,,10000,20260912
write_in_5pct,baseline,baseline_national_env,no_dem_candidate,True,11,28.717782,29.640088,-0.922306,-4.425154,2.618149,True,undecided,3,8,nested,national_env,,10000,20260912
