target_id,election_date,election_year,office,district,district_display,is_special,role,candidate_id,candidate,cpf_id,filer_name,match_rule,filers_considered,roster_source,roster_error,horizon,window_start,cutoff,available,receipts_cache_identity,receipts,receipts_items,expenditures_cache_identity,expenditures,expenditures_items,race_complete
9e9efe8e226394a814f9,2026-11-03,2026,State Representative,Eighteenth Essex,18th Essex,False,dem,sec-943a2af0669180fe8a3a,Connor A. Murray,19583,"Murray, Connor",surname,4,legislative-feed,,60d,2025-09-04,2026-09-04,True,cache/ocpf/search_items__0fd73dfacb04c6f7724d.json,21467.16,168,cache/ocpf/search_items__26073a94beca7f42a9db.json,9906.98,74,True
9e9efe8e226394a814f9,2026-11-03,2026,State Representative,Eighteenth Essex,18th Essex,False,opp,sec-3bbfed178519fcf7af1e,Christopher C. Shepley,18829,"Shepley, Christopher",surname,4,legislative-feed,,60d,2025-09-04,2026-09-04,True,cache/ocpf/search_items__2d475526b8abe61b0426.json,14980.44,63,cache/ocpf/search_items__343c7a7ff331b482252d.json,14392.72,69,True
ca6bc1790b2328a0b83a,2026-11-03,2026,State Representative,Eighteenth Worcester,18th Worcester,False,dem,sec-b102324d7ed100f05b31,Jenifer Heck,19573,"Heck, Jenifer",surname,2,legislative-feed,,60d,2025-09-04,2026-09-04,True,cache/ocpf/search_items__e2f6d1d5bb6c765779a0.json,10802.2,91,cache/ocpf/search_items__2bd82678d5928f53df2a.json,8153.45,106,True
ca6bc1790b2328a0b83a,2026-11-03,2026,State Representative,Eighteenth Worcester,18th Worcester,False,opp,sec-bb6d60a5c6410922a178,Joseph D. McKenna,15809,"McKenna, Joseph D.",surname,2,legislative-feed,,60d,2025-09-04,2026-09-04,True,cache/ocpf/search_items__c4f566d31441474ee3d7.json,33049.32,127,cache/ocpf/search_items__5f5012f18c74e2a2eebe.json,17838.99,126,True
723b38ea01b0342e37ec,2026-11-03,2026,State Representative,Eighth Bristol,8th Bristol,False,dem,sec-55d39aa2cd6923ed9a1f,Steven J. Ouellette,18803,"Ouellette, Steven",surname,5,legislative-feed,,60d,2025-09-04,2026-09-04,True,cache/ocpf/search_items__290428bdc2ef347696fd.json,22800.0,139,cache/ocpf/search_items__a3d699edfe248a50f601.json,6151.42,61,True
723b38ea01b0342e37ec,2026-11-03,2026,State Representative,Eighth Bristol,8th Bristol,False,opp,sec-8d9c364f678fdc413944,Jesse W. St. Gelais,18792,"St. Gelais, Jesse",multiword-surname,5,legislative-feed,,60d,2025-09-04,2026-09-04,True,cache/ocpf/search_items__32f0d6a9aae4e160668b.json,34155.88,215,cache/ocpf/search_items__445fac331ef7caba1807.json,34557.15,184,True
52bba433647b238bf94c,2026-11-03,2026,State Representative,Eighth Plymouth,8th Plymouth,False,dem,sec-257e29dc4cf72e7136b5,Dennis C. Gallagher,18762,"Gallagher, Dennis",surname,2,legislative-feed,,60d,2025-09-04,2026-09-04,True,cache/ocpf/search_items__c4e6579bad6644107c9c.json,26072.02,218,cache/ocpf/search_items__bc0c3828a154a24d9eeb.json,10102.49,94,True
52bba433647b238bf94c,2026-11-03,2026,State Representative,Eighth Plymouth,8th Plymouth,False,opp,sec-451d59a45ef0a1620a85,John Edward Norris,19593,"Norris, John",surname,2,legislative-feed,,60d,2025-09-04,2026-09-04,True,cache/ocpf/search_items__2b4e2c629bcebef8fc15.json,10399.24,46,cache/ocpf/search_items__b7f3e48f449759214a2e.json,5206.83,29,True
ba5f5523f7696283dd48,2026-11-03,2026,State Representative,Fifteenth Essex,15th Essex,False,dem,sec-193a94cbdf8437135465,Ryan M. Hamilton,17951,"Hamilton, Ryan",surname,2,legislative-feed,,60d,2025-09-04,2026-09-04,True,cache/ocpf/search_items__ebf028d6e4fb9aeaec2b.json,17520.0,80,cache/ocpf/search_items__2c84ab994f1a084c19c1.json,12601.32,86,True
ba5f5523f7696283dd48,2026-11-03,2026,State Representative,Fifteenth Essex,15th Essex,False,opp,sec-6e94b802692612ac2695,"Ronald L. Heiseler, III",19808,"Heiseler, Ronald",surname,2,legislative-feed,,60d,2025-09-04,2026-09-04,True,cache/ocpf/search_items__3efe63b6ea5db42bcef5.json,5391.06,24,cache/ocpf/search_items__bb0624f40aee380a4d70.json,2807.49,3,True
203ca9e87030d133f6ba,2026-11-03,2026,State Representative,Fifth Bristol,5th Bristol,False,dem,sec-b87861875f52dd31cdb5,Jamison D. Souza,19581,"Souza, Jamison",surname,3,legislative-feed,,60d,2025-09-04,2026-09-04,True,cache/ocpf/search_items__577874bcb92765293ad3.json,69877.72,340,cache/ocpf/search_items__6dd298df95fab5bd960f.json,57403.53,118,True
203ca9e87030d133f6ba,2026-11-03,2026,State Representative,Fifth Bristol,5th Bristol,False,opp,sec-2a322f332ad8d3ec596b,Justin E. Thurber,18129,"Thurber, Justin",surname,3,legislative-feed,,60d,2025-09-04,2026-09-04,True,cache/ocpf/search_items__f8a70539577a7559894f.json,21433.78,115,cache/ocpf/search_items__21dcc838935272e9e6f9.json,6030.75,42,True
d2871e550f60025e1300,2026-11-03,2026,State Representative,Fifth Essex,5th Essex,False,dem,sec-ca9f9ed63eed5255e26a,Andrew Francis Robert Tarr,19580,"Tarr, Andrew",surname,6,legislative-feed,,60d,2025-09-04,2026-09-04,True,cache/ocpf/search_items__7413ce8ccfab4f978975.json,48074.94,229,cache/ocpf/search_items__5a54e814b3258c2bc1ba.json,43427.76,81,True
d2871e550f60025e1300,2026-11-03,2026,State Representative,Fifth Essex,5th Essex,False,opp,sec-8131ec22b0c055b2aeb5,Christina Delisio,19596,"Delisio, Christina",surname,6,legislative-feed,,60d,2025-09-04,2026-09-04,True,cache/ocpf/search_items__1b0c058d6609a69f18ea.json,26083.59,146,cache/ocpf/search_items__49943863cc585ddb4537.json,21123.31,184,True
0faa5e2a87ff944ebcb8,2026-11-03,2026,State Representative,Fifth Middlesex,5th Middlesex,False,dem,sec-5a5271b7b9c5b48b5872,David Paul Linsky,13431,"Linsky, David",surname,2,legislative-feed,,60d,2025-09-04,2026-09-04,True,cache/ocpf/search_items__ad91196d8c304c513abc.json,23601.0,117,cache/ocpf/search_items__bcc2194a87fcf001994a.json,6191.08,37,True
0faa5e2a87ff944ebcb8,2026-11-03,2026,State Representative,Fifth Middlesex,5th Middlesex,False,opp,sec-fcb9c5ce3f66bbbdcee1,Luisa A. Cestari,19864,"Cestari, Luisa",surname,2,legislative-feed,,60d,2025-09-04,2026-09-04,True,cache/ocpf/search_items__802dc2be2a93152cb897.json,2980.0,9,cache/ocpf/search_items__4250772b2b898045c739.json,0.0,0,True
49a9a96116424e8ab056,2026-11-03,2026,State Representative,Fifth Plymouth,5th Plymouth,False,dem,sec-6b0ea264870d748f72eb,Lori Childs,19460,"Childs, Lori",surname,2,legislative-feed,,60d,2025-09-04,2026-09-04,True,cache/ocpf/search_items__8eda9886d3a6a9d5b887.json,55905.5,405,cache/ocpf/search_items__dc96961cc4c13c37b631.json,53076.94,157,True
49a9a96116424e8ab056,2026-11-03,2026,State Representative,Fifth Plymouth,5th Plymouth,False,opp,sec-334c6d07a2f429d33cd3,David F. DeCoste,15904,"DeCoste, David F.",surname,2,legislative-feed,,60d,2025-09-04,2026-09-04,True,cache/ocpf/search_items__18a6c81f2e394e9c5ef9.json,21840.91,93,cache/ocpf/search_items__74e0831bec716753658c.json,11519.69,25,True
ef6ac677052c19890d57,2026-11-03,2026,State Representative,First Middlesex,1st Middlesex,False,dem,sec-92a291b78446a790e2d8,Margaret R. Scarsdale,17168,"Scarsdale, Margaret",surname,6,legislative-feed,,60d,2025-09-04,2026-09-04,True,cache/ocpf/search_items__816a6eb229b8e2a140f3.json,60500.0,299,cache/ocpf/search_items__97c27d96cdb983ee7911.json,21200.68,137,True
ef6ac677052c19890d57,2026-11-03,2026,State Representative,First Middlesex,1st Middlesex,False,opp,sec-c3c4726c5a6eff90c3d6,Christopher M. Lyons,19629,"Lyons, Christopher",surname,6,legislative-feed,,60d,2025-09-04,2026-09-04,True,cache/ocpf/search_items__f3fa02a59e5b63e6ac9f.json,14952.65,77,cache/ocpf/search_items__45b8ba615d8301e1d12c.json,11832.84,107,True
1707a8bfee545b787ce4,2026-11-03,2026,State Representative,First Plymouth,1st Plymouth,False,dem,sec-70d2fecff7bc5538902d,Michelle L. Badger,18685,"Badger, Michelle",surname,3,legislative-feed,,60d,2025-09-04,2026-09-04,True,cache/ocpf/search_items__3550fdd274e89c3acd89.json,57594.76,470,cache/ocpf/search_items__a76e081db4e312fc68a1.json,28504.19,164,True
1707a8bfee545b787ce4,2026-11-03,2026,State Representative,First Plymouth,1st Plymouth,False,opp,sec-3a0c4c7bb1dcf7ea0830,"David Michael Golden, Jr.",19628,"Golden, David",surname,3,legislative-feed,,60d,2025-09-04,2026-09-04,True,cache/ocpf/search_items__8f7db5c27506861827ae.json,8262.75,54,cache/ocpf/search_items__95b1c7bc4e8f9624444c.json,9478.87,41,True
0df886b56e6d42e72e07,2026-11-03,2026,State Representative,First Worcester,1st Worcester,False,dem,sec-9f27fa90a396193ebc4c,Krista Suzanne Ferrante,19722,"Ferrante, Krista",surname+given,5,legislative-feed,,60d,2025-09-04,2026-09-04,True,cache/ocpf/search_items__65c80ad702309e353a8d.json,22672.52,133,cache/ocpf/search_items__3c3e5c1fe98df9f66823.json,17460.51,34,True
0df886b56e6d42e72e07,2026-11-03,2026,State Representative,First Worcester,1st Worcester,False,opp,sec-89de2dfece551990456c,Stephanie R. Mulroy,19288,"Mulroy, Stephanie",surname,5,legislative-feed,,60d,2025-09-04,2026-09-04,True,cache/ocpf/search_items__3028810c01243ab1feb2.json,26904.01,147,cache/ocpf/search_items__adcaa76fc902f57e7327.json,15779.57,80,True
423456885bb439b866f9,2026-11-03,2026,State Representative,Fourth Hampden,4th Hampden,False,dem,sec-96412482065aafcfcb60,Colby Walshe Hoffman,19736,"Hoffman, Colby",surname,3,legislative-feed,,60d,2025-09-04,2026-09-04,True,cache/ocpf/search_items__5f4ead06f58400311951.json,6040.0,39,cache/ocpf/search_items__27f0489a6e739ebdb4f1.json,3091.63,26,True
423456885bb439b866f9,2026-11-03,2026,State Representative,Fourth Hampden,4th Hampden,False,opp,sec-e482d96ea75172080e01,Kelly W. Pease,17418,"Pease, Kelly",surname,3,legislative-feed,,60d,2025-09-04,2026-09-04,True,cache/ocpf/search_items__4ba474207982bb4ea632.json,22068.36,187,cache/ocpf/search_items__fe1a009d8e5e369b1a8d.json,13207.3,72,True
7b5742574199d18bdef5,2026-11-03,2026,State Representative,Fourth Worcester,4th Worcester,False,dem,sec-22e763260248daef16cb,Natalie Marie Higgins,16366,"Higgins, Natalie Marie",surname,2,legislative-feed,,60d,2025-09-04,2026-09-04,True,cache/ocpf/search_items__8dc4d1dc8447db0113f8.json,14010.0,120,cache/ocpf/search_items__65138d8611454c1b6bd0.json,6241.19,43,True
7b5742574199d18bdef5,2026-11-03,2026,State Representative,Fourth Worcester,4th Worcester,False,opp,sec-d8efdc9b2de980ed075d,Josh William Bowdridge,19635,"Bowdridge, Josh",surname,2,legislative-feed,,60d,2025-09-04,2026-09-04,True,cache/ocpf/search_items__1f754aa944b3098d4ef8.json,1135.0,6,cache/ocpf/search_items__b5e77ee18105cf6a8d82.json,998.05,10,True
d27433a10062d75ebbed,2026-11-03,2026,State Representative,Ninth Bristol,9th Bristol,False,dem,sec-2d4bffb09f3337f7f199,Edward M. Pacheco,19681,"Pacheco, Edward",surname,5,legislative-feed,,60d,2025-09-04,2026-09-04,True,cache/ocpf/search_items__d4795ae70c36092df4ff.json,23421.65,199,cache/ocpf/search_items__c38c77ef9e5287f66f6a.json,22540.64,119,True
d27433a10062d75ebbed,2026-11-03,2026,State Representative,Ninth Bristol,9th Bristol,False,opp,sec-f80afd6a44dbcb3f3bab,Chester M. Tam,19031,"Tam, Chester",surname,5,legislative-feed,,60d,2025-09-04,2026-09-04,True,cache/ocpf/search_items__59faed430cdd0ca583ba.json,21494.84,236,cache/ocpf/search_items__0d20140a14c1bf95dfde.json,10982.35,136,True
52e48f4c113ab6cb6422,2026-11-03,2026,State Representative,Ninth Essex,9th Essex,False,dem,sec-a5033704f59d98d5a443,Peter Meaney,18138,"Meaney, Peter",surname,3,legislative-feed,,60d,2025-09-04,2026-09-04,True,cache/ocpf/search_items__d0c2c8603827040ad47e.json,221948.85,278,cache/ocpf/search_items__346c671572fca873d9f5.json,220821.7,151,True
52e48f4c113ab6cb6422,2026-11-03,2026,State Representative,Ninth Essex,9th Essex,False,opp,sec-3b47460263ae63fb7eaf,Donald H. Wong,15174,"Wong, Donald H.",surname,3,legislative-feed,,60d,2025-09-04,2026-09-04,True,cache/ocpf/search_items__c86213a07cdb2cff2c94.json,23907.36,107,cache/ocpf/search_items__de96513c74041866aadd.json,13340.44,47,True
ba8094e909c9d333ef66,2026-11-03,2026,State Representative,Ninth Norfolk,9th Norfolk,False,dem,sec-81c273861a66f1fc7f6e,Thomas R. Melville,19447,"Melville, Thomas",surname,3,legislative-feed,,60d,2025-09-04,2026-09-04,True,cache/ocpf/search_items__ed2bd3a47876caa7dc11.json,83288.76,350,cache/ocpf/search_items__c6ef6ead56464694b119.json,60865.655,345,True
ba8094e909c9d333ef66,2026-11-03,2026,State Representative,Ninth Norfolk,9th Norfolk,False,opp,sec-257e5abeba24efe7c7a4,Marcus S. Vaughn,17993,"Vaughn, Marcus",surname,3,legislative-feed,,60d,2025-09-04,2026-09-04,True,cache/ocpf/search_items__5daf5ec57a0fc46c0330.json,41723.02,295,cache/ocpf/search_items__e499453079411ddb8524.json,13467.98,86,True
d02efb0ecffec059daf7,2026-11-03,2026,State Representative,Ninth Plymouth,9th Plymouth,False,dem,sec-a05d434baa17ae83032d,Bridget Marie Plouffe,18745,"Plouffe, Bridget",surname,3,legislative-feed,,60d,2025-09-04,2026-09-04,True,cache/ocpf/search_items__6e5b02b0971f122fbd2a.json,33531.09,179,cache/ocpf/search_items__cd3e70254561a7d64f34.json,11234.37,65,True
d02efb0ecffec059daf7,2026-11-03,2026,State Representative,Ninth Plymouth,9th Plymouth,False,opp,sec-dd914cf7bf56a026c1c8,Lawrence Peter Novak,10633,"Novak, Lawrence",surname,3,legislative-feed,,60d,2025-09-04,2026-09-04,True,cache/ocpf/search_items__fae5011c470531fb5839.json,167842.68,263,cache/ocpf/search_items__f2cb59377c05e397cf65.json,188112.82,392,True
f42b16bd5a6858a479d1,2026-11-03,2026,State Representative,Second Essex,2nd Essex,False,dem,sec-8a9d5d073dbe5e890726,Kristin Elena Kassner,17935,"Kassner, Kristin",surname,3,legislative-feed,,60d,2025-09-04,2026-09-04,True,cache/ocpf/search_items__c62ad6410f005aab13a2.json,40401.0,293,cache/ocpf/search_items__0d13d805a1cfc0640e4d.json,29289.43,97,True
f42b16bd5a6858a479d1,2026-11-03,2026,State Representative,Second Essex,2nd Essex,False,opp,sec-ed5be750593412630c68,Daniel James Kelly,19818,"Kelly, Daniel",surname,3,legislative-feed,,60d,2025-09-04,2026-09-04,True,cache/ocpf/search_items__dd1e82e28d956cba8ca4.json,54388.56,100,cache/ocpf/search_items__43895ff6651f965a2ac5.json,39007.22,168,True
093aa84b6cef83f21486,2026-11-03,2026,State Representative,Second Hampden,2nd Hampden,False,dem,sec-95876d788b18b42fd57b,Brian Michael Ashe,14543,"Ashe, Brian M.",surname,2,legislative-feed,,60d,2025-09-04,2026-09-04,True,cache/ocpf/search_items__2511c9e7ca802c511d27.json,12621.31,71,cache/ocpf/search_items__1e82b5c29278646a3c70.json,5216.26,43,True
093aa84b6cef83f21486,2026-11-03,2026,State Representative,Second Hampden,2nd Hampden,False,opp,sec-7883b44428f7a015d6a8,Peter Warren,19442,"Warren, Peter",surname,2,legislative-feed,,60d,2025-09-04,2026-09-04,True,cache/ocpf/search_items__8e2977c24a5991fbb455.json,28339.46,119,cache/ocpf/search_items__7f31b4111c69f9f0eea4.json,13598.44,90,True
a95c78c7b5c43a4dcc42,2026-11-03,2026,State Representative,Second Norfolk,2nd Norfolk,False,dem,sec-da4e2c93dd52867830a0,Tackey Chan,15123,"Chan, Tackey",surname,2,legislative-feed,,60d,2025-09-04,2026-09-04,True,cache/ocpf/search_items__0570da488828f518c3a0.json,118979.99,385,cache/ocpf/search_items__e9a496b3ff1f2f4bea2b.json,53672.7,172,True
a95c78c7b5c43a4dcc42,2026-11-03,2026,State Representative,Second Norfolk,2nd Norfolk,False,opp,sec-a1c27c451d70f7eca26e,Sharon Marie Cintolo,18093,"Cintolo, Sharon",surname,2,legislative-feed,,60d,2025-09-04,2026-09-04,True,cache/ocpf/search_items__bc7187e0d1b250e848c8.json,1258.83,12,cache/ocpf/search_items__3e4db6db6dc0ab5843c5.json,1637.77,5,True
d1f8fdaa64ca40723b27,2026-11-03,2026,State Representative,Second Plymouth,2nd Plymouth,False,dem,sec-9bd8a3afb6e6c410939c,Sarah G. Hewins,16458,"Hewins, Sarah G.",surname,3,legislative-feed,,60d,2025-09-04,2026-09-04,True,cache/ocpf/search_items__7255549c55932711352a.json,13905.0,36,cache/ocpf/search_items__1575be2861c1250a6c82.json,12877.13,138,True
d1f8fdaa64ca40723b27,2026-11-03,2026,State Representative,Second Plymouth,2nd Plymouth,False,opp,sec-c7ac6e2f4795f31c599d,John Robert Gaskey,18885,"Gaskey, John",surname,3,legislative-feed,,60d,2025-09-04,2026-09-04,True,cache/ocpf/search_items__d8fe909acc566157dd68.json,15534.89,134,cache/ocpf/search_items__8553e407617767cd3286.json,18627.09,92,True
c9dec6cb90f7f452c3fe,2026-11-03,2026,State Representative,Seventh Bristol,7th Bristol,False,dem,sec-6f62dba6886c894d5e2b,Alan Silvia,15060,"Silvia, Alan",surname,2,legislative-feed,,60d,2025-09-04,2026-09-04,True,cache/ocpf/search_items__b7bb7488744361fcd4c3.json,26498.49,133,cache/ocpf/search_items__5338c8034f37761d1e98.json,23813.88,100,True
c9dec6cb90f7f452c3fe,2026-11-03,2026,State Representative,Seventh Bristol,7th Bristol,False,opp,sec-c5a631b96aa73f5e23b3,Talos D. Farris,19684,"Farris, Talos",surname,2,legislative-feed,,60d,2025-09-04,2026-09-04,True,cache/ocpf/search_items__8f3fe7473e69f13f8d66.json,5285.0,62,cache/ocpf/search_items__00240ff56941ca43a922.json,5079.43,40,True
aedc3f1ee3127619b8ca,2026-11-03,2026,State Representative,Seventh Plymouth,7th Plymouth,False,dem,sec-33e7bb3718ca4c4cfc5f,Rosemary Aahanna-Hill,19787,"Aahanna-Hill, Rosemary",multiword-surname,2,legislative-feed,,60d,2025-09-04,2026-09-04,True,cache/ocpf/search_items__7e9b6bcf421424ad5736.json,4400.17,53,cache/ocpf/search_items__b8d969d626df3f2b1402.json,3130.84,38,True
aedc3f1ee3127619b8ca,2026-11-03,2026,State Representative,Seventh Plymouth,7th Plymouth,False,opp,sec-f9bcc4def7582a02ab35,Alyson M. Sullivan-Almeida,16980,"Sullivan-Almeida, Alyson",multiword-surname,2,legislative-feed,,60d,2025-09-04,2026-09-04,True,cache/ocpf/search_items__0c2d60757a73ce9e88d4.json,15685.0,89,cache/ocpf/search_items__cc69d6d33cbfae2e634b.json,6785.33,29,True
099db511f8d0c2e3caaf,2026-11-03,2026,State Representative,Seventh Worcester,7th Worcester,False,dem,sec-162cd9f82c481220e8b9,Nicholas Lazzaro,19564,"Lazzaro, Nicholas",surname,4,legislative-feed,,60d,2025-09-04,2026-09-04,True,cache/ocpf/search_items__830805ecf8168187c83d.json,36303.36,201,cache/ocpf/search_items__1903f846b0e555070554.json,23158.25,59,True
099db511f8d0c2e3caaf,2026-11-03,2026,State Representative,Seventh Worcester,7th Worcester,False,opp,sec-871b8ec8fbcfdd83d550,Paul K. Frost,13110,"Frost, Paul K.",surname,4,legislative-feed,,60d,2025-09-04,2026-09-04,True,cache/ocpf/search_items__8e259217884063a2b13e.json,83813.0,261,cache/ocpf/search_items__c1c7fe602f101b20f98c.json,22372.52,113,True
25923f748fac83e2fc64,2026-11-03,2026,State Representative,Sixteenth Middlesex,16th Middlesex,False,dem,sec-42ca470b964d52f1da30,Lorena G. Betts,19424,"Betts, Lorena",surname,5,legislative-feed,,60d,2025-09-04,2026-09-04,True,cache/ocpf/search_items__610342e6ded1008a8f2e.json,50948.54,474,cache/ocpf/search_items__2bd6719ab7c6eda091d7.json,44211.98,246,True
25923f748fac83e2fc64,2026-11-03,2026,State Representative,Sixteenth Middlesex,16th Middlesex,False,opp,sec-1dddcd2af6e751814b62,Karla J. Miller,18096,"Miller, Karla",surname,5,legislative-feed,,60d,2025-09-04,2026-09-04,True,cache/ocpf/search_items__9ab967c057df9fe9e646.json,5282.93,38,cache/ocpf/search_items__b14da8ab3331617ca330.json,2794.51,19,True
032709efd72c30ac75e8,2026-11-03,2026,State Representative,Sixth Bristol,6th Bristol,False,dem,sec-54e437fb5f52cfd4145f,Carole A. Fiola,13597,"Fiola, Carole",surname,2,legislative-feed,,60d,2025-09-04,2026-09-04,True,cache/ocpf/search_items__cf45d25217067ee56158.json,75664.4,367,cache/ocpf/search_items__410b80fd3a34e7f261be.json,43702.221,222,True
032709efd72c30ac75e8,2026-11-03,2026,State Representative,Sixth Bristol,6th Bristol,False,opp,sec-21402864082d929afd1a,Robert G. Anctil,19765,"Anctil, Robert",surname,2,legislative-feed,,60d,2025-09-04,2026-09-04,True,cache/ocpf/search_items__100dac96be5c67cbe19d.json,47079.4,7,cache/ocpf/search_items__d9858e9e997df1d3c95c.json,44684.05,44,True
e9b017cf1af95cfd33d9,2026-11-03,2026,State Representative,Sixth Plymouth,6th Plymouth,False,dem,sec-bde430b86971f2b8c85c,Jessica Marie Rushing,19740,"Rushing, Jessica",surname,4,legislative-feed,,60d,2025-09-04,2026-09-04,True,cache/ocpf/search_items__2aa05347b2acbf629746.json,47746.1,300,cache/ocpf/search_items__d08476c0f2469f53e268.json,24161.15,54,True
e9b017cf1af95cfd33d9,2026-11-03,2026,State Representative,Sixth Plymouth,6th Plymouth,False,opp,sec-3395d80f5261bf569b59,Kenneth Peter Sweezey,17882,"Sweezey, Kenneth",surname,4,legislative-feed,,60d,2025-09-04,2026-09-04,True,cache/ocpf/search_items__c1bc738705a195dcdf78.json,36874.14,226,cache/ocpf/search_items__dfb8ac2539277dd1ac6e.json,20851.49,130,True
e9bb91441b70f7f7f934,2026-11-03,2026,State Representative,Sixth Worcester,6th Worcester,False,dem,sec-3b702091394487833533,Jeanne Renaud Costello,18729,"Costello, Jeanne",surname,4,legislative-feed,,60d,2025-09-04,2026-09-04,True,cache/ocpf/search_items__90a65f4c38ecac2f474e.json,1000.0,1,cache/ocpf/search_items__3af571864913a2c65f76.json,0.0,0,True
e9bb91441b70f7f7f934,2026-11-03,2026,State Representative,Sixth Worcester,6th Worcester,False,opp,sec-797cf202d20ce2e85fab,"John J. Marsi, Jr.",18678,"Marsi, John",surname,4,legislative-feed,,60d,2025-09-04,2026-09-04,True,cache/ocpf/search_items__8696e36f85cf4d526b1e.json,12240.46,79,cache/ocpf/search_items__b07c429ec514f6b6ebd6.json,3707.86,67,True
9787c5be19cfa1dd5dbf,2026-11-03,2026,State Representative,Tenth Bristol,10th Bristol,False,dem,sec-7b48d030191b62f98a73,Mark D. Sylvia,18788,"Sylvia, Mark",surname,4,legislative-feed,,60d,2025-09-04,2026-09-04,True,cache/ocpf/search_items__360e1bbca872f8d0dac9.json,72132.6,582,cache/ocpf/search_items__419ad4b37c00cc081a5c.json,66455.42,144,True
9787c5be19cfa1dd5dbf,2026-11-03,2026,State Representative,Tenth Bristol,10th Bristol,False,opp,sec-72824526342b709b8ebd,Brendalee A. Smith,19881,"Smith, Brendalee",surname,4,legislative-feed,,60d,2025-09-04,2026-09-04,True,cache/ocpf/search_items__44bcd9d99683f210d2a1.json,0.0,0,cache/ocpf/search_items__9035164af691fb3314c5.json,0.0,0,True
2df1d2ecdae63cf48753,2026-11-03,2026,State Representative,Third Barnstable,3rd Barnstable,False,dem,sec-668ab351701f142e5760,Jack Peter Richardson,19220,"Richardson, Jack",surname,2,legislative-feed,,60d,2025-09-04,2026-09-04,True,cache/ocpf/search_items__0f2d496b9cff9dcecb41.json,54442.11,403,cache/ocpf/search_items__771eb3f156328a1a955e.json,29339.01,107,True
2df1d2ecdae63cf48753,2026-11-03,2026,State Representative,Third Barnstable,3rd Barnstable,False,opp,sec-9f597820fab6841db4b1,David T. Vieira,15025,"Vieira, David T.",surname,2,legislative-feed,,60d,2025-09-04,2026-09-04,True,cache/ocpf/search_items__7c371bffa6cf013ca37d.json,19440.0,94,cache/ocpf/search_items__ec8b04e4977c1acde341.json,16058.47,125,True
11407261b9509437f850,2026-11-03,2026,State Representative,Third Bristol,3rd Bristol,False,dem,sec-ab2e9138bc4836eb98c1,Lisa M. Field,19052,"Field, Lisa",surname,4,legislative-feed,,60d,2025-09-04,2026-09-04,True,cache/ocpf/search_items__ca4fcaabb768a28fd776.json,53523.1,422,cache/ocpf/search_items__3d87f641812cb60a8284.json,27651.0,134,True
11407261b9509437f850,2026-11-03,2026,State Representative,Third Bristol,3rd Bristol,False,opp,sec-7d220d22bbdfbd43d2ec,Lawrence Joseph Quintal,19080,"Quintal, Lawrence",surname,4,legislative-feed,,60d,2025-09-04,2026-09-04,True,cache/ocpf/search_items__0587dda02e941615e0bc.json,38145.0,246,cache/ocpf/search_items__d1a847b506bf820d7651.json,25484.78,46,True
4fb8ac744f4929106f85,2026-11-03,2026,State Representative,Third Hampden,3rd Hampden,False,dem,sec-436cbb7aa99a60be7e1f,Thomas D. Hendrickson,19450,"Hendrickson, Thomas",surname,3,legislative-feed,,60d,2025-09-04,2026-09-04,True,cache/ocpf/search_items__ad34c3581f6a40a5ee51.json,15642.07,139,cache/ocpf/search_items__1b8e39773e40c62fa00f.json,7396.35,46,True
4fb8ac744f4929106f85,2026-11-03,2026,State Representative,Third Hampden,3rd Hampden,False,opp,sec-eb5008c651a760c7b732,Nicholas A. Boldyga,14831,"Boldyga, Nick",surname,3,legislative-feed,,60d,2025-09-04,2026-09-04,True,cache/ocpf/search_items__c51dabc29537d5430025.json,38034.2,31,cache/ocpf/search_items__528fe893cf23cc4f1864.json,13113.51,72,True
1f2f34f1049492ce8c81,2026-11-03,2026,State Representative,Thirty-Fifth Middlesex,35th Middlesex,False,dem,sec-4b494f8d4055e158a627,Paul J. Donato,13651,"Donato, Paul J.",surname,4,legislative-feed,,60d,2025-09-04,2026-09-04,True,cache/ocpf/search_items__83ac0755e47af36d9502.json,56754.58,290,cache/ocpf/search_items__c02e14c9a07470e2b5a9.json,40651.57,144,True
1f2f34f1049492ce8c81,2026-11-03,2026,State Representative,Thirty-Fifth Middlesex,35th Middlesex,False,opp,sec-7a377f2bf3b331f86c96,James C. Seibel,19829,"Seibel, James",surname,4,legislative-feed,,60d,2025-09-04,2026-09-04,True,cache/ocpf/search_items__114187d401628e52f399.json,250.0,2,cache/ocpf/search_items__3e8f8d2852ac42bf0332.json,16.08,1,True
69bd7a87a9a70c609d64,2026-11-03,2026,State Representative,Thirty-First Middlesex,31st Middlesex,False,dem,sec-c46e93db0bb2c1e8a818,Michael Seamus Day,14975,"Day, Michael",surname,3,legislative-feed,,60d,2025-09-04,2026-09-04,True,cache/ocpf/search_items__430d7b57696ccda24234.json,72787.74,310,cache/ocpf/search_items__34bd8b2765126320d471.json,55134.56,314,True
69bd7a87a9a70c609d64,2026-11-03,2026,State Representative,Thirty-First Middlesex,31st Middlesex,False,opp,sec-1bf259731445bc3e59f8,Stephen G. Ternullo,19366,"Ternullo, Stephen",surname,3,legislative-feed,,60d,2025-09-04,2026-09-04,True,cache/ocpf/search_items__5fee647b2d60cc87d6df.json,30228.78,176,cache/ocpf/search_items__8541672ccbe6f1332db0.json,21520.5,161,True
5925d2b7aa0dece5f4a8,2026-11-03,2026,State Representative,Twelfth Plymouth,12th Plymouth,False,dem,sec-f7ec646f3a8ceaaf9cab,Kathleen LaNatra,17016,"LaNatra, Kathleen",surname,3,legislative-feed,,60d,2025-09-04,2026-09-04,True,cache/ocpf/search_items__4baba11ae5210a83dcb1.json,39549.18,239,cache/ocpf/search_items__d6244aa890f5b1a26f06.json,36663.02,167,True
5925d2b7aa0dece5f4a8,2026-11-03,2026,State Representative,Twelfth Plymouth,12th Plymouth,False,opp,sec-ac995cb7e71e9e0804b2,Eric J. Meschino,18031,"Meschino, Eric",surname,3,legislative-feed,,60d,2025-09-04,2026-09-04,True,cache/ocpf/search_items__2639d30575546b791761.json,2172.61,22,cache/ocpf/search_items__a5882d7f1c82b06e4f61.json,1241.64,19,True
fd66d4b4f61f04e9154c,2026-11-03,2026,State Representative,Twelfth Worcester,12th Worcester,False,dem,sec-6caee451bf3cd4bf6798,Meghan Kilcoyne,17488,"Kilcoyne, Meghan",surname,4,legislative-feed,,60d,2025-09-04,2026-09-04,True,cache/ocpf/search_items__a075a6ebc158f8994a8b.json,44525.0,248,cache/ocpf/search_items__d6ba7ca0579ed3852e91.json,37179.86,142,True
fd66d4b4f61f04e9154c,2026-11-03,2026,State Representative,Twelfth Worcester,12th Worcester,False,opp,sec-d59ad5298a60b5ecaa6a,Lisa K. Mair,18097,"Mair, Lisa",surname,4,legislative-feed,,60d,2025-09-04,2026-09-04,True,cache/ocpf/search_items__da63361c8de92d1cd8bf.json,11458.87,73,cache/ocpf/search_items__e23405a0109566fc9d81.json,8210.58,74,True
1d866a7a82de04b4e82a,2026-11-03,2026,State Representative,Twentieth Middlesex,20th Middlesex,False,dem,sec-22d2e21b43e5811cda31,Joseph Markey,19754,"Markey, Joseph",surname,3,legislative-feed,,60d,2025-09-04,2026-09-04,True,cache/ocpf/search_items__74e97cd51f339c6e45bc.json,68420.36,202,cache/ocpf/search_items__6e0776b4c8de3c4795bf.json,15347.48,37,True
1d866a7a82de04b4e82a,2026-11-03,2026,State Representative,Twentieth Middlesex,20th Middlesex,False,opp,sec-bc2a0e83c841035c424e,Trevor David Currier,19784,"Currier, Trevor",surname,3,legislative-feed,,60d,2025-09-04,2026-09-04,True,cache/ocpf/search_items__28fd3b04e521c2a1234c.json,34396.44,196,cache/ocpf/search_items__dd2f3edc12f326eb1a84.json,11688.86,58,True
109e36fbca1fe5c1d37c,2026-11-03,2026,State Representative,Twenty-Second Middlesex,22nd Middlesex,False,dem,sec-e5e6aeb61bf96529ccdd,Daniel Ronald Darris-O'Connor,19729,"Darris-O'Connor, Daniel",multiword-surname,2,legislative-feed,,60d,2025-09-04,2026-09-04,True,cache/ocpf/search_items__1ea546073e9edf2025a8.json,13580.17,163,cache/ocpf/search_items__97e74a9baa37ea37a4f0.json,12077.47,78,True
109e36fbca1fe5c1d37c,2026-11-03,2026,State Representative,Twenty-Second Middlesex,22nd Middlesex,False,opp,sec-8f73c539e57b3c2256e4,Marc T. Lombardo,14232,"Lombardo, Marc",surname,2,legislative-feed,,60d,2025-09-04,2026-09-04,True,cache/ocpf/search_items__78ba57a02929f1e903c5.json,38920.0,195,cache/ocpf/search_items__6f6a441f629c5046d041.json,25804.73,143,True
dedd55fd3818cc4ab964,2026-11-03,2026,State Senate,First Bristol and Plymouth,1st Bristol and Plymouth,False,dem,sec-f7f7e8c0d1dc0aa3746f,Michael J. Rodrigues,12978,"Rodrigues, Michael J.",surname,3,legislative-feed,,60d,2025-09-04,2026-09-04,True,cache/ocpf/search_items__b3ee39e0ffe90b2523d1.json,329838.208,1213,cache/ocpf/search_items__1559f5b763b1691fd160.json,257020.96,524,True
dedd55fd3818cc4ab964,2026-11-03,2026,State Senate,First Bristol and Plymouth,1st Bristol and Plymouth,False,opp,sec-06153b6bd9454aed5d41,Gabriel Boomer Amaral,17839,"Amaral, Gabriel",surname,3,legislative-feed,,60d,2025-09-04,2026-09-04,True,cache/ocpf/search_items__2290f8d3832cdae60eff.json,24277.94,112,cache/ocpf/search_items__e6a4bf44d96279bbb5f5.json,26057.87,23,True
673ee4afb4af88349f8f,2026-11-03,2026,State Senate,First Middlesex,1st Middlesex,False,dem,sec-2ee23eec1baeca00781a,Vanna Howard,17499,"Howard, Vanna",surname,6,legislative-feed,,60d,2025-09-04,2026-09-04,True,cache/ocpf/search_items__96449b5cbe3149ea7bd3.json,132779.44,869,cache/ocpf/search_items__45b120fad276cc9a6da3.json,185231.54,171,True
673ee4afb4af88349f8f,2026-11-03,2026,State Senate,First Middlesex,1st Middlesex,False,opp,sec-2bf4d1a3a0c2743f7adc,Sam Meas,15519,"Meas, Sam",surname,6,legislative-feed,,60d,2025-09-04,2026-09-04,True,cache/ocpf/search_items__5ffd3e73568984de1e87.json,29357.8,127,cache/ocpf/search_items__7c52da6c8d263fd079e9.json,27201.95,153,True
c8a5a337721b8a2f5455,2026-11-03,2026,State Senate,Middlesex and Worcester,Middlesex and Worcester,False,dem,sec-3663be8a49eee1c98d00,James Bradley Eldridge,13811,"Eldridge, James",surname,2,legislative-feed,,60d,2025-09-04,2026-09-04,True,cache/ocpf/search_items__b2d28a3846c9db276ae8.json,186272.21,1048,cache/ocpf/search_items__5a355e34dcb5609ed61e.json,132021.46,327,True
c8a5a337721b8a2f5455,2026-11-03,2026,State Senate,Middlesex and Worcester,Middlesex and Worcester,False,opp,sec-51351c5238326f9a7a48,Joseph Timothy Shea,19207,"Shea, J. Timothy",surname,2,legislative-feed,,60d,2025-09-04,2026-09-04,True,cache/ocpf/search_items__a31460f190bbac9604fd.json,2184.35,19,cache/ocpf/search_items__3e2a5f4f0c1a6d2ffd32.json,776.18,16,True
ed115fe2e2fa5e14c447,2026-11-03,2026,State Senate,Plymouth and Barnstable,Plymouth and Barnstable,False,dem,sec-890b9d3e7b1d2fbc5d98,Dylan A. Fernandes,16407,"Fernandes, Dylan",surname,2,legislative-feed,,60d,2025-09-04,2026-09-04,True,cache/ocpf/search_items__f42ca22618347610f723.json,202212.13,1015,cache/ocpf/search_items__bd9076a5e00971095cc6.json,50618.08,363,True
ed115fe2e2fa5e14c447,2026-11-03,2026,State Senate,Plymouth and Barnstable,Plymouth and Barnstable,False,opp,sec-d76305227ae0877ff23e,Kari Della MacRae,17889,"MacRae, Kari",surname,2,legislative-feed,,60d,2025-09-04,2026-09-04,True,cache/ocpf/search_items__f661f3306baabd1556f8.json,17935.27,130,cache/ocpf/search_items__d77e5a74db88ed40ca50.json,21749.09,241,True
cb3e41e75feb8da26c55,2026-11-03,2026,State Senate,Second Bristol and Plymouth,2nd Bristol and Plymouth,False,dem,sec-feb2462fdf741fc9e402,Mark C.W. Montigny,12314,"Montigny, Mark",surname,3,legislative-feed,,60d,2025-09-04,2026-09-04,True,cache/ocpf/search_items__8ff2da90c2e0effa93f5.json,5837.92,29,cache/ocpf/search_items__11eb6f332e092597e4b2.json,59375.2,400,True
cb3e41e75feb8da26c55,2026-11-03,2026,State Senate,Second Bristol and Plymouth,2nd Bristol and Plymouth,False,opp,sec-e3153cb13119e7f30a4e,Robert Scott McConnell,18072,"McConnell, Robert",surname,3,legislative-feed,,60d,2025-09-04,2026-09-04,True,cache/ocpf/search_items__34c942521f8d2c773fb9.json,4799.73,38,cache/ocpf/search_items__b43619f4fb1b0d8d0891.json,875.56,12,True
b3bfd8e4226df232228e,2026-11-03,2026,State Senate,Second Essex and Middlesex,2nd Essex and Middlesex,False,dem,sec-be4e0df88996ff3c931d,Barry R. Finegold,13045,"Finegold, Barry R.",surname,2,legislative-feed,,60d,2025-09-04,2026-09-04,True,cache/ocpf/search_items__58fa6f6dd56d086cd6d9.json,360833.08,568,cache/ocpf/search_items__9992de520260fc5bc4d6.json,87612.69,194,True
b3bfd8e4226df232228e,2026-11-03,2026,State Senate,Second Essex and Middlesex,2nd Essex and Middlesex,False,opp,sec-a27ae594d105abb365a5,Theodore T. Semesnyei,17269,"Semesnyei, Theodore",surname,2,legislative-feed,,60d,2025-09-04,2026-09-04,True,cache/ocpf/search_items__0442e535b53171ef9c37.json,9938.91,62,cache/ocpf/search_items__ef95fd2dd56e8f6eb3dc.json,5219.2,65,True
d670b703f625daeb217d,2026-11-03,2026,State Senate,Worcester & Hampshire,Worcester & Hampshire,False,dem,sec-2d43e90784a1123f91cc,Shannon M. Teabo,19633,"Teabo, Shannon",surname,4,legislative-feed,,60d,2025-09-04,2026-09-04,True,cache/ocpf/search_items__8ce1627db051ff3b8c06.json,28603.5,355,cache/ocpf/search_items__2881b1691d4b42ae6c06.json,18837.88,254,True
d670b703f625daeb217d,2026-11-03,2026,State Senate,Worcester & Hampshire,Worcester & Hampshire,False,opp,sec-edbe7184cfdee6bf93f2,Peter J. Durant,15011,"Durant, Peter J.",surname,4,legislative-feed,,60d,2025-09-04,2026-09-04,True,cache/ocpf/search_items__d4bdbb2b7d3d002b8e75.json,47204.0,327,cache/ocpf/search_items__3c6569e62e6081dc0825.json,23910.07,115,True
