target_id,election_date,office,district,district_display,dem_candidate_id,dem_candidate_name,comparison_candidate_id,comparison_candidate_name,comparison_candidate_party,incumbent_status,PVI_N,pvi_year,redistricting_cycle,pvi_coverage,pvi_interpolated_share,pvi_provenance,ballot_timing,money_complete_60d,money_complete_14d,candidate_source,candidate_source_digest,candidate_data_as_of,pvi_source,pvi_source_digest,comparison_rule,comparison_review_status,dem_nominee_basis,dem_nominee_review_status,comparison_nominee_basis,comparison_nominee_review_status
9e9efe8e226394a814f9,2026-11-03,State Representative,Eighteenth Essex,18th Essex,sec-943a2af0669180fe8a3a,Connor A. Murray,sec-3bbfed178519fcf7af1e,Christopher C. Shepley,Republican,No_Incumbent,11.443967835989689,2024,2021,1,0.14568784973046517,2024_precinct_rollup_with_interpolation,midterm_gop_pres,True,False,ma-election-db 2026 primary candidate roster and final electionstats.state.ma.us primary results,sha256:6bd2af918345bb0e0a71a06e5b3c24a6266d183a1f3534b320c61de88ca8a4f5,2026-09-14T18:15:38Z,"2024 precinct PVI, 2021 precinct-district map, and national baseline",sha256:9f6c5da0acc806f58d72b10278502c3ccb704eccb67a1db2235c4e6702ea8159,republican_nominee_from_2026_primary,not_required_one_republican_nominee,uncontested_primary,not_required_uncontested_primary,final_primary_write_in_nominee,confirmed_final_primary_result_only
ca6bc1790b2328a0b83a,2026-11-03,State Representative,Eighteenth Worcester,18th Worcester,sec-b102324d7ed100f05b31,Jenifer Heck,sec-bb6d60a5c6410922a178,Joseph D. McKenna,Republican,GOP_Incumbent,-3.956984636479699,2024,2021,1,0,2024_precinct_rollup_exact_only,midterm_gop_pres,True,False,ma-election-db 2026 primary candidate roster and final electionstats.state.ma.us primary results,sha256:6bd2af918345bb0e0a71a06e5b3c24a6266d183a1f3534b320c61de88ca8a4f5,2026-09-14T18:15:38Z,"2024 precinct PVI, 2021 precinct-district map, and national baseline",sha256:9f6c5da0acc806f58d72b10278502c3ccb704eccb67a1db2235c4e6702ea8159,republican_nominee_from_2026_primary,not_required_one_republican_nominee,uncontested_primary,not_required_uncontested_primary,uncontested_primary,not_required_uncontested_primary
723b38ea01b0342e37ec,2026-11-03,State Representative,Eighth Bristol,8th Bristol,sec-55d39aa2cd6923ed9a1f,Steven J. Ouellette,sec-8d9c364f678fdc413944,Jesse W. St. Gelais,Republican,Dem_Incumbent,-4.081328565448505,2024,2021,1,0.333099263805391,2024_precinct_rollup_with_interpolation,midterm_gop_pres,True,False,ma-election-db 2026 primary candidate roster and final electionstats.state.ma.us primary results,sha256:6bd2af918345bb0e0a71a06e5b3c24a6266d183a1f3534b320c61de88ca8a4f5,2026-09-14T18:15:38Z,"2024 precinct PVI, 2021 precinct-district map, and national baseline",sha256:9f6c5da0acc806f58d72b10278502c3ccb704eccb67a1db2235c4e6702ea8159,republican_nominee_from_2026_primary,not_required_one_republican_nominee,uncontested_primary,not_required_uncontested_primary,final_primary_nominee,confirmed_final_primary
52bba433647b238bf94c,2026-11-03,State Representative,Eighth Plymouth,8th Plymouth,sec-257e29dc4cf72e7136b5,Dennis C. Gallagher,sec-451d59a45ef0a1620a85,John Edward Norris,Republican,Dem_Incumbent,-0.162208351773174,2024,2021,1,0,2024_precinct_rollup_exact_only,midterm_gop_pres,True,False,ma-election-db 2026 primary candidate roster and final electionstats.state.ma.us primary results,sha256:6bd2af918345bb0e0a71a06e5b3c24a6266d183a1f3534b320c61de88ca8a4f5,2026-09-14T18:15:38Z,"2024 precinct PVI, 2021 precinct-district map, and national baseline",sha256:9f6c5da0acc806f58d72b10278502c3ccb704eccb67a1db2235c4e6702ea8159,republican_nominee_from_2026_primary,not_required_one_republican_nominee,uncontested_primary,not_required_uncontested_primary,uncontested_primary,not_required_uncontested_primary
ba5f5523f7696283dd48,2026-11-03,State Representative,Fifteenth Essex,15th Essex,sec-193a94cbdf8437135465,Ryan M. Hamilton,sec-6e94b802692612ac2695,"Ronald L. Heiseler, III",Republican,Dem_Incumbent,2.998880287133776,2024,2021,1,0,2024_precinct_rollup_exact_only,midterm_gop_pres,True,False,ma-election-db 2026 primary candidate roster and final electionstats.state.ma.us primary results,sha256:6bd2af918345bb0e0a71a06e5b3c24a6266d183a1f3534b320c61de88ca8a4f5,2026-09-14T18:15:38Z,"2024 precinct PVI, 2021 precinct-district map, and national baseline",sha256:9f6c5da0acc806f58d72b10278502c3ccb704eccb67a1db2235c4e6702ea8159,republican_nominee_from_2026_primary,not_required_one_republican_nominee,uncontested_primary,not_required_uncontested_primary,uncontested_primary,not_required_uncontested_primary
203ca9e87030d133f6ba,2026-11-03,State Representative,Fifth Bristol,5th Bristol,sec-b87861875f52dd31cdb5,Jamison D. Souza,sec-2a322f332ad8d3ec596b,Justin E. Thurber,Republican,GOP_Incumbent,-1.878615740606693,2024,2021,1,0,2024_precinct_rollup_exact_only,midterm_gop_pres,True,False,ma-election-db 2026 primary candidate roster and final electionstats.state.ma.us primary results,sha256:6bd2af918345bb0e0a71a06e5b3c24a6266d183a1f3534b320c61de88ca8a4f5,2026-09-14T18:15:38Z,"2024 precinct PVI, 2021 precinct-district map, and national baseline",sha256:9f6c5da0acc806f58d72b10278502c3ccb704eccb67a1db2235c4e6702ea8159,republican_nominee_from_2026_primary,not_required_one_republican_nominee,uncontested_primary,not_required_uncontested_primary,uncontested_primary,not_required_uncontested_primary
d2871e550f60025e1300,2026-11-03,State Representative,Fifth Essex,5th Essex,sec-ca9f9ed63eed5255e26a,Andrew Francis Robert Tarr,sec-8131ec22b0c055b2aeb5,Christina Delisio,Republican,Dem_Incumbent,17.856161598505516,2024,2021,1,0,2024_precinct_rollup_exact_only,midterm_gop_pres,True,False,ma-election-db 2026 primary candidate roster and final electionstats.state.ma.us primary results,sha256:6bd2af918345bb0e0a71a06e5b3c24a6266d183a1f3534b320c61de88ca8a4f5,2026-09-14T18:15:38Z,"2024 precinct PVI, 2021 precinct-district map, and national baseline",sha256:9f6c5da0acc806f58d72b10278502c3ccb704eccb67a1db2235c4e6702ea8159,republican_nominee_from_2026_primary,not_required_one_republican_nominee,final_primary_nominee,confirmed_final_primary,uncontested_primary,not_required_uncontested_primary
0faa5e2a87ff944ebcb8,2026-11-03,State Representative,Fifth Middlesex,5th Middlesex,sec-5a5271b7b9c5b48b5872,David Paul Linsky,sec-fcb9c5ce3f66bbbdcee1,Luisa A. Cestari,Republican,Dem_Incumbent,25.65450121454077,2024,2021,1,0.084939232395548,2024_precinct_rollup_with_interpolation,midterm_gop_pres,True,False,ma-election-db 2026 primary candidate roster and final electionstats.state.ma.us primary results,sha256:6bd2af918345bb0e0a71a06e5b3c24a6266d183a1f3534b320c61de88ca8a4f5,2026-09-14T18:15:38Z,"2024 precinct PVI, 2021 precinct-district map, and national baseline",sha256:9f6c5da0acc806f58d72b10278502c3ccb704eccb67a1db2235c4e6702ea8159,republican_nominee_from_2026_primary,not_required_one_republican_nominee,uncontested_primary,not_required_uncontested_primary,uncontested_primary,not_required_uncontested_primary
49a9a96116424e8ab056,2026-11-03,State Representative,Fifth Plymouth,5th Plymouth,sec-6b0ea264870d748f72eb,Lori Childs,sec-334c6d07a2f429d33cd3,David F. DeCoste,Republican,GOP_Incumbent,1.356248003604821,2024,2021,1,0,2024_precinct_rollup_exact_only,midterm_gop_pres,True,False,ma-election-db 2026 primary candidate roster and final electionstats.state.ma.us primary results,sha256:6bd2af918345bb0e0a71a06e5b3c24a6266d183a1f3534b320c61de88ca8a4f5,2026-09-14T18:15:38Z,"2024 precinct PVI, 2021 precinct-district map, and national baseline",sha256:9f6c5da0acc806f58d72b10278502c3ccb704eccb67a1db2235c4e6702ea8159,republican_nominee_from_2026_primary,not_required_one_republican_nominee,uncontested_primary,not_required_uncontested_primary,uncontested_primary,not_required_uncontested_primary
ef6ac677052c19890d57,2026-11-03,State Representative,First Middlesex,1st Middlesex,sec-92a291b78446a790e2d8,Margaret R. Scarsdale,sec-c3c4726c5a6eff90c3d6,Christopher M. Lyons,Republican,Dem_Incumbent,4.868594216592303,2024,2021,1,0,2024_precinct_rollup_exact_only,midterm_gop_pres,True,False,ma-election-db 2026 primary candidate roster and final electionstats.state.ma.us primary results,sha256:6bd2af918345bb0e0a71a06e5b3c24a6266d183a1f3534b320c61de88ca8a4f5,2026-09-14T18:15:38Z,"2024 precinct PVI, 2021 precinct-district map, and national baseline",sha256:9f6c5da0acc806f58d72b10278502c3ccb704eccb67a1db2235c4e6702ea8159,republican_nominee_from_2026_primary,not_required_one_republican_nominee,uncontested_primary,not_required_uncontested_primary,final_primary_nominee,confirmed_final_primary
1707a8bfee545b787ce4,2026-11-03,State Representative,First Plymouth,1st Plymouth,sec-70d2fecff7bc5538902d,Michelle L. Badger,sec-3a0c4c7bb1dcf7ea0830,"David Michael Golden, Jr.",Republican,Dem_Incumbent,5.029637416612365,2024,2021,1,0,2024_precinct_rollup_exact_only,midterm_gop_pres,True,False,ma-election-db 2026 primary candidate roster and final electionstats.state.ma.us primary results,sha256:6bd2af918345bb0e0a71a06e5b3c24a6266d183a1f3534b320c61de88ca8a4f5,2026-09-14T18:15:38Z,"2024 precinct PVI, 2021 precinct-district map, and national baseline",sha256:9f6c5da0acc806f58d72b10278502c3ccb704eccb67a1db2235c4e6702ea8159,republican_nominee_from_2026_primary,not_required_one_republican_nominee,uncontested_primary,not_required_uncontested_primary,uncontested_primary,not_required_uncontested_primary
0df886b56e6d42e72e07,2026-11-03,State Representative,First Worcester,1st Worcester,sec-9f27fa90a396193ebc4c,Krista Suzanne Ferrante,sec-89de2dfece551990456c,Stephanie R. Mulroy,Republican,No_Incumbent,4.143640632776191,2024,2021,1,0,2024_precinct_rollup_exact_only,midterm_gop_pres,True,False,ma-election-db 2026 primary candidate roster and final electionstats.state.ma.us primary results,sha256:6bd2af918345bb0e0a71a06e5b3c24a6266d183a1f3534b320c61de88ca8a4f5,2026-09-14T18:15:38Z,"2024 precinct PVI, 2021 precinct-district map, and national baseline",sha256:9f6c5da0acc806f58d72b10278502c3ccb704eccb67a1db2235c4e6702ea8159,republican_nominee_from_2026_primary,not_required_one_republican_nominee,uncontested_primary,not_required_uncontested_primary,uncontested_primary,not_required_uncontested_primary
423456885bb439b866f9,2026-11-03,State Representative,Fourth Hampden,4th Hampden,sec-96412482065aafcfcb60,Colby Walshe Hoffman,sec-e482d96ea75172080e01,Kelly W. Pease,Republican,GOP_Incumbent,-0.393697508223978,2024,2021,1,0,2024_precinct_rollup_exact_only,midterm_gop_pres,True,False,ma-election-db 2026 primary candidate roster and final electionstats.state.ma.us primary results,sha256:6bd2af918345bb0e0a71a06e5b3c24a6266d183a1f3534b320c61de88ca8a4f5,2026-09-14T18:15:38Z,"2024 precinct PVI, 2021 precinct-district map, and national baseline",sha256:9f6c5da0acc806f58d72b10278502c3ccb704eccb67a1db2235c4e6702ea8159,republican_nominee_from_2026_primary,not_required_one_republican_nominee,uncontested_primary,not_required_uncontested_primary,uncontested_primary,not_required_uncontested_primary
7b5742574199d18bdef5,2026-11-03,State Representative,Fourth Worcester,4th Worcester,sec-22e763260248daef16cb,Natalie Marie Higgins,sec-d8efdc9b2de980ed075d,Josh William Bowdridge,Republican,Dem_Incumbent,6.120683687797746,2024,2021,1,0,2024_precinct_rollup_exact_only,midterm_gop_pres,True,False,ma-election-db 2026 primary candidate roster and final electionstats.state.ma.us primary results,sha256:6bd2af918345bb0e0a71a06e5b3c24a6266d183a1f3534b320c61de88ca8a4f5,2026-09-14T18:15:38Z,"2024 precinct PVI, 2021 precinct-district map, and national baseline",sha256:9f6c5da0acc806f58d72b10278502c3ccb704eccb67a1db2235c4e6702ea8159,republican_nominee_from_2026_primary,not_required_one_republican_nominee,uncontested_primary,not_required_uncontested_primary,uncontested_primary,not_required_uncontested_primary
d27433a10062d75ebbed,2026-11-03,State Representative,Ninth Bristol,9th Bristol,sec-2d4bffb09f3337f7f199,Edward M. Pacheco,sec-f80afd6a44dbcb3f3bab,Chester M. Tam,Republican,No_Incumbent,1.343134675416624,2024,2021,1,0.108736824538397,2024_precinct_rollup_with_interpolation,midterm_gop_pres,True,False,ma-election-db 2026 primary candidate roster and final electionstats.state.ma.us primary results,sha256:6bd2af918345bb0e0a71a06e5b3c24a6266d183a1f3534b320c61de88ca8a4f5,2026-09-14T18:15:38Z,"2024 precinct PVI, 2021 precinct-district map, and national baseline",sha256:9f6c5da0acc806f58d72b10278502c3ccb704eccb67a1db2235c4e6702ea8159,republican_nominee_from_2026_primary,not_required_one_republican_nominee,final_primary_nominee,confirmed_final_primary,final_primary_nominee,confirmed_final_primary
52e48f4c113ab6cb6422,2026-11-03,State Representative,Ninth Essex,9th Essex,sec-a5033704f59d98d5a443,Peter Meaney,sec-3b47460263ae63fb7eaf,Donald H. Wong,Republican,GOP_Incumbent,2.682168411354713,2024,2021,1,0,2024_precinct_rollup_exact_only,midterm_gop_pres,True,False,ma-election-db 2026 primary candidate roster and final electionstats.state.ma.us primary results,sha256:6bd2af918345bb0e0a71a06e5b3c24a6266d183a1f3534b320c61de88ca8a4f5,2026-09-14T18:15:38Z,"2024 precinct PVI, 2021 precinct-district map, and national baseline",sha256:9f6c5da0acc806f58d72b10278502c3ccb704eccb67a1db2235c4e6702ea8159,republican_nominee_from_2026_primary,not_required_one_republican_nominee,final_primary_nominee,confirmed_final_primary,uncontested_primary,not_required_uncontested_primary
ba8094e909c9d333ef66,2026-11-03,State Representative,Ninth Norfolk,9th Norfolk,sec-81c273861a66f1fc7f6e,Thomas R. Melville,sec-257e5abeba24efe7c7a4,Marcus S. Vaughn,Republican,GOP_Incumbent,7.435799743479055,2024,2021,1,0,2024_precinct_rollup_exact_only,midterm_gop_pres,True,False,ma-election-db 2026 primary candidate roster and final electionstats.state.ma.us primary results,sha256:6bd2af918345bb0e0a71a06e5b3c24a6266d183a1f3534b320c61de88ca8a4f5,2026-09-14T18:15:38Z,"2024 precinct PVI, 2021 precinct-district map, and national baseline",sha256:9f6c5da0acc806f58d72b10278502c3ccb704eccb67a1db2235c4e6702ea8159,republican_nominee_from_2026_primary,not_required_one_republican_nominee,uncontested_primary,not_required_uncontested_primary,uncontested_primary,not_required_uncontested_primary
d02efb0ecffec059daf7,2026-11-03,State Representative,Ninth Plymouth,9th Plymouth,sec-a05d434baa17ae83032d,Bridget Marie Plouffe,sec-dd914cf7bf56a026c1c8,Lawrence Peter Novak,Republican,Dem_Incumbent,9.182329322243065,2024,2021,1,0.260370442126846,2024_precinct_rollup_with_interpolation,midterm_gop_pres,True,False,ma-election-db 2026 primary candidate roster and final electionstats.state.ma.us primary results,sha256:6bd2af918345bb0e0a71a06e5b3c24a6266d183a1f3534b320c61de88ca8a4f5,2026-09-14T18:15:38Z,"2024 precinct PVI, 2021 precinct-district map, and national baseline",sha256:9f6c5da0acc806f58d72b10278502c3ccb704eccb67a1db2235c4e6702ea8159,republican_nominee_from_2026_primary,not_required_one_republican_nominee,uncontested_primary,not_required_uncontested_primary,uncontested_primary,not_required_uncontested_primary
f42b16bd5a6858a479d1,2026-11-03,State Representative,Second Essex,2nd Essex,sec-8a9d5d073dbe5e890726,Kristin Elena Kassner,sec-ed5be750593412630c68,Daniel James Kelly,Republican,Dem_Incumbent,10.99457169462127,2024,2021,1,0.295973209536176,2024_precinct_rollup_with_interpolation,midterm_gop_pres,True,False,ma-election-db 2026 primary candidate roster and final electionstats.state.ma.us primary results,sha256:6bd2af918345bb0e0a71a06e5b3c24a6266d183a1f3534b320c61de88ca8a4f5,2026-09-14T18:15:38Z,"2024 precinct PVI, 2021 precinct-district map, and national baseline",sha256:9f6c5da0acc806f58d72b10278502c3ccb704eccb67a1db2235c4e6702ea8159,republican_nominee_from_2026_primary,not_required_one_republican_nominee,uncontested_primary,not_required_uncontested_primary,uncontested_primary,not_required_uncontested_primary
093aa84b6cef83f21486,2026-11-03,State Representative,Second Hampden,2nd Hampden,sec-95876d788b18b42fd57b,Brian Michael Ashe,sec-7883b44428f7a015d6a8,Peter Warren,Republican,Dem_Incumbent,5.228119135258824,2024,2021,1,0,2024_precinct_rollup_exact_only,midterm_gop_pres,True,False,ma-election-db 2026 primary candidate roster and final electionstats.state.ma.us primary results,sha256:6bd2af918345bb0e0a71a06e5b3c24a6266d183a1f3534b320c61de88ca8a4f5,2026-09-14T18:15:38Z,"2024 precinct PVI, 2021 precinct-district map, and national baseline",sha256:9f6c5da0acc806f58d72b10278502c3ccb704eccb67a1db2235c4e6702ea8159,republican_nominee_from_2026_primary,not_required_one_republican_nominee,uncontested_primary,not_required_uncontested_primary,uncontested_primary,not_required_uncontested_primary
a95c78c7b5c43a4dcc42,2026-11-03,State Representative,Second Norfolk,2nd Norfolk,sec-da4e2c93dd52867830a0,Tackey Chan,sec-a1c27c451d70f7eca26e,Sharon Marie Cintolo,Republican,Dem_Incumbent,15.204150192062936,2024,2021,1,0,2024_precinct_rollup_exact_only,midterm_gop_pres,True,False,ma-election-db 2026 primary candidate roster and final electionstats.state.ma.us primary results,sha256:6bd2af918345bb0e0a71a06e5b3c24a6266d183a1f3534b320c61de88ca8a4f5,2026-09-14T18:15:38Z,"2024 precinct PVI, 2021 precinct-district map, and national baseline",sha256:9f6c5da0acc806f58d72b10278502c3ccb704eccb67a1db2235c4e6702ea8159,republican_nominee_from_2026_primary,not_required_one_republican_nominee,uncontested_primary,not_required_uncontested_primary,uncontested_primary,not_required_uncontested_primary
d1f8fdaa64ca40723b27,2026-11-03,State Representative,Second Plymouth,2nd Plymouth,sec-9bd8a3afb6e6c410939c,Sarah G. Hewins,sec-c7ac6e2f4795f31c599d,John Robert Gaskey,Republican,GOP_Incumbent,-1.824453091888806,2024,2021,1,0,2024_precinct_rollup_exact_only,midterm_gop_pres,True,False,ma-election-db 2026 primary candidate roster and final electionstats.state.ma.us primary results,sha256:6bd2af918345bb0e0a71a06e5b3c24a6266d183a1f3534b320c61de88ca8a4f5,2026-09-14T18:15:38Z,"2024 precinct PVI, 2021 precinct-district map, and national baseline",sha256:9f6c5da0acc806f58d72b10278502c3ccb704eccb67a1db2235c4e6702ea8159,republican_nominee_from_2026_primary,not_required_one_republican_nominee,uncontested_primary,not_required_uncontested_primary,final_primary_nominee,confirmed_final_primary
c9dec6cb90f7f452c3fe,2026-11-03,State Representative,Seventh Bristol,7th Bristol,sec-6f62dba6886c894d5e2b,Alan Silvia,sec-c5a631b96aa73f5e23b3,Talos D. Farris,Republican,Dem_Incumbent,0.550409256200601,2024,2021,1,0.387295084464317,2024_precinct_rollup_with_interpolation,midterm_gop_pres,True,False,ma-election-db 2026 primary candidate roster and final electionstats.state.ma.us primary results,sha256:6bd2af918345bb0e0a71a06e5b3c24a6266d183a1f3534b320c61de88ca8a4f5,2026-09-14T18:15:38Z,"2024 precinct PVI, 2021 precinct-district map, and national baseline",sha256:9f6c5da0acc806f58d72b10278502c3ccb704eccb67a1db2235c4e6702ea8159,republican_nominee_from_2026_primary,not_required_one_republican_nominee,uncontested_primary,not_required_uncontested_primary,uncontested_primary,not_required_uncontested_primary
aedc3f1ee3127619b8ca,2026-11-03,State Representative,Seventh Plymouth,7th Plymouth,sec-33e7bb3718ca4c4cfc5f,Rosemary Aahanna-Hill,sec-f9bcc4def7582a02ab35,Alyson M. Sullivan-Almeida,Republican,GOP_Incumbent,-0.26123607103129,2024,2021,1,0,2024_precinct_rollup_exact_only,midterm_gop_pres,True,False,ma-election-db 2026 primary candidate roster and final electionstats.state.ma.us primary results,sha256:6bd2af918345bb0e0a71a06e5b3c24a6266d183a1f3534b320c61de88ca8a4f5,2026-09-14T18:15:38Z,"2024 precinct PVI, 2021 precinct-district map, and national baseline",sha256:9f6c5da0acc806f58d72b10278502c3ccb704eccb67a1db2235c4e6702ea8159,republican_nominee_from_2026_primary,not_required_one_republican_nominee,uncontested_primary,not_required_uncontested_primary,uncontested_primary,not_required_uncontested_primary
099db511f8d0c2e3caaf,2026-11-03,State Representative,Seventh Worcester,7th Worcester,sec-162cd9f82c481220e8b9,Nicholas Lazzaro,sec-871b8ec8fbcfdd83d550,Paul K. Frost,Republican,GOP_Incumbent,0.769330946971325,2024,2021,1,0,2024_precinct_rollup_exact_only,midterm_gop_pres,True,False,ma-election-db 2026 primary candidate roster and final electionstats.state.ma.us primary results,sha256:6bd2af918345bb0e0a71a06e5b3c24a6266d183a1f3534b320c61de88ca8a4f5,2026-09-14T18:15:38Z,"2024 precinct PVI, 2021 precinct-district map, and national baseline",sha256:9f6c5da0acc806f58d72b10278502c3ccb704eccb67a1db2235c4e6702ea8159,republican_nominee_from_2026_primary,not_required_one_republican_nominee,uncontested_primary,not_required_uncontested_primary,uncontested_primary,not_required_uncontested_primary
25923f748fac83e2fc64,2026-11-03,State Representative,Sixteenth Middlesex,16th Middlesex,sec-42ca470b964d52f1da30,Lorena G. Betts,sec-1dddcd2af6e751814b62,Karla J. Miller,Republican,No_Incumbent,12.685195955352558,2024,2021,1,0.604937565642488,2024_precinct_rollup_with_interpolation,midterm_gop_pres,True,False,ma-election-db 2026 primary candidate roster and final electionstats.state.ma.us primary results,sha256:6bd2af918345bb0e0a71a06e5b3c24a6266d183a1f3534b320c61de88ca8a4f5,2026-09-14T18:15:38Z,"2024 precinct PVI, 2021 precinct-district map, and national baseline",sha256:9f6c5da0acc806f58d72b10278502c3ccb704eccb67a1db2235c4e6702ea8159,republican_nominee_from_2026_primary,not_required_one_republican_nominee,final_primary_nominee,confirmed_final_primary,uncontested_primary,not_required_uncontested_primary
032709efd72c30ac75e8,2026-11-03,State Representative,Sixth Bristol,6th Bristol,sec-54e437fb5f52cfd4145f,Carole A. Fiola,sec-21402864082d929afd1a,Robert G. Anctil,Republican,Dem_Incumbent,3.061737498393524,2024,2021,1,0.525674644786094,2024_precinct_rollup_with_interpolation,midterm_gop_pres,True,False,ma-election-db 2026 primary candidate roster and final electionstats.state.ma.us primary results,sha256:6bd2af918345bb0e0a71a06e5b3c24a6266d183a1f3534b320c61de88ca8a4f5,2026-09-14T18:15:38Z,"2024 precinct PVI, 2021 precinct-district map, and national baseline",sha256:9f6c5da0acc806f58d72b10278502c3ccb704eccb67a1db2235c4e6702ea8159,republican_nominee_from_2026_primary,not_required_one_republican_nominee,uncontested_primary,not_required_uncontested_primary,uncontested_primary,not_required_uncontested_primary
e9b017cf1af95cfd33d9,2026-11-03,State Representative,Sixth Plymouth,6th Plymouth,sec-bde430b86971f2b8c85c,Jessica Marie Rushing,sec-3395d80f5261bf569b59,Kenneth Peter Sweezey,Republican,GOP_Incumbent,3.965481111090774,2024,2021,1,0,2024_precinct_rollup_exact_only,midterm_gop_pres,True,False,ma-election-db 2026 primary candidate roster and final electionstats.state.ma.us primary results,sha256:6bd2af918345bb0e0a71a06e5b3c24a6266d183a1f3534b320c61de88ca8a4f5,2026-09-14T18:15:38Z,"2024 precinct PVI, 2021 precinct-district map, and national baseline",sha256:9f6c5da0acc806f58d72b10278502c3ccb704eccb67a1db2235c4e6702ea8159,republican_nominee_from_2026_primary,not_required_one_republican_nominee,uncontested_primary,not_required_uncontested_primary,uncontested_primary,not_required_uncontested_primary
e9bb91441b70f7f7f934,2026-11-03,State Representative,Sixth Worcester,6th Worcester,sec-3b702091394487833533,Jeanne Renaud Costello,sec-797cf202d20ce2e85fab,"John J. Marsi, Jr.",Republican,GOP_Incumbent,-2.472545046727415,2024,2021,1,0,2024_precinct_rollup_exact_only,midterm_gop_pres,True,False,ma-election-db 2026 primary candidate roster and final electionstats.state.ma.us primary results,sha256:6bd2af918345bb0e0a71a06e5b3c24a6266d183a1f3534b320c61de88ca8a4f5,2026-09-14T18:15:38Z,"2024 precinct PVI, 2021 precinct-district map, and national baseline",sha256:9f6c5da0acc806f58d72b10278502c3ccb704eccb67a1db2235c4e6702ea8159,republican_nominee_from_2026_primary,not_required_one_republican_nominee,uncontested_primary,not_required_uncontested_primary,uncontested_primary,not_required_uncontested_primary
9787c5be19cfa1dd5dbf,2026-11-03,State Representative,Tenth Bristol,10th Bristol,sec-7b48d030191b62f98a73,Mark D. Sylvia,sec-72824526342b709b8ebd,Brendalee A. Smith,Republican,Dem_Incumbent,2.367992444495015,2024,2021,1,0,2024_precinct_rollup_exact_only,midterm_gop_pres,True,False,ma-election-db 2026 primary candidate roster and final electionstats.state.ma.us primary results,sha256:6bd2af918345bb0e0a71a06e5b3c24a6266d183a1f3534b320c61de88ca8a4f5,2026-09-14T18:15:38Z,"2024 precinct PVI, 2021 precinct-district map, and national baseline",sha256:9f6c5da0acc806f58d72b10278502c3ccb704eccb67a1db2235c4e6702ea8159,republican_nominee_from_2026_primary,not_required_one_republican_nominee,uncontested_primary,not_required_uncontested_primary,final_primary_write_in_nominee,confirmed_final_primary_result_only
2df1d2ecdae63cf48753,2026-11-03,State Representative,Third Barnstable,3rd Barnstable,sec-668ab351701f142e5760,Jack Peter Richardson,sec-9f597820fab6841db4b1,David T. Vieira,Republican,GOP_Incumbent,8.990652169160962,2024,2021,1,0,2024_precinct_rollup_exact_only,midterm_gop_pres,True,False,ma-election-db 2026 primary candidate roster and final electionstats.state.ma.us primary results,sha256:6bd2af918345bb0e0a71a06e5b3c24a6266d183a1f3534b320c61de88ca8a4f5,2026-09-14T18:15:38Z,"2024 precinct PVI, 2021 precinct-district map, and national baseline",sha256:9f6c5da0acc806f58d72b10278502c3ccb704eccb67a1db2235c4e6702ea8159,republican_nominee_from_2026_primary,not_required_one_republican_nominee,uncontested_primary,not_required_uncontested_primary,uncontested_primary,not_required_uncontested_primary
11407261b9509437f850,2026-11-03,State Representative,Third Bristol,3rd Bristol,sec-ab2e9138bc4836eb98c1,Lisa M. Field,sec-7d220d22bbdfbd43d2ec,Lawrence Joseph Quintal,Republican,Dem_Incumbent,4.911678476219961,2024,2021,1,0.13562640763944,2024_precinct_rollup_with_interpolation,midterm_gop_pres,True,False,ma-election-db 2026 primary candidate roster and final electionstats.state.ma.us primary results,sha256:6bd2af918345bb0e0a71a06e5b3c24a6266d183a1f3534b320c61de88ca8a4f5,2026-09-14T18:15:38Z,"2024 precinct PVI, 2021 precinct-district map, and national baseline",sha256:9f6c5da0acc806f58d72b10278502c3ccb704eccb67a1db2235c4e6702ea8159,republican_nominee_from_2026_primary,not_required_one_republican_nominee,final_primary_nominee,confirmed_final_primary,uncontested_primary,not_required_uncontested_primary
4fb8ac744f4929106f85,2026-11-03,State Representative,Third Hampden,3rd Hampden,sec-436cbb7aa99a60be7e1f,Thomas D. Hendrickson,sec-eb5008c651a760c7b732,Nicholas A. Boldyga,Republican,GOP_Incumbent,-5.614496466112351,2024,2021,1,0,2024_precinct_rollup_exact_only,midterm_gop_pres,True,False,ma-election-db 2026 primary candidate roster and final electionstats.state.ma.us primary results,sha256:6bd2af918345bb0e0a71a06e5b3c24a6266d183a1f3534b320c61de88ca8a4f5,2026-09-14T18:15:38Z,"2024 precinct PVI, 2021 precinct-district map, and national baseline",sha256:9f6c5da0acc806f58d72b10278502c3ccb704eccb67a1db2235c4e6702ea8159,republican_nominee_from_2026_primary,not_required_one_republican_nominee,uncontested_primary,not_required_uncontested_primary,uncontested_primary,not_required_uncontested_primary
1f2f34f1049492ce8c81,2026-11-03,State Representative,Thirty-Fifth Middlesex,35th Middlesex,sec-4b494f8d4055e158a627,Paul J. Donato,sec-7a377f2bf3b331f86c96,James C. Seibel,Republican,Dem_Incumbent,20.743642438188324,2024,2021,1,0,2024_precinct_rollup_exact_only,midterm_gop_pres,True,False,ma-election-db 2026 primary candidate roster and final electionstats.state.ma.us primary results,sha256:6bd2af918345bb0e0a71a06e5b3c24a6266d183a1f3534b320c61de88ca8a4f5,2026-09-14T18:15:38Z,"2024 precinct PVI, 2021 precinct-district map, and national baseline",sha256:9f6c5da0acc806f58d72b10278502c3ccb704eccb67a1db2235c4e6702ea8159,republican_nominee_from_2026_primary,not_required_one_republican_nominee,uncontested_primary,not_required_uncontested_primary,uncontested_primary,not_required_uncontested_primary
69bd7a87a9a70c609d64,2026-11-03,State Representative,Thirty-First Middlesex,31st Middlesex,sec-c46e93db0bb2c1e8a818,Michael Seamus Day,sec-1bf259731445bc3e59f8,Stephen G. Ternullo,Republican,Dem_Incumbent,14.88095383836776,2024,2021,1,0,2024_precinct_rollup_exact_only,midterm_gop_pres,True,False,ma-election-db 2026 primary candidate roster and final electionstats.state.ma.us primary results,sha256:6bd2af918345bb0e0a71a06e5b3c24a6266d183a1f3534b320c61de88ca8a4f5,2026-09-14T18:15:38Z,"2024 precinct PVI, 2021 precinct-district map, and national baseline",sha256:9f6c5da0acc806f58d72b10278502c3ccb704eccb67a1db2235c4e6702ea8159,republican_nominee_from_2026_primary,not_required_one_republican_nominee,uncontested_primary,not_required_uncontested_primary,uncontested_primary,not_required_uncontested_primary
5925d2b7aa0dece5f4a8,2026-11-03,State Representative,Twelfth Plymouth,12th Plymouth,sec-f7ec646f3a8ceaaf9cab,Kathleen LaNatra,sec-ac995cb7e71e9e0804b2,Eric J. Meschino,Republican,Dem_Incumbent,2.048675776805742,2024,2021,1,0,2024_precinct_rollup_exact_only,midterm_gop_pres,True,False,ma-election-db 2026 primary candidate roster and final electionstats.state.ma.us primary results,sha256:6bd2af918345bb0e0a71a06e5b3c24a6266d183a1f3534b320c61de88ca8a4f5,2026-09-14T18:15:38Z,"2024 precinct PVI, 2021 precinct-district map, and national baseline",sha256:9f6c5da0acc806f58d72b10278502c3ccb704eccb67a1db2235c4e6702ea8159,republican_nominee_from_2026_primary,not_required_one_republican_nominee,uncontested_primary,not_required_uncontested_primary,uncontested_primary,not_required_uncontested_primary
fd66d4b4f61f04e9154c,2026-11-03,State Representative,Twelfth Worcester,12th Worcester,sec-6caee451bf3cd4bf6798,Meghan Kilcoyne,sec-d59ad5298a60b5ecaa6a,Lisa K. Mair,Republican,Dem_Incumbent,7.698377355392228,2024,2021,1,0,2024_precinct_rollup_exact_only,midterm_gop_pres,True,False,ma-election-db 2026 primary candidate roster and final electionstats.state.ma.us primary results,sha256:6bd2af918345bb0e0a71a06e5b3c24a6266d183a1f3534b320c61de88ca8a4f5,2026-09-14T18:15:38Z,"2024 precinct PVI, 2021 precinct-district map, and national baseline",sha256:9f6c5da0acc806f58d72b10278502c3ccb704eccb67a1db2235c4e6702ea8159,republican_nominee_from_2026_primary,not_required_one_republican_nominee,uncontested_primary,not_required_uncontested_primary,uncontested_primary,not_required_uncontested_primary
1d866a7a82de04b4e82a,2026-11-03,State Representative,Twentieth Middlesex,20th Middlesex,sec-22d2e21b43e5811cda31,Joseph Markey,sec-bc2a0e83c841035c424e,Trevor David Currier,Republican,No_Incumbent,4.31878782092453,2024,2021,1,0,2024_precinct_rollup_exact_only,midterm_gop_pres,True,False,ma-election-db 2026 primary candidate roster and final electionstats.state.ma.us primary results,sha256:6bd2af918345bb0e0a71a06e5b3c24a6266d183a1f3534b320c61de88ca8a4f5,2026-09-14T18:15:38Z,"2024 precinct PVI, 2021 precinct-district map, and national baseline",sha256:9f6c5da0acc806f58d72b10278502c3ccb704eccb67a1db2235c4e6702ea8159,republican_nominee_from_2026_primary,not_required_one_republican_nominee,uncontested_primary,not_required_uncontested_primary,uncontested_primary,not_required_uncontested_primary
109e36fbca1fe5c1d37c,2026-11-03,State Representative,Twenty-Second Middlesex,22nd Middlesex,sec-e5e6aeb61bf96529ccdd,Daniel Ronald Darris-O'Connor,sec-8f73c539e57b3c2256e4,Marc T. Lombardo,Republican,GOP_Incumbent,2.357880687193137,2024,2021,1,0.08983798420718,2024_precinct_rollup_with_interpolation,midterm_gop_pres,True,False,ma-election-db 2026 primary candidate roster and final electionstats.state.ma.us primary results,sha256:6bd2af918345bb0e0a71a06e5b3c24a6266d183a1f3534b320c61de88ca8a4f5,2026-09-14T18:15:38Z,"2024 precinct PVI, 2021 precinct-district map, and national baseline",sha256:9f6c5da0acc806f58d72b10278502c3ccb704eccb67a1db2235c4e6702ea8159,republican_nominee_from_2026_primary,not_required_one_republican_nominee,uncontested_primary,not_required_uncontested_primary,uncontested_primary,not_required_uncontested_primary
dedd55fd3818cc4ab964,2026-11-03,State Senate,First Bristol and Plymouth,1st Bristol and Plymouth,sec-f7f7e8c0d1dc0aa3746f,Michael J. Rodrigues,sec-06153b6bd9454aed5d41,Gabriel Boomer Amaral,Republican,Dem_Incumbent,-1.453258247202699,2024,2021,1,0.268208663823552,2024_precinct_rollup_with_interpolation,midterm_gop_pres,True,False,ma-election-db 2026 primary candidate roster and final electionstats.state.ma.us primary results,sha256:6bd2af918345bb0e0a71a06e5b3c24a6266d183a1f3534b320c61de88ca8a4f5,2026-09-14T18:15:38Z,"2024 precinct PVI, 2021 precinct-district map, and national baseline",sha256:9f6c5da0acc806f58d72b10278502c3ccb704eccb67a1db2235c4e6702ea8159,republican_nominee_from_2026_primary,not_required_one_republican_nominee,uncontested_primary,not_required_uncontested_primary,final_primary_nominee,confirmed_final_primary
673ee4afb4af88349f8f,2026-11-03,State Senate,First Middlesex,1st Middlesex,sec-2ee23eec1baeca00781a,Vanna Howard,sec-2bf4d1a3a0c2743f7adc,Sam Meas,Republican,Dem_Incumbent,7.264321657549033,2024,2021,0.982758620689655,0.408657300870403,2024_precinct_rollup_with_interpolation,midterm_gop_pres,True,False,ma-election-db 2026 primary candidate roster and final electionstats.state.ma.us primary results,sha256:6bd2af918345bb0e0a71a06e5b3c24a6266d183a1f3534b320c61de88ca8a4f5,2026-09-14T18:15:38Z,"2024 precinct PVI, 2021 precinct-district map, and national baseline",sha256:9f6c5da0acc806f58d72b10278502c3ccb704eccb67a1db2235c4e6702ea8159,republican_nominee_from_2026_primary,not_required_one_republican_nominee,uncontested_primary,not_required_uncontested_primary,uncontested_primary,not_required_uncontested_primary
c8a5a337721b8a2f5455,2026-11-03,State Senate,Middlesex and Worcester,Middlesex and Worcester,sec-3663be8a49eee1c98d00,James Bradley Eldridge,sec-51351c5238326f9a7a48,Joseph Timothy Shea,Republican,Dem_Incumbent,21.465937434591666,2024,2021,1,0.095122471579076,2024_precinct_rollup_with_interpolation,midterm_gop_pres,True,False,ma-election-db 2026 primary candidate roster and final electionstats.state.ma.us primary results,sha256:6bd2af918345bb0e0a71a06e5b3c24a6266d183a1f3534b320c61de88ca8a4f5,2026-09-14T18:15:38Z,"2024 precinct PVI, 2021 precinct-district map, and national baseline",sha256:9f6c5da0acc806f58d72b10278502c3ccb704eccb67a1db2235c4e6702ea8159,republican_nominee_from_2026_primary,not_required_one_republican_nominee,uncontested_primary,not_required_uncontested_primary,uncontested_primary,not_required_uncontested_primary
ed115fe2e2fa5e14c447,2026-11-03,State Senate,Plymouth and Barnstable,Plymouth and Barnstable,sec-890b9d3e7b1d2fbc5d98,Dylan A. Fernandes,sec-d76305227ae0877ff23e,Kari Della MacRae,Republican,Dem_Incumbent,6.098873915874359,2024,2021,1,0,2024_precinct_rollup_exact_only,midterm_gop_pres,True,False,ma-election-db 2026 primary candidate roster and final electionstats.state.ma.us primary results,sha256:6bd2af918345bb0e0a71a06e5b3c24a6266d183a1f3534b320c61de88ca8a4f5,2026-09-14T18:15:38Z,"2024 precinct PVI, 2021 precinct-district map, and national baseline",sha256:9f6c5da0acc806f58d72b10278502c3ccb704eccb67a1db2235c4e6702ea8159,republican_nominee_from_2026_primary,not_required_one_republican_nominee,uncontested_primary,not_required_uncontested_primary,uncontested_primary,not_required_uncontested_primary
cb3e41e75feb8da26c55,2026-11-03,State Senate,Second Bristol and Plymouth,2nd Bristol and Plymouth,sec-feb2462fdf741fc9e402,Mark C.W. Montigny,sec-e3153cb13119e7f30a4e,Robert Scott McConnell,Republican,Dem_Incumbent,3.935097213506156,2024,2021,1,0.032852966672429,2024_precinct_rollup_with_interpolation,midterm_gop_pres,True,False,ma-election-db 2026 primary candidate roster and final electionstats.state.ma.us primary results,sha256:6bd2af918345bb0e0a71a06e5b3c24a6266d183a1f3534b320c61de88ca8a4f5,2026-09-14T18:15:38Z,"2024 precinct PVI, 2021 precinct-district map, and national baseline",sha256:9f6c5da0acc806f58d72b10278502c3ccb704eccb67a1db2235c4e6702ea8159,republican_nominee_from_2026_primary,not_required_one_republican_nominee,uncontested_primary,not_required_uncontested_primary,uncontested_primary,not_required_uncontested_primary
b3bfd8e4226df232228e,2026-11-03,State Senate,Second Essex and Middlesex,2nd Essex and Middlesex,sec-be4e0df88996ff3c931d,Barry R. Finegold,sec-a27ae594d105abb365a5,Theodore T. Semesnyei,Republican,Dem_Incumbent,8.130058562708086,2024,2021,1,0.067412968545668,2024_precinct_rollup_with_interpolation,midterm_gop_pres,True,False,ma-election-db 2026 primary candidate roster and final electionstats.state.ma.us primary results,sha256:6bd2af918345bb0e0a71a06e5b3c24a6266d183a1f3534b320c61de88ca8a4f5,2026-09-14T18:15:38Z,"2024 precinct PVI, 2021 precinct-district map, and national baseline",sha256:9f6c5da0acc806f58d72b10278502c3ccb704eccb67a1db2235c4e6702ea8159,republican_nominee_from_2026_primary,not_required_one_republican_nominee,uncontested_primary,not_required_uncontested_primary,uncontested_primary,not_required_uncontested_primary
d670b703f625daeb217d,2026-11-03,State Senate,Worcester & Hampshire,Worcester & Hampshire,sec-2d43e90784a1123f91cc,Shannon M. Teabo,sec-edbe7184cfdee6bf93f2,Peter J. Durant,Republican,GOP_Incumbent,1.03438558053871,2024,2021,1,0.092258279027175,2024_precinct_rollup_with_interpolation,midterm_gop_pres,True,False,ma-election-db 2026 primary candidate roster and final electionstats.state.ma.us primary results,sha256:6bd2af918345bb0e0a71a06e5b3c24a6266d183a1f3534b320c61de88ca8a4f5,2026-09-14T18:15:38Z,"2024 precinct PVI, 2021 precinct-district map, and national baseline",sha256:9f6c5da0acc806f58d72b10278502c3ccb704eccb67a1db2235c4e6702ea8159,republican_nominee_from_2026_primary,not_required_one_republican_nominee,uncontested_primary,not_required_uncontested_primary,uncontested_primary,not_required_uncontested_primary
